{"type":"FeatureCollection","features":[{"type":"Feature","properties":{"id":"fr-ara","name_fr":"Auvergne-Rhône-Alpes","name_en":"Auvergne-Rhône-Alpes","kind":"region","country":"fr","bbox":[2.0249,44.0892,7.2237,46.8305],"margin_m":3000,"source":"Contours administratifs 2025, data.gouv.fr (IGN Admin Express, OpenStreetMap), ODbL"},"geometry":{"type":"Polygon","coordinates":[[[2.0525,44.9131],[2.0249,44.9763],[2.0345,44.9946],[2.0815,45.011],[2.0585,45.0488],[2.0624,45.0697],[2.1059,45.1018],[2.1418,45.1133],[2.1419,45.1421],[2.1705,45.1624],[2.1516,45.201],[2.1565,45.2343],[2.1904,45.254],[2.2435,45.3102],[2.2691,45.3171],[2.2866,45.3392],[2.3131,45.3502],[2.3268,45.3697],[2.3113,45.4091],[2.3226,45.4314],[2.3398,45.4398],[2.3768,45.4425],[2.4502,45.4164],[2.4759,45.5333],[2.4227,45.5963],[2.4473,45.6479],[2.475,45.6679],[2.4811,45.7018],[2.4032,45.7521],[2.3912,45.7793],[2.3559,45.8104],[2.3504,45.8326],[2.3737,45.8563],[2.4042,45.8654],[2.4196,45.8877],[2.4669,45.8989],[2.5036,45.9196],[2.5179,45.955],[2.5352,45.9748],[2.5572,45.9838],[2.5605,46.0202],[2.5435,46.0292],[2.5131,46.0787],[2.5093,46.1154],[2.5231,46.1526],[2.4939,46.1723],[2.4755,46.223],[2.4573,46.2324],[2.4413,46.2599],[2.4036,46.2605],[2.379,46.2861],[2.3524,46.2856],[2.2988,46.3072],[2.266,46.332],[2.265,46.3613],[2.2474,46.3786],[2.2386,46.4111],[2.248,46.4609],[2.3078,46.5207],[2.3444,46.5407],[2.4793,46.5596],[2.5418,46.5551],[2.5648,46.5664],[2.5293,46.6094],[2.5451,46.6302],[2.5283,46.6543],[2.5378,46.674],[2.5847,46.6942],[2.6026,46.7125],[2.6368,46.7208],[2.6875,46.7644],[2.7351,46.7751],[2.7711,46.7564],[2.818,46.7623],[2.8984,46.816],[2.9501,46.8305],[3.0256,46.8264],[3.0587,46.8148],[3.0791,46.7762],[3.103,46.7616],[3.1589,46.7453],[3.1973,46.7124],[3.2566,46.7422],[3.3165,46.7412],[3.3362,46.7279],[3.3402,46.714],[3.3532,46.7328],[3.3988,46.7416],[3.4592,46.7333],[3.487,46.7029],[3.5101,46.7117],[3.5113,46.7327],[3.537,46.7481],[3.5394,46.76],[3.5678,46.7842],[3.6009,46.7894],[3.6475,46.7753],[3.6674,46.7564],[3.6896,46.7069],[3.7572,46.6405],[3.776,46.6061],[3.7816,46.5649],[3.8087,46.5525],[3.8315,46.5583],[3.8601,46.5541],[3.9001,46.5211],[3.9759,46.5147],[4.0368,46.4726],[4.0444,46.4397],[4.0195,46.3922],[4.0303,46.3728],[4.0265,46.3493],[4.041,46.3373],[4.0397,46.3157],[4.0126,46.2933],[3.9795,46.2884],[3.9452,46.2709],[3.9439,46.2328],[4.0007,46.2215],[4.0118,46.199],[4.1008,46.2255],[4.1175,46.2239],[4.1524,46.2038],[4.1665,46.2137],[4.2128,46.2216],[4.2954,46.2004],[4.3291,46.2116],[4.3476,46.2297],[4.3477,46.2535],[4.3731,46.3106],[4.423,46.3296],[4.4768,46.3209],[4.5195,46.3038],[4.5451,46.3201],[4.5708,46.3212],[4.5999,46.3094],[4.6214,46.3256],[4.6918,46.332],[4.7219,46.3209],[4.744,46.2941],[4.7456,46.2652],[4.77,46.2462],[4.7751,46.2706],[4.8142,46.335],[4.8152,46.3657],[4.8493,46.4107],[4.8563,46.4527],[4.8766,46.4727],[4.8773,46.4945],[4.9036,46.5299],[4.9314,46.5411],[5.0272,46.5356],[5.0612,46.5146],[5.1594,46.5443],[5.2145,46.5338],[5.238,46.5182],[5.2542,46.4863],[5.3425,46.4644],[5.3625,46.424],[5.4079,46.3978],[5.4131,46.3731],[5.4487,46.3684],[5.4643,46.3504],[5.5034,46.3341],[5.5138,46.3114],[5.5077,46.2952],[5.5184,46.2932],[5.5398,46.3142],[5.5691,46.3202],[5.5873,46.3475],[5.6431,46.3718],[5.6712,46.3637],[5.7088,46.3371],[5.7375,46.3308],[5.7578,46.2938],[5.8351,46.2892],[5.9199,46.3398],[5.9527,46.3799],[6.0045,46.4084],[6.0335,46.438],[6.0657,46.4446],[6.109,46.4348],[6.1846,46.3998],[6.2023,46.3827],[6.2067,46.3571],[6.1593,46.3045],[6.1507,46.2805],[6.1634,46.2513],[6.1552,46.2347],[6.1163,46.2126],[6.0802,46.2156],[6.0352,46.2057],[6.0255,46.1993],[6.0314,46.1737],[6.0969,46.1787],[6.1226,46.1694],[6.148,46.1802],[6.1526,46.1928],[6.1865,46.2152],[6.2326,46.2331],[6.2002,46.2703],[6.2076,46.3144],[6.2506,46.3689],[6.2903,46.3917],[6.3482,46.397],[6.3851,46.3777],[6.4445,46.3949],[6.4768,46.423],[6.5189,46.4316],[6.5497,46.4233],[6.7236,46.4347],[6.8222,46.4178],[6.8405,46.4019],[6.8454,46.3818],[6.8238,46.3517],[6.8943,46.302],[6.9036,46.283],[6.8864,46.2389],[6.8452,46.2014],[6.8512,46.1784],[6.8386,46.1598],[6.8969,46.1521],[6.9309,46.1368],[6.9286,46.0922],[6.9629,46.0841],[7.0186,46.0261],[7.0396,46.0152],[7.074,45.9612],[7.0821,45.9261],[7.0705,45.9038],[7.0448,45.891],[7.0373,45.8676],[7.0182,45.8492],[6.9777,45.8383],[6.9542,45.8221],[6.9051,45.8147],[6.8842,45.8005],[6.8507,45.8013],[6.8425,45.7785],[6.8531,45.7304],[6.8774,45.7097],[6.9264,45.7022],[6.9447,45.6789],[6.9894,45.6775],[7.0318,45.6563],[7.04,45.6313],[7.0201,45.5966],[7.0337,45.5779],[7.0332,45.5374],[7.042,45.5241],[7.0662,45.5208],[7.098,45.4981],[7.1298,45.489],[7.1499,45.4516],[7.2065,45.4292],[7.2237,45.406],[7.2004,45.3523],[7.1571,45.3092],[7.1742,45.2772],[7.1757,45.2549],[7.1633,45.2349],[7.0838,45.1841],[7.0406,45.1908],[7.001,45.1845],[6.9784,45.1549],[6.9354,45.1411],[6.9313,45.1278],[6.907,45.1117],[6.8422,45.1006],[6.7809,45.1272],[6.7494,45.1105],[6.7083,45.1148],[6.6924,45.1014],[6.6457,45.0848],[6.6194,45.0835],[6.595,45.0928],[6.5689,45.078],[6.527,45.072],[6.5141,45.0373],[6.4612,45.0254],[6.3786,45.0372],[6.3379,45.0512],[6.3269,45.072],[6.331,45.0878],[6.278,45.0837],[6.2771,45.0568],[6.2517,45.0426],[6.2471,45.0276],[6.314,45.0312],[6.3414,45.0253],[6.3609,45.0027],[6.3572,44.987],[6.3668,44.9681],[6.396,44.9446],[6.3964,44.8825],[6.3855,44.8384],[6.342,44.8217],[6.3012,44.8307],[6.2859,44.8419],[6.2496,44.8249],[6.145,44.8306],[6.0703,44.7907],[6.0422,44.7908],[6.0254,44.7984],[6.0153,44.7946],[6.0103,44.7648],[5.9773,44.7401],[5.9281,44.7252],[5.8531,44.7196],[5.8655,44.7006],[5.8632,44.6772],[5.8088,44.6301],[5.772,44.6269],[5.7376,44.613],[5.6867,44.6196],[5.6769,44.5936],[5.6459,44.5579],[5.693,44.5215],[5.6991,44.4908],[5.6088,44.4388],[5.5484,44.4473],[5.5264,44.4588],[5.5132,44.4623],[5.5308,44.4509],[5.5336,44.4278],[5.522,44.4105],[5.4803,44.3932],[5.5007,44.3736],[5.5289,44.3776],[5.5782,44.3594],[5.6316,44.3618],[5.6593,44.351],[5.678,44.3026],[5.7035,44.294],[5.7227,44.2757],[5.7144,44.2482],[5.724,44.1932],[5.7151,44.1773],[5.7163,44.1442],[5.7047,44.1265],[5.6796,44.1191],[5.6212,44.1244],[5.6036,44.133],[5.5053,44.0892],[5.4471,44.0928],[5.4206,44.1051],[5.4046,44.1263],[5.3588,44.1349],[5.3459,44.1526],[5.3479,44.1779],[5.2992,44.1789],[5.2646,44.1947],[5.2365,44.1853],[5.1635,44.1949],[5.1158,44.2239],[5.1193,44.2519],[5.0687,44.2576],[5.0424,44.2725],[4.9473,44.2372],[4.8914,44.2305],[4.8452,44.2056],[4.8182,44.2021],[4.7804,44.2204],[4.7664,44.2875],[4.7462,44.2982],[4.6908,44.2936],[4.68,44.2545],[4.6439,44.2436],[4.6013,44.2535],[4.4872,44.3089],[4.4853,44.2837],[4.459,44.2602],[4.3903,44.2614],[4.3618,44.2791],[4.3554,44.3126],[4.327,44.2937],[4.3021,44.2544],[4.2641,44.2376],[4.225,44.2451],[4.1908,44.2691],[4.1216,44.291],[4.1085,44.3033],[4.0637,44.2914],[4.0328,44.2936],[3.9982,44.3278],[4.0163,44.3631],[3.999,44.4256],[3.953,44.463],[3.9481,44.5004],[3.9246,44.5422],[3.8941,44.5547],[3.8706,44.5825],[3.8565,44.6084],[3.8557,44.6395],[3.8321,44.6736],[3.8246,44.7223],[3.7809,44.7477],[3.7659,44.77],[3.7338,44.7829],[3.7211,44.8045],[3.6591,44.8021],[3.6265,44.8203],[3.6007,44.8007],[3.5266,44.7989],[3.4897,44.7795],[3.4607,44.7857],[3.4257,44.8131],[3.3671,44.9296],[3.35,44.9281],[3.3028,44.9022],[3.2789,44.8992],[3.2682,44.8732],[3.2051,44.8374],[3.1751,44.8359],[3.1406,44.8532],[3.1332,44.8213],[3.087,44.7939],[3.0844,44.7529],[3.0691,44.7391],[3.0758,44.7085],[3.0455,44.6887],[3.0168,44.6347],[2.9963,44.6198],[2.9573,44.6209],[2.9236,44.6459],[2.9003,44.6763],[2.8892,44.7384],[2.8748,44.7628],[2.8531,44.778],[2.8191,44.8425],[2.7739,44.8283],[2.7466,44.8358],[2.7296,44.862],[2.7366,44.8908],[2.6967,44.8758],[2.6796,44.8512],[2.6538,44.8431],[2.6358,44.7838],[2.5921,44.7463],[2.5987,44.7263],[2.5905,44.7047],[2.5308,44.6694],[2.5272,44.6502],[2.5094,44.6309],[2.4754,44.6165],[2.4382,44.6122],[2.4014,44.6181],[2.3463,44.6137],[2.2911,44.6373],[2.2579,44.6257],[2.2556,44.6118],[2.2276,44.5928],[2.1948,44.5904],[2.1411,44.6204],[2.1251,44.6684],[2.0947,44.6887],[2.0972,44.7206],[2.1147,44.7401],[2.1118,44.7744],[2.1296,44.7947],[2.1018,44.8142],[2.049,44.8752],[2.0525,44.9131]]]}},{"type":"Feature","properties":{"id":"fr-bfc","name_fr":"Bourgogne-Franche-Comté","name_en":"Bourgogne-Franche-Comté","kind":"region","country":"fr","bbox":[2.8051,46.1291,7.183,48.426],"margin_m":3000,"source":"Contours administratifs 2025, data.gouv.fr (IGN Admin Express, OpenStreetMap), ODbL"},"geometry":{"type":"Polygon","coordinates":[[[2.8093,47.7199],[2.812,47.76],[2.8303,47.7823],[2.9272,47.7947],[2.9759,47.8106],[2.9756,47.844],[2.962,47.8517],[2.9548,47.8709],[2.9745,47.9189],[3.0143,47.9342],[3.0824,47.9817],[3.054,48.037],[3.0149,48.0592],[3.009,48.0798],[2.9803,48.1031],[2.9764,48.1175],[2.9152,48.1406],[2.8945,48.1663],[2.9084,48.2021],[2.9538,48.2293],[2.9769,48.2344],[2.9937,48.259],[2.9749,48.3057],[3.0084,48.3678],[3.0428,48.3865],[3.0913,48.3869],[3.1626,48.4037],[3.2074,48.3951],[3.2387,48.3959],[3.2797,48.4085],[3.3288,48.4021],[3.3554,48.422],[3.3788,48.426],[3.4322,48.4145],[3.4509,48.4011],[3.5115,48.3949],[3.5901,48.3417],[3.6617,48.2689],[3.6552,48.2112],[3.6818,48.1901],[3.7183,48.2026],[3.7779,48.1835],[3.7946,48.1533],[3.8387,48.1174],[3.8692,48.0559],[3.9332,48.013],[3.9518,47.9861],[3.9508,47.9616],[4.0057,47.9696],[4.0301,47.9631],[4.0539,47.9724],[4.1156,47.9653],[4.1443,47.9828],[4.1992,48.0002],[4.248,47.9946],[4.2675,47.9671],[4.3059,47.9893],[4.3509,47.984],[4.4077,47.9949],[4.4549,47.9862],[4.4976,47.9953],[4.5055,48.0246],[4.5736,48.0559],[4.7108,48.0496],[4.7481,48.0313],[4.7982,48.0344],[4.8245,48.0214],[4.8499,47.9872],[4.8747,47.9795],[4.9033,47.949],[4.9377,47.9344],[4.9667,47.8921],[4.9871,47.8821],[5.0028,47.8529],[5.0316,47.8291],[5.0272,47.7957],[4.9942,47.7743],[5.0105,47.7339],[5.0557,47.7304],[5.0944,47.7094],[5.0985,47.6871],[5.1216,47.6829],[5.1453,47.705],[5.1921,47.7063],[5.216,47.6901],[5.2163,47.6695],[5.2948,47.6326],[5.3416,47.6368],[5.3719,47.687],[5.4016,47.7016],[5.4455,47.6992],[5.4824,47.7116],[5.5135,47.7044],[5.5606,47.7338],[5.6097,47.7224],[5.6233,47.7034],[5.6449,47.7093],[5.6558,47.7489],[5.6364,47.7775],[5.6433,47.8168],[5.6603,47.8377],[5.7054,47.8502],[5.7376,47.8811],[5.7869,47.8831],[5.8192,47.9223],[5.8463,47.9326],[5.8841,47.9812],[5.9129,48.0009],[5.9604,48.0052],[5.9805,47.994],[6.0249,48.0292],[6.0622,48.0419],[6.142,48.0501],[6.1742,48.0351],[6.1944,48.0152],[6.2044,47.9785],[6.2355,47.9658],[6.2847,47.9824],[6.3149,47.9792],[6.3643,47.9896],[6.4052,47.9854],[6.4669,47.9591],[6.5001,47.9238],[6.5167,47.928],[6.5532,47.9595],[6.6171,47.9703],[6.6607,47.9455],[6.6862,47.918],[6.8002,47.8755],[6.8297,47.8507],[6.8692,47.8451],[6.8954,47.8071],[6.9535,47.7971],[6.9898,47.7774],[7.045,47.7622],[7.0723,47.7352],[7.0728,47.7061],[7.0876,47.6888],[7.0756,47.6392],[7.0596,47.6277],[7.0882,47.6249],[7.1125,47.6129],[7.1734,47.5458],[7.183,47.5218],[7.1707,47.4942],[7.1318,47.4715],[7.0737,47.4612],[7.0397,47.4698],[7.0388,47.4437],[6.9808,47.4115],[6.9663,47.3874],[7.0191,47.3996],[7.071,47.3842],[7.102,47.3457],[7.0853,47.3155],[7.0506,47.3],[7.027,47.2775],[6.9907,47.2674],[6.9951,47.2453],[6.985,47.2249],[6.9137,47.184],[6.8778,47.1373],[6.8227,47.1062],[6.7856,47.0954],[6.7725,47.0738],[6.7536,47.0653],[6.759,47.054],[6.75,47.0343],[6.7122,47.0126],[6.6873,47.0078],[6.6681,46.9836],[6.6413,46.9698],[6.497,46.934],[6.4845,46.922],[6.5038,46.8883],[6.4992,46.8489],[6.479,46.812],[6.4977,46.7894],[6.4893,46.7652],[6.4569,46.7369],[6.365,46.6886],[6.3045,46.6674],[6.2008,46.5934],[6.1653,46.5771],[6.1926,46.5561],[6.1932,46.5356],[6.1751,46.5116],[6.1477,46.4968],[6.1194,46.4587],[6.1247,46.4387],[6.1148,46.4229],[6.0623,46.3719],[6.0156,46.3443],[5.9736,46.2943],[5.9343,46.2632],[5.8616,46.2351],[5.7667,46.2403],[5.715,46.2347],[5.6827,46.2556],[5.6773,46.2844],[5.64,46.2976],[5.6208,46.2753],[5.5883,46.2661],[5.5578,46.2452],[5.5181,46.2373],[5.4591,46.2393],[5.428,46.2565],[5.4193,46.2832],[5.3948,46.284],[5.3707,46.297],[5.3656,46.3206],[5.3405,46.3379],[5.3242,46.3719],[5.2735,46.3923],[5.2618,46.4228],[5.1932,46.4461],[5.1698,46.4766],[5.0585,46.4572],[5.0158,46.4663],[4.9882,46.4818],[4.9549,46.4737],[4.95,46.4516],[4.9307,46.4337],[4.9264,46.397],[4.8907,46.3514],[4.8893,46.3189],[4.8065,46.1569],[4.7539,46.1455],[4.7043,46.1576],[4.6828,46.1868],[4.6823,46.2225],[4.6455,46.2464],[4.6267,46.2386],[4.5604,46.2482],[4.4931,46.2413],[4.4661,46.2592],[4.4353,46.2666],[4.4283,46.2125],[4.4026,46.1685],[4.2764,46.1291],[4.2308,46.1346],[4.21,46.1532],[4.157,46.1467],[4.1181,46.1524],[4.0957,46.1657],[4.0378,46.1433],[3.9822,46.1427],[3.9621,46.15],[3.936,46.1782],[3.8946,46.1818],[3.856,46.2015],[3.8537,46.224],[3.8685,46.2593],[3.8531,46.2906],[3.8747,46.3146],[3.9083,46.3235],[3.9216,46.3418],[3.9486,46.3484],[3.9389,46.4014],[3.9554,46.4503],[3.9221,46.4617],[3.8995,46.454],[3.8559,46.4627],[3.833,46.4738],[3.817,46.494],[3.7957,46.4932],[3.7112,46.5224],[3.6936,46.5454],[3.7006,46.578],[3.6773,46.5989],[3.6634,46.6443],[3.6394,46.6556],[3.604,46.6946],[3.5716,46.6573],[3.5319,46.6531],[3.4958,46.6258],[3.4553,46.6254],[3.4271,46.6337],[3.4066,46.6506],[3.4014,46.6785],[3.3801,46.6646],[3.3464,46.6575],[3.2932,46.6659],[3.2749,46.6831],[3.2146,46.6528],[3.1795,46.656],[3.1342,46.6757],[3.1037,46.7046],[3.0595,46.7165],[3.013,46.7469],[2.9929,46.7966],[3.0271,46.8586],[3.0108,46.9092],[3.0342,46.9553],[3.0232,46.9797],[3.0358,47.0235],[2.9948,47.0438],[2.9803,47.064],[2.9893,47.12],[2.9405,47.223],[2.9412,47.2517],[2.8495,47.3022],[2.8306,47.3344],[2.8335,47.3531],[2.8887,47.4391],[2.8526,47.4967],[2.818,47.5204],[2.8051,47.5453],[2.8313,47.5729],[2.8808,47.58],[2.8993,47.5904],[2.8993,47.6083],[2.8971,47.6414],[2.8791,47.6729],[2.8202,47.6981],[2.8093,47.7199]]]}},{"type":"Feature","properties":{"id":"fr-bre","name_fr":"Bretagne","name_en":"Brittany","kind":"region","country":"fr","bbox":[-5.1809,47.2531,-0.9787,48.9108],"margin_m":3000,"source":"Contours administratifs 2025, data.gouv.fr (IGN Admin Express, OpenStreetMap), ODbL"},"geometry":{"type":"MultiPolygon","coordinates":[[[[-3.2471,47.4146],[-3.2276,47.412],[-3.1273,47.3805],[-3.099,47.3472],[-3.0326,47.3327],[-3.0169,47.3101],[-3.0205,47.2984],[-3.0423,47.2718],[-3.0788,47.2531],[-3.1769,47.2692],[-3.242,47.2703],[-3.283,47.3004],[-3.3012,47.367],[-3.2759,47.4063],[-3.2471,47.4146]]],[[[-2.9243,47.4182],[-2.9022,47.4008],[-2.9113,47.3688],[-2.8465,47.3733],[-2.823,47.3502],[-2.8283,47.3258],[-2.8703,47.3063],[-2.9062,47.3116],[-2.9286,47.3341],[-2.9288,47.3535],[-2.964,47.3512],[-3.0228,47.3748],[-3.0347,47.3943],[-3.0271,47.4123],[-2.993,47.4274],[-2.9243,47.4182]]],[[[-3.9957,47.7525],[-3.9347,47.7461],[-3.9111,47.7182],[-3.9259,47.6942],[-3.9964,47.6743],[-4.0267,47.6823],[-4.0377,47.6929],[-4.0458,47.7269],[-4.0312,47.7444],[-3.9957,47.7525]]],[[[-4.8351,48.0094],[-4.8884,48.016],[-4.9101,48.033],[-4.9052,48.0552],[-4.8676,48.071],[-4.8159,48.0536],[-4.8126,48.026],[-4.8351,48.0094]]],[[[-5.0345,48.5017],[-5.0026,48.4798],[-4.9961,48.4557],[-4.9157,48.4196],[-4.9065,48.4022],[-4.8777,48.3993],[-4.856,48.383],[-4.8213,48.3778],[-4.8165,48.39],[-4.8358,48.4129],[-4.8076,48.4714],[-4.8204,48.4949],[-4.81,48.5461],[-4.7238,48.5938],[-4.6471,48.6025],[-4.6211,48.6306],[-4.5618,48.6587],[-4.514,48.6614],[-4.4839,48.6523],[-4.4576,48.678],[-4.4133,48.6817],[-4.3516,48.7037],[-4.3206,48.7031],[-4.2517,48.6768],[-4.208,48.7098],[-4.1419,48.7223],[-4.1051,48.7218],[-4.0763,48.7329],[-4.0715,48.7635],[-4.0268,48.7797],[-3.9805,48.7737],[-3.9356,48.7417],[-3.9239,48.7216],[-3.8874,48.7055],[-3.8679,48.7275],[-3.8267,48.7456],[-3.7763,48.735],[-3.72,48.7342],[-3.6813,48.718],[-3.6621,48.7234],[-3.6251,48.7181],[-3.6145,48.7394],[-3.6442,48.7727],[-3.6293,48.7926],[-3.6282,48.8129],[-3.5246,48.8608],[-3.5318,48.8906],[-3.4945,48.9103],[-3.4711,48.9108],[-3.4443,48.9007],[-3.4358,48.8811],[-3.455,48.8588],[-3.4487,48.8555],[-3.4076,48.8696],[-3.3783,48.86],[-3.3684,48.8485],[-3.3235,48.8742],[-3.2783,48.8732],[-3.2589,48.8887],[-3.2073,48.8998],[-3.1722,48.9006],[-3.1475,48.8883],[-3.1166,48.894],[-3.0584,48.8869],[-2.9719,48.8899],[-2.9438,48.8634],[-2.9649,48.8231],[-2.896,48.7672],[-2.8943,48.7278],[-2.8692,48.7218],[-2.7903,48.6678],[-2.7742,48.6119],[-2.7569,48.6075],[-2.7368,48.588],[-2.6883,48.5759],[-2.6746,48.5623],[-2.6547,48.5606],[-2.637,48.569],[-2.579,48.6208],[-2.5228,48.6293],[-2.5257,48.6541],[-2.5021,48.6702],[-2.4445,48.6793],[-2.4108,48.6736],[-2.3767,48.6827],[-2.3351,48.7109],[-2.2905,48.706],[-2.2058,48.6517],[-2.175,48.6525],[-2.1147,48.6699],[-2.11,48.6901],[-2.0762,48.7055],[-2.0427,48.6995],[-2.0307,48.6878],[-2.0108,48.7063],[-1.9496,48.7284],[-1.9095,48.7227],[-1.8419,48.7358],[-1.8105,48.7244],[-1.798,48.6858],[-1.8015,48.6666],[-1.8251,48.6503],[-1.8226,48.6402],[-1.7552,48.6316],[-1.6661,48.6377],[-1.5812,48.6524],[-1.5505,48.6497],[-1.4984,48.6068],[-1.4788,48.5707],[-1.4843,48.5534],[-1.4568,48.5146],[-1.4332,48.5121],[-1.3984,48.4886],[-1.388,48.4883],[-1.356,48.5176],[-1.3146,48.5289],[-1.3084,48.5469],[-1.2913,48.5589],[-1.2494,48.5707],[-1.1872,48.5659],[-1.0432,48.529],[-1.0264,48.5062],[-1.0234,48.4683],[-1.026,48.4444],[-1.0395,48.4305],[-1.0138,48.3878],[-1.0183,48.352],[-1.0047,48.3262],[-1.0595,48.2592],[-1.0348,48.2072],[-1.0388,48.1824],[-1.0241,48.1638],[-1.0104,48.0974],[-0.9828,48.076],[-0.9891,48.0333],[-0.9787,47.9938],[-1.0012,47.9714],[-1.0417,47.9585],[-1.0913,47.9583],[-1.1214,47.943],[-1.1511,47.8592],[-1.1745,47.8387],[-1.2091,47.7665],[-1.2299,47.752],[-1.2598,47.7514],[-1.3747,47.7729],[-1.4284,47.8016],[-1.4477,47.7815],[-1.5947,47.7371],[-1.6019,47.711],[-1.6455,47.6841],[-1.7137,47.672],[-1.8457,47.6792],[-1.9146,47.6631],[-1.9383,47.6472],[-1.9836,47.6485],[-2.0145,47.64],[-2.045,47.6234],[-2.0468,47.5994],[-2.0604,47.5835],[-2.0625,47.5224],[-2.0827,47.5088],[-2.1148,47.5014],[-2.1226,47.4801],[-2.1514,47.4637],[-2.1876,47.4645],[-2.2142,47.4739],[-2.2497,47.4672],[-2.2734,47.474],[-2.2756,47.4537],[-2.2983,47.4374],[-2.3455,47.4279],[-2.425,47.4338],[-2.4569,47.4196],[-2.4878,47.4154],[-2.5297,47.4381],[-2.5402,47.487],[-2.5842,47.4901],[-2.6016,47.4809],[-2.6413,47.4787],[-2.6696,47.4651],[-2.7191,47.4779],[-2.786,47.4579],[-2.8268,47.4609],[-2.8792,47.4813],[-2.8943,47.5084],[-2.9179,47.5092],[-2.9476,47.5281],[-2.9752,47.528],[-3.0004,47.5409],[-3.0461,47.5461],[-3.0919,47.5381],[-3.0785,47.5081],[-3.0515,47.4813],[-3.0529,47.4599],[-3.0768,47.446],[-3.1418,47.4476],[-3.175,47.4676],[-3.1979,47.5174],[-3.1962,47.5366],[-3.1765,47.5511],[-3.1866,47.5852],[-3.3007,47.6596],[-3.3294,47.6675],[-3.369,47.66],[-3.4026,47.6754],[-3.4343,47.6713],[-3.3931,47.6574],[-3.3768,47.6356],[-3.3885,47.6063],[-3.4139,47.5936],[-3.4739,47.5945],[-3.5315,47.619],[-3.5533,47.6404],[-3.5496,47.6613],[-3.5325,47.6743],[-3.4877,47.6795],[-3.527,47.7098],[-3.5445,47.7362],[-3.6913,47.7508],[-3.7325,47.7699],[-3.802,47.7607],[-3.8581,47.7652],[-3.8838,47.777],[-3.9462,47.8371],[-4.0353,47.8181],[-4.0795,47.8333],[-4.12,47.8358],[-4.1312,47.8007],[-4.1453,47.788],[-4.2077,47.7671],[-4.2703,47.7635],[-4.3188,47.7721],[-4.3804,47.7706],[-4.4002,47.7776],[-4.4212,47.8185],[-4.4128,47.8373],[-4.3896,47.8524],[-4.417,47.9056],[-4.4515,47.9426],[-4.5206,47.9784],[-4.5745,47.9733],[-4.6424,47.9959],[-4.7421,48.0081],[-4.7781,48.038],[-4.7686,48.0577],[-4.7315,48.0892],[-4.6961,48.0897],[-4.6704,48.0995],[-4.625,48.0991],[-4.4242,48.1329],[-4.3612,48.1365],[-4.3253,48.1251],[-4.3212,48.1379],[-4.3327,48.1482],[-4.3368,48.1762],[-4.3842,48.1802],[-4.4116,48.1948],[-4.4631,48.2031],[-4.5169,48.1478],[-4.5484,48.1414],[-4.5799,48.1475],[-4.5982,48.1658],[-4.5987,48.2125],[-4.6098,48.2273],[-4.6557,48.2408],[-4.6693,48.2775],[-4.6605,48.2979],[-4.6208,48.311],[-4.6681,48.3209],[-4.7032,48.3041],[-4.7736,48.3015],[-4.8077,48.3154],[-4.8153,48.3355],[-4.8372,48.3184],[-4.8818,48.3174],[-4.9037,48.3329],[-4.9053,48.3456],[-4.942,48.343],[-4.9722,48.3498],[-5.0059,48.3917],[-5.0467,48.4099],[-5.0538,48.4234],[-5.1165,48.4095],[-5.167,48.4285],[-5.1809,48.4549],[-5.1184,48.5076],[-5.0662,48.5098],[-5.0345,48.5017]]]]}},{"type":"Feature","properties":{"id":"fr-cvl","name_fr":"Centre-Val de Loire","name_en":"Centre-Val de Loire","kind":"region","country":"fr","bbox":[0.0142,46.3199,3.1644,48.9668],"margin_m":3000,"source":"Contours administratifs 2025, data.gouv.fr (IGN Admin Express, OpenStreetMap), ODbL"},"geometry":{"type":"Polygon","coordinates":[[[0.0217,47.1799],[0.0142,47.2029],[0.0338,47.2305],[0.0283,47.2475],[0.0438,47.2962],[0.1203,47.3845],[0.1153,47.4063],[0.1437,47.4312],[0.1432,47.4614],[0.1764,47.5086],[0.1535,47.5394],[0.193,47.5954],[0.1974,47.6257],[0.2198,47.6368],[0.2563,47.64],[0.3247,47.6219],[0.3301,47.6376],[0.3628,47.6668],[0.3943,47.6692],[0.4275,47.6568],[0.4517,47.6713],[0.4849,47.6728],[0.5486,47.6965],[0.5412,47.7174],[0.5938,47.7681],[0.6371,47.7823],[0.701,47.8244],[0.7223,47.8495],[0.7241,47.9122],[0.7737,47.9367],[0.7961,47.9575],[0.7787,47.9849],[0.7922,48.0093],[0.7598,48.0277],[0.754,48.0726],[0.7754,48.0929],[0.7779,48.1103],[0.8122,48.1251],[0.8147,48.1449],[0.7583,48.1779],[0.7578,48.2002],[0.7749,48.2226],[0.7514,48.2498],[0.7467,48.2733],[0.7222,48.2858],[0.7163,48.3057],[0.7572,48.3599],[0.8636,48.3859],[0.9032,48.4111],[0.9158,48.4361],[0.8965,48.4686],[0.9069,48.5124],[0.8839,48.5293],[0.8832,48.543],[0.8272,48.5603],[0.7804,48.6028],[0.7823,48.6411],[0.7691,48.6688],[0.7753,48.6796],[0.8007,48.7011],[0.8269,48.7078],[0.8369,48.7262],[0.8596,48.7401],[0.8853,48.7472],[0.9262,48.7393],[0.9563,48.754],[0.995,48.7549],[1.0364,48.7796],[1.0772,48.7845],[1.0858,48.8024],[1.1115,48.8154],[1.1693,48.8103],[1.2157,48.7937],[1.3148,48.7922],[1.3253,48.7981],[1.3156,48.8216],[1.3249,48.8454],[1.3879,48.8853],[1.4225,48.8923],[1.4084,48.9319],[1.4494,48.9633],[1.5136,48.9668],[1.5692,48.9403],[1.6389,48.8407],[1.621,48.7893],[1.6668,48.7535],[1.6604,48.7288],[1.6372,48.7087],[1.6512,48.694],[1.6494,48.6777],[1.6778,48.6654],[1.6895,48.647],[1.7461,48.6321],[1.7588,48.6017],[1.7821,48.5966],[1.822,48.568],[1.8184,48.5186],[1.8343,48.4941],[1.858,48.4901],[1.884,48.4674],[1.9119,48.4838],[1.9606,48.4744],[1.9827,48.4461],[1.9805,48.4286],[2.0035,48.4229],[2.0185,48.4046],[2.0275,48.3598],[2.015,48.3443],[2.0193,48.3157],[2.068,48.3213],[2.0942,48.3336],[2.1235,48.3328],[2.1986,48.3715],[2.2205,48.3704],[2.2798,48.3454],[2.2985,48.3559],[2.3338,48.3596],[2.3716,48.3385],[2.4111,48.347],[2.4358,48.3364],[2.4521,48.3165],[2.4617,48.2815],[2.4942,48.2762],[2.5415,48.2518],[2.5631,48.2011],[2.5562,48.1681],[2.5996,48.1591],[2.6427,48.1658],[2.6855,48.1515],[2.6985,48.1589],[2.7074,48.1846],[2.7351,48.1931],[2.8031,48.1952],[2.8451,48.1786],[2.9649,48.191],[3.0334,48.1677],[3.0613,48.1497],[3.0901,48.0867],[3.1234,48.0734],[3.1616,48.0411],[3.1644,47.9588],[3.1317,47.9266],[3.0518,47.882],[3.0721,47.849],[3.0574,47.7718],[3.0356,47.7606],[2.9849,47.7532],[2.9692,47.7423],[2.9084,47.738],[2.9563,47.6995],[2.9926,47.6527],[2.9771,47.6241],[3.0163,47.5677],[3.005,47.5506],[2.9743,47.5326],[2.9288,47.5357],[2.9148,47.5304],[2.9714,47.4342],[2.9133,47.3381],[2.9371,47.3297],[3.0168,47.2751],[3.0181,47.2341],[3.047,47.1882],[3.0678,47.1296],[3.064,47.0767],[3.0872,47.0678],[3.1109,47.0409],[3.1152,47.0187],[3.1022,46.9849],[3.1186,46.954],[3.094,46.9115],[3.1084,46.85],[3.0969,46.8189],[3.0519,46.7716],[3.0312,46.7664],[2.9806,46.7718],[2.9429,46.7646],[2.8843,46.732],[2.8653,46.7034],[2.8154,46.705],[2.7675,46.6914],[2.7295,46.6994],[2.7127,46.6928],[2.6711,46.6672],[2.663,46.6466],[2.6338,46.6307],[2.6272,46.6184],[2.6526,46.5606],[2.6408,46.533],[2.5391,46.4928],[2.4758,46.4993],[2.3771,46.4912],[2.3566,46.4554],[2.3235,46.442],[2.3183,46.4124],[2.295,46.3953],[2.153,46.3962],[2.1149,46.3838],[2.0827,46.3823],[1.9665,46.4117],[1.8349,46.399],[1.7926,46.4117],[1.7818,46.3895],[1.7348,46.3642],[1.7059,46.3648],[1.681,46.3752],[1.6663,46.3634],[1.635,46.358],[1.588,46.3797],[1.5546,46.3668],[1.5206,46.3735],[1.4581,46.3324],[1.4138,46.3199],[1.388,46.3279],[1.3493,46.3621],[1.3236,46.347],[1.2668,46.3479],[1.2395,46.3393],[1.2126,46.3391],[1.1657,46.3515],[1.146,46.3658],[1.1385,46.3839],[1.1542,46.4124],[1.1239,46.4297],[1.1004,46.4587],[1.0954,46.5028],[1.0843,46.5092],[0.9981,46.515],[0.9814,46.5389],[0.9188,46.5589],[0.8792,46.5857],[0.855,46.6248],[0.8764,46.7035],[0.7854,46.7707],[0.7709,46.8117],[0.6701,46.8903],[0.6584,46.9518],[0.6404,46.9561],[0.6115,46.9314],[0.5049,46.9298],[0.4403,46.9025],[0.3743,46.9174],[0.3141,46.9046],[0.2795,46.9219],[0.2704,46.9365],[0.2529,46.9842],[0.2597,47.0165],[0.2318,47.0312],[0.2045,47.0264],[0.1558,47.0374],[0.1371,47.055],[0.137,47.0789],[0.1017,47.0937],[0.0614,47.0952],[0.0479,47.1039],[0.0149,47.1583],[0.0217,47.1799]]]}},{"type":"Feature","properties":{"id":"fr-20r","name_fr":"Corse","name_en":"Corsica","kind":"region","country":"fr","bbox":[8.4999,41.3091,9.596,43.0385],"margin_m":3000,"source":"Contours administratifs 2025, data.gouv.fr (IGN Admin Express, OpenStreetMap), ODbL"},"geometry":{"type":"Polygon","coordinates":[[[8.5291,42.3168],[8.4999,42.3642],[8.5034,42.3861],[8.5333,42.4036],[8.5657,42.4091],[8.5835,42.4366],[8.6145,42.447],[8.6145,42.4836],[8.6363,42.5306],[8.6786,42.5488],[8.6713,42.5768],[8.6852,42.5971],[8.7029,42.606],[8.7289,42.6111],[8.7661,42.597],[8.7717,42.6173],[8.7832,42.6251],[8.8455,42.6375],[8.8634,42.6532],[8.8932,42.6562],[8.9223,42.6715],[8.9602,42.6644],[9.0001,42.6694],[9.0177,42.6785],[9.0352,42.7151],[9.0624,42.7357],[9.1118,42.7568],[9.1674,42.7634],[9.1939,42.7552],[9.2261,42.7621],[9.272,42.7428],[9.2898,42.7273],[9.3067,42.7441],[9.3054,42.7901],[9.2732,42.8303],[9.2945,42.8651],[9.2873,42.9064],[9.3136,42.9287],[9.3073,43.0058],[9.3454,43.0321],[9.4265,43.0385],[9.4878,43.0069],[9.5003,42.9857],[9.4931,42.9596],[9.5056,42.9379],[9.5291,42.804],[9.5041,42.7569],[9.4831,42.6749],[9.554,42.5878],[9.5687,42.5532],[9.5664,42.4926],[9.5791,42.4224],[9.5686,42.3721],[9.596,42.2839],[9.5909,42.1225],[9.578,42.0877],[9.4485,41.9465],[9.4493,41.9119],[9.4336,41.8742],[9.4422,41.714],[9.4276,41.6565],[9.3925,41.6159],[9.4088,41.5541],[9.3825,41.5268],[9.3535,41.5218],[9.3362,41.5286],[9.3192,41.5161],[9.3213,41.475],[9.2961,41.4408],[9.3008,41.4251],[9.2856,41.3954],[9.3039,41.3845],[9.3092,41.363],[9.2948,41.3442],[9.2949,41.3277],[9.2782,41.3121],[9.2498,41.3091],[9.2246,41.3199],[9.2136,41.3402],[9.1723,41.3406],[9.1448,41.3598],[9.1166,41.3681],[9.0817,41.3676],[9.0589,41.3875],[9.0612,41.4188],[9.0408,41.4303],[8.9926,41.4481],[8.9691,41.4492],[8.9477,41.4627],[8.9137,41.4625],[8.8544,41.4914],[8.8249,41.4954],[8.8102,41.506],[8.8054,41.5216],[8.7557,41.5486],[8.7395,41.5952],[8.7561,41.636],[8.7912,41.6661],[8.8232,41.665],[8.837,41.6715],[8.8137,41.68],[8.77,41.6743],[8.7398,41.7007],[8.6901,41.6979],[8.6712,41.7137],[8.6453,41.7148],[8.6251,41.7309],[8.6232,41.7472],[8.635,41.7686],[8.6822,41.7794],[8.6731,41.7964],[8.6783,41.8125],[8.6995,41.8273],[8.7208,41.83],[8.7152,41.8494],[8.7312,41.8678],[8.7456,41.8721],[8.7447,41.8885],[8.7224,41.8811],[8.6478,41.882],[8.6028,41.848],[8.5702,41.8499],[8.5523,41.8639],[8.5516,41.8833],[8.5746,41.9025],[8.5786,41.9259],[8.5586,41.9513],[8.5595,41.9755],[8.5796,41.9904],[8.619,41.9985],[8.6341,42.0309],[8.6857,42.0544],[8.6725,42.0765],[8.6476,42.0757],[8.6244,42.0952],[8.5614,42.1059],[8.5258,42.14],[8.5253,42.1741],[8.537,42.1924],[8.5044,42.2307],[8.5082,42.2498],[8.5357,42.2652],[8.6048,42.2805],[8.5799,42.2876],[8.5648,42.3062],[8.5291,42.3168]]]}},{"type":"Feature","properties":{"id":"fr-ges","name_fr":"Grand Est","name_en":"Grand Est","kind":"region","country":"fr","bbox":[3.3459,47.3933,8.2734,50.1955],"margin_m":3000,"source":"Contours administratifs 2025, data.gouv.fr (IGN Admin Express, OpenStreetMap), ODbL"},"geometry":{"type":"Polygon","coordinates":[[[3.3623,48.4478],[3.3459,48.4869],[3.3774,48.5083],[3.3675,48.5182],[3.3682,48.5388],[3.4008,48.559],[3.4282,48.5601],[3.4276,48.5804],[3.4629,48.6071],[3.4279,48.6125],[3.4112,48.6309],[3.3999,48.6651],[3.4246,48.7131],[3.3711,48.7353],[3.3591,48.7476],[3.3569,48.7672],[3.372,48.7932],[3.3637,48.8109],[3.3981,48.8422],[3.4463,48.8431],[3.4407,48.8637],[3.4494,48.883],[3.4682,48.8912],[3.4944,48.9269],[3.5345,48.9417],[3.5566,48.9747],[3.5856,48.9908],[3.597,49.0074],[3.5552,49.0173],[3.5441,49.0402],[3.5506,49.071],[3.5805,49.0923],[3.5587,49.1222],[3.5841,49.1614],[3.6104,49.1768],[3.6554,49.1766],[3.612,49.2123],[3.6223,49.2398],[3.5971,49.299],[3.6106,49.3286],[3.7198,49.3708],[3.7903,49.3848],[3.7814,49.4048],[3.8061,49.4272],[3.9237,49.4348],[3.9543,49.4266],[3.9769,49.4064],[4.0013,49.4048],[3.999,49.5087],[4.0154,49.5296],[4.0079,49.55],[4.0208,49.5693],[3.9876,49.6089],[3.984,49.6271],[4.0151,49.6594],[4.0813,49.6632],[4.0984,49.6975],[4.1503,49.7196],[4.1861,49.7466],[4.1643,49.7767],[4.1828,49.8396],[4.211,49.8733],[4.2113,49.8817],[4.1767,49.9074],[4.1792,49.9404],[4.2045,49.9774],[4.2347,49.9882],[4.3167,49.9961],[4.3695,49.9792],[4.4468,49.9674],[4.4966,49.9748],[4.5152,49.9905],[4.5581,50.0058],[4.6442,50.0192],[4.6512,50.0431],[4.6377,50.0655],[4.6641,50.1069],[4.707,50.1279],[4.7286,50.1526],[4.8145,50.1955],[4.9034,50.1743],[4.9389,50.1394],[4.9148,50.1118],[4.9075,50.0732],[4.8772,50.0581],[4.8828,50.0352],[4.8618,50.0138],[4.8501,49.9767],[4.8818,49.9641],[4.9287,49.9189],[4.9269,49.8906],[4.9014,49.857],[4.9178,49.8173],[4.9671,49.8286],[5.0121,49.8252],[5.0561,49.7961],[5.1159,49.7865],[5.1579,49.7455],[5.1809,49.7399],[5.2034,49.7227],[5.237,49.7179],[5.2648,49.7235],[5.2965,49.7166],[5.3576,49.6777],[5.3738,49.6538],[5.4188,49.639],[5.457,49.6156],[5.472,49.5919],[5.4962,49.5757],[5.507,49.5355],[5.5496,49.5558],[5.5901,49.5515],[5.625,49.5741],[5.6499,49.5795],[5.7119,49.5687],[5.7468,49.5873],[5.7765,49.5901],[5.8588,49.5656],[5.8863,49.5258],[5.9554,49.5261],[6.0,49.5113],[6.0162,49.4815],[6.0467,49.4923],[6.0775,49.4915],[6.1045,49.5161],[6.1708,49.5371],[6.2633,49.5365],[6.3043,49.5251],[6.3544,49.4945],[6.444,49.5019],[6.4926,49.4866],[6.5839,49.4415],[6.5938,49.4139],[6.6415,49.3756],[6.6304,49.3446],[6.6362,49.3293],[6.7088,49.2898],[6.7092,49.2734],[6.7688,49.2174],[6.7679,49.1942],[6.8104,49.1891],[6.7965,49.2041],[6.7991,49.223],[6.834,49.2442],[6.8631,49.2494],[6.891,49.242],[6.9326,49.2499],[7.0605,49.2126],[7.0759,49.1946],[7.074,49.1788],[7.1267,49.1787],[7.1617,49.155],[7.2508,49.1567],[7.2787,49.1507],[7.3239,49.171],[7.3288,49.1844],[7.3536,49.1979],[7.4517,49.2106],[7.5261,49.1866],[7.5457,49.1628],[7.5435,49.1397],[7.5742,49.1079],[7.62,49.1071],[7.6621,49.0902],[7.6703,49.0784],[7.7026,49.0844],[7.7511,49.0774],[7.7966,49.0927],[7.8621,49.0694],[7.9244,49.0845],[7.9507,49.0824],[8.0013,49.0554],[8.0681,49.0385],[8.0999,49.0176],[8.1552,49.0049],[8.2386,49.0008],[8.2583,48.9906],[8.2734,48.9653],[8.2613,48.9472],[8.2262,48.9364],[8.1778,48.8836],[8.1261,48.7913],[8.0963,48.7707],[8.0624,48.7621],[8.0387,48.7396],[8.0084,48.7323],[7.9966,48.7061],[7.9229,48.6463],[7.8749,48.6251],[7.8412,48.5804],[7.8448,48.5082],[7.8079,48.4753],[7.8016,48.4427],[7.7721,48.3892],[7.7841,48.3219],[7.7643,48.2999],[7.7297,48.2877],[7.7049,48.2133],[7.64,48.1482],[7.6097,48.0793],[7.6117,48.0406],[7.6486,48.0076],[7.6619,47.9713],[7.6489,47.946],[7.6209,47.9215],[7.6208,47.8919],[7.5975,47.8686],[7.6013,47.8351],[7.57,47.7788],[7.588,47.73],[7.5572,47.6919],[7.5592,47.674],[7.5959,47.6511],[7.6288,47.6138],[7.6225,47.567],[7.5683,47.538],[7.5673,47.5158],[7.5382,47.4772],[7.4863,47.454],[7.4309,47.4162],[7.3875,47.4049],[7.3143,47.4113],[7.2461,47.3933],[7.211,47.4084],[7.1463,47.422],[7.1307,47.4392],[7.1381,47.4688],[7.0981,47.4871],[7.0908,47.5066],[7.0997,47.5218],[7.0697,47.5401],[7.0532,47.571],[7.0263,47.562],[6.9988,47.5656],[6.9679,47.5935],[6.9673,47.6358],[6.9978,47.6735],[6.9888,47.7189],[6.9249,47.7429],[6.8476,47.76],[6.8147,47.7874],[6.7667,47.8092],[6.7498,47.8284],[6.6226,47.8817],[6.5938,47.9107],[6.5603,47.8785],[6.4687,47.8592],[6.4275,47.886],[6.4085,47.9164],[6.3715,47.9325],[6.3339,47.9222],[6.2901,47.926],[6.2458,47.9063],[6.1822,47.9099],[6.1123,47.9559],[6.1157,47.986],[6.0703,47.9836],[6.0282,47.9355],[5.9987,47.9299],[5.9581,47.9091],[5.9292,47.9106],[5.9153,47.8838],[5.8657,47.8668],[5.8678,47.8468],[5.8517,47.8299],[5.7886,47.8208],[5.758,47.7947],[5.7272,47.7912],[5.7461,47.7747],[5.7494,47.7454],[5.7304,47.7125],[5.7293,47.6769],[5.7072,47.66],[5.5999,47.6451],[5.5628,47.6583],[5.5336,47.6461],[5.4888,47.652],[5.4444,47.6438],[5.4126,47.6115],[5.4049,47.5876],[5.3692,47.5663],[5.3503,47.5649],[5.3161,47.5755],[5.288,47.5555],[5.2337,47.5533],[5.2047,47.5817],[5.2012,47.6057],[5.1867,47.6188],[5.1573,47.6276],[5.1322,47.6202],[5.1013,47.6232],[5.026,47.6488],[5.0098,47.6644],[4.9657,47.6589],[4.9371,47.6696],[4.9148,47.6986],[4.9194,47.7339],[4.8977,47.7409],[4.8781,47.7602],[4.8902,47.7965],[4.9373,47.8149],[4.9203,47.8446],[4.8905,47.8611],[4.8876,47.877],[4.8501,47.869],[4.8011,47.8913],[4.7891,47.9118],[4.8011,47.9341],[4.7556,47.9469],[4.7468,47.9773],[4.599,48.0023],[4.5909,47.9966],[4.5978,47.9629],[4.5666,47.942],[4.5016,47.9402],[4.4566,47.9302],[4.4139,47.9381],[4.3399,47.9293],[4.3207,47.9065],[4.2843,47.8976],[4.2505,47.8992],[4.2122,47.9157],[4.1669,47.9166],[4.108,47.899],[3.9635,47.9066],[3.9089,47.8982],[3.8744,47.9056],[3.8552,47.9222],[3.8622,47.9501],[3.8245,47.9629],[3.8029,47.9876],[3.805,48.0172],[3.7857,48.0326],[3.7847,48.0554],[3.7611,48.0779],[3.7585,48.0979],[3.729,48.1034],[3.7066,48.1177],[3.6481,48.1158],[3.6148,48.156],[3.5857,48.1523],[3.541,48.1743],[3.5362,48.1958],[3.5668,48.2198],[3.5595,48.2402],[3.5701,48.2558],[3.5503,48.2648],[3.5378,48.2892],[3.5138,48.3018],[3.4822,48.3419],[3.4639,48.3437],[3.4306,48.3316],[3.3933,48.3463],[3.3747,48.3689],[3.3748,48.3963],[3.3538,48.4174],[3.3623,48.4478]]]}},{"type":"Feature","properties":{"id":"fr-hdf","name_fr":"Hauts-de-France","name_en":"Hauts-de-France","kind":"region","country":"fr","bbox":[1.3409,48.8104,4.2967,51.1148],"margin_m":3000,"source":"Contours administratifs 2025, data.gouv.fr (IGN Admin Express, OpenStreetMap), ODbL"},"geometry":{"type":"Polygon","coordinates":[[[1.4131,50.0308],[1.3498,50.0462],[1.3409,50.0745],[1.4131,50.1192],[1.4567,50.1983],[1.4819,50.2208],[1.5176,50.2371],[1.5,50.2546],[1.4959,50.2853],[1.5093,50.3611],[1.5228,50.3812],[1.5142,50.4066],[1.5458,50.5489],[1.5343,50.5712],[1.5342,50.6388],[1.5188,50.7038],[1.5245,50.7352],[1.5523,50.751],[1.5639,50.7712],[1.5356,50.8552],[1.549,50.8876],[1.5673,50.8968],[1.6192,50.901],[1.7002,50.9579],[1.8042,50.9868],[1.8464,51.008],[1.8896,51.0063],[2.0994,51.0367],[2.1312,51.0621],[2.1595,51.0709],[2.2177,51.0629],[2.3308,51.0838],[2.3858,51.0772],[2.5255,51.1131],[2.5589,51.1148],[2.598,51.0823],[2.6178,51.0167],[2.6425,51.0062],[2.6719,50.9571],[2.67,50.9329],[2.6495,50.917],[2.6578,50.8535],[2.7498,50.8315],[2.7679,50.8031],[2.8156,50.7688],[2.8257,50.7466],[2.8607,50.7488],[2.8892,50.733],[2.9032,50.7601],[2.9958,50.7978],[3.0733,50.8058],[3.0983,50.8195],[3.1642,50.8152],[3.1892,50.8014],[3.2412,50.7396],[3.2665,50.7363],[3.3007,50.7112],[3.3069,50.6772],[3.2896,50.6555],[3.3219,50.5973],[3.3233,50.5456],[3.3925,50.5252],[3.4536,50.5574],[3.4857,50.5597],[3.5417,50.5472],[3.5599,50.5271],[3.6301,50.52],[3.7039,50.4623],[3.7172,50.4028],[3.7083,50.3649],[3.7401,50.3776],[3.8072,50.3823],[3.859,50.3788],[3.914,50.3613],[3.9635,50.3769],[4.0408,50.384],[4.1553,50.3155],[4.1929,50.3107],[4.2382,50.2909],[4.2576,50.2721],[4.2628,50.2505],[4.2023,50.1986],[4.1962,50.1615],[4.2248,50.1553],[4.2394,50.1435],[4.2725,50.068],[4.2538,50.0446],[4.1894,50.0204],[4.204,49.9954],[4.2715,49.9687],[4.2633,49.9303],[4.2967,49.9094],[4.2903,49.8537],[4.2608,49.8147],[4.29,49.7507],[4.2547,49.7088],[4.1667,49.654],[4.151,49.6187],[4.1055,49.6021],[4.1181,49.5734],[4.1183,49.5222],[4.1064,49.5001],[4.0828,49.4876],[4.1055,49.441],[4.0878,49.4236],[4.077,49.3579],[4.0612,49.3386],[3.9991,49.3328],[3.97,49.3512],[3.9422,49.3535],[3.9178,49.3686],[3.8991,49.3665],[3.8967,49.3406],[3.8718,49.3211],[3.8381,49.3198],[3.8045,49.3301],[3.7517,49.3106],[3.6944,49.3],[3.718,49.2295],[3.7448,49.2058],[3.7872,49.191],[3.7869,49.147],[3.7218,49.1175],[3.6549,49.1218],[3.6783,49.0897],[3.674,49.0642],[3.697,49.0537],[3.7169,49.0286],[3.7168,49.0076],[3.6938,48.9862],[3.6669,48.9777],[3.639,48.9313],[3.6166,48.9189],[3.5997,48.896],[3.5535,48.8858],[3.5175,48.8354],[3.4639,48.8104],[3.4184,48.8233],[3.407,48.837],[3.3598,48.8487],[3.333,48.8824],[3.3062,48.8869],[3.2758,48.9108],[3.2412,48.9168],[3.2171,48.9519],[3.1713,48.9849],[3.136,48.9953],[3.1207,49.0289],[3.1403,49.0563],[3.1126,49.0806],[3.0798,49.0598],[3.0239,49.0597],[3.0021,49.0459],[2.9115,49.0528],[2.8786,49.0437],[2.8463,49.0439],[2.818,49.0583],[2.7717,49.0365],[2.724,49.0345],[2.67,49.0439],[2.6417,49.0713],[2.5965,49.0532],[2.56,49.0584],[2.5401,49.0736],[2.4667,49.084],[2.4493,49.1082],[2.4226,49.1084],[2.3983,49.1232],[2.3509,49.1209],[2.3157,49.1415],[2.2703,49.1279],[2.2166,49.1256],[2.1835,49.1388],[2.1477,49.1415],[2.0654,49.1718],[2.0172,49.1512],[1.8886,49.1359],[1.8577,49.1417],[1.8319,49.1377],[1.7926,49.1537],[1.7476,49.1481],[1.7174,49.1583],[1.6782,49.1913],[1.6751,49.213],[1.659,49.2284],[1.6589,49.2524],[1.6746,49.2772],[1.7332,49.2996],[1.718,49.3535],[1.6822,49.3841],[1.6727,49.407],[1.687,49.4525],[1.7118,49.4728],[1.6767,49.4964],[1.6901,49.5281],[1.6819,49.5477],[1.652,49.5705],[1.6548,49.6102],[1.6719,49.6232],[1.6574,49.6479],[1.6729,49.6653],[1.6473,49.6939],[1.6716,49.7223],[1.6765,49.7467],[1.7022,49.7596],[1.7159,49.7788],[1.6938,49.8055],[1.6704,49.8726],[1.6441,49.8988],[1.5767,49.9222],[1.4823,49.9918],[1.4131,50.0308]]]}},{"type":"Feature","properties":{"id":"fr-idf","name_fr":"Île-de-France","name_en":"Île-de-France","kind":"region","country":"fr","bbox":[1.4068,48.0932,3.5973,49.2684],"margin_m":3000,"source":"Contours administratifs 2025, data.gouv.fr (IGN Admin Express, OpenStreetMap), ODbL"},"geometry":{"type":"Polygon","coordinates":[[[1.4068,49.053],[1.4136,49.0689],[1.4376,49.0858],[1.4698,49.0904],[1.488,49.1071],[1.5188,49.1105],[1.5493,49.0997],[1.5826,49.1088],[1.6117,49.1375],[1.6374,49.223],[1.681,49.261],[1.7133,49.2684],[1.7422,49.26],[1.7776,49.2354],[1.7766,49.2117],[1.819,49.21],[1.8554,49.1984],[1.9014,49.1963],[1.9416,49.2001],[1.9595,49.2092],[1.9928,49.2078],[2.0786,49.2376],[2.1891,49.201],[2.2367,49.2042],[2.2599,49.1893],[2.28,49.2071],[2.3233,49.2119],[2.3458,49.2062],[2.369,49.1862],[2.4537,49.1718],[2.5194,49.1453],[2.5715,49.1489],[2.5864,49.1425],[2.5978,49.1212],[2.6149,49.1328],[2.6468,49.1341],[2.7081,49.1055],[2.7438,49.1039],[2.8011,49.1239],[2.8727,49.1043],[2.9674,49.118],[3.023,49.1172],[3.039,49.1357],[3.067,49.1446],[3.1446,49.1342],[3.2016,49.1124],[3.2038,49.0906],[3.2311,49.0532],[3.2228,49.0302],[3.2936,48.9747],[3.328,48.9708],[3.3475,48.9514],[3.3863,48.9523],[3.4102,48.9334],[3.4157,48.9018],[3.4763,48.8785],[3.4987,48.8772],[3.5223,48.8628],[3.5318,48.838],[3.5226,48.8018],[3.4834,48.7857],[3.4715,48.7667],[3.5078,48.7476],[3.5185,48.697],[3.5065,48.6729],[3.558,48.6681],[3.5967,48.6278],[3.5973,48.6086],[3.5884,48.5983],[3.5563,48.5877],[3.5468,48.572],[3.5192,48.5629],[3.5236,48.5345],[3.4729,48.5053],[3.4703,48.4774],[3.4419,48.4641],[3.445,48.4376],[3.4625,48.4125],[3.4416,48.37],[3.4027,48.363],[3.3928,48.3526],[3.3662,48.3453],[3.288,48.3485],[3.2677,48.3396],[3.1976,48.3367],[3.1673,48.3439],[3.1425,48.3402],[3.1071,48.3225],[3.0823,48.327],[3.0665,48.308],[3.0858,48.273],[3.0812,48.2349],[3.0621,48.2252],[3.0309,48.1866],[2.9757,48.1667],[2.9589,48.141],[2.8913,48.1314],[2.8317,48.1037],[2.7837,48.1072],[2.7651,48.1197],[2.7217,48.1003],[2.6619,48.0932],[2.6276,48.1084],[2.5532,48.1086],[2.5286,48.0986],[2.4406,48.097],[2.4113,48.1089],[2.4041,48.1356],[2.4778,48.2029],[2.4714,48.2137],[2.3926,48.2429],[2.3778,48.283],[2.3473,48.2829],[2.328,48.2916],[2.2456,48.2712],[2.2179,48.2783],[2.2067,48.2916],[2.1787,48.2733],[2.072,48.267],[2.0419,48.2576],[1.9716,48.2604],[1.9394,48.2726],[1.9187,48.31],[1.9328,48.3289],[1.9273,48.3769],[1.8961,48.3895],[1.8858,48.4132],[1.8319,48.4207],[1.8051,48.4391],[1.7731,48.4466],[1.7373,48.5036],[1.739,48.541],[1.6845,48.5566],[1.6616,48.5872],[1.642,48.592],[1.5628,48.6578],[1.5615,48.6738],[1.5396,48.6952],[1.5427,48.7143],[1.5668,48.7391],[1.5439,48.755],[1.536,48.7808],[1.5398,48.835],[1.5074,48.8634],[1.5109,48.8864],[1.4769,48.9089],[1.4562,48.95],[1.4257,48.973],[1.4204,48.9905],[1.4304,49.0058],[1.4068,49.053]]]}},{"type":"Feature","properties":{"id":"fr-nor","name_fr":"Normandie","name_en":"Normandy","kind":"region","country":"fr","bbox":[-1.9884,48.1537,1.8435,50.0967],"margin_m":3000,"source":"Contours administratifs 2025, data.gouv.fr (IGN Admin Express, OpenStreetMap), ODbL"},"geometry":{"type":"MultiPolygon","coordinates":[[[[-1.872,48.8931],[-1.8435,48.9048],[-1.813,48.9002],[-1.7839,48.8738],[-1.7926,48.8541],[-1.8258,48.8421],[-1.8567,48.8485],[-1.8749,48.8643],[-1.872,48.8931]]],[[[-1.9792,49.7372],[-1.9514,49.752],[-1.9265,49.7539],[-1.8757,49.7401],[-1.8451,49.7423],[-1.8124,49.7317],[-1.7934,49.714],[-1.7524,49.7052],[-1.7041,49.705],[-1.6462,49.6861],[-1.5476,49.6815],[-1.5211,49.6893],[-1.4945,49.7199],[-1.4228,49.7312],[-1.3614,49.7328],[-1.2521,49.7202],[-1.2296,49.7058],[-1.2255,49.6872],[-1.2008,49.6641],[-1.188,49.6077],[-1.2126,49.5665],[-1.264,49.5456],[-1.1344,49.4254],[-1.1219,49.3983],[-1.0857,49.4155],[-0.9364,49.422],[-0.8444,49.3899],[-0.7933,49.3807],[-0.6163,49.3674],[-0.5273,49.3725],[-0.4034,49.3619],[-0.2688,49.3191],[-0.1558,49.315],[-0.0193,49.35],[0.0812,49.4128],[0.1397,49.4337],[0.0953,49.4426],[0.0753,49.4569],[0.0322,49.4948],[0.0245,49.5157],[0.0438,49.5575],[0.1108,49.6488],[0.1229,49.6914],[0.1795,49.7346],[0.3149,49.7699],[0.3413,49.7886],[0.4512,49.8265],[0.5625,49.8762],[0.6975,49.8991],[0.775,49.9004],[0.95,49.9455],[1.0165,49.943],[1.0469,49.9499],[1.1716,49.9913],[1.3464,50.0868],[1.4507,50.0967],[1.4898,50.0811],[1.4988,50.0551],[1.6028,49.9932],[1.6296,49.9656],[1.7134,49.932],[1.7495,49.8988],[1.7726,49.8248],[1.8212,49.7764],[1.8218,49.7472],[1.7744,49.7195],[1.7889,49.7056],[1.7935,49.6777],[1.7549,49.6434],[1.7625,49.6273],[1.7559,49.6041],[1.7608,49.579],[1.7885,49.5372],[1.8229,49.5205],[1.8315,49.5063],[1.8093,49.4565],[1.7674,49.4256],[1.8123,49.3478],[1.8129,49.3156],[1.8346,49.3004],[1.8435,49.2708],[1.8143,49.2249],[1.7854,49.22],[1.7452,49.2296],[1.7169,49.1994],[1.6987,49.1293],[1.6656,49.0945],[1.6585,49.0719],[1.6256,49.0531],[1.5413,49.0444],[1.5115,49.0305],[1.5209,49.0091],[1.557,48.9873],[1.5476,48.9416],[1.5322,48.9231],[1.5063,48.911],[1.5121,48.8928],[1.4956,48.8585],[1.4008,48.8192],[1.4181,48.7924],[1.3987,48.7598],[1.3377,48.7343],[1.2981,48.7381],[1.2772,48.731],[1.2129,48.7319],[1.1832,48.7442],[1.1551,48.743],[1.1271,48.7206],[1.0755,48.7225],[1.0441,48.7026],[0.9037,48.6835],[0.8859,48.6651],[0.8631,48.6564],[0.8885,48.6003],[0.9472,48.5828],[0.9696,48.5683],[0.9787,48.5492],[1.0003,48.5397],[1.0069,48.5177],[0.9898,48.4681],[1.0088,48.4575],[1.0169,48.4372],[0.9888,48.4083],[0.9862,48.3868],[0.9415,48.3534],[0.8949,48.3306],[0.8153,48.3169],[0.8475,48.2946],[0.832,48.2684],[0.8676,48.2242],[0.8686,48.2016],[0.8233,48.1724],[0.7483,48.1537],[0.6889,48.1845],[0.6651,48.2158],[0.625,48.208],[0.5932,48.2182],[0.5222,48.2242],[0.455,48.2769],[0.4143,48.2822],[0.3639,48.3037],[0.3427,48.3297],[0.3354,48.4218],[0.3279,48.435],[0.2831,48.4523],[0.2261,48.446],[0.1784,48.4168],[0.1457,48.4101],[0.1244,48.3887],[0.1022,48.3837],[0.0839,48.3575],[0.0343,48.3533],[-0.0098,48.3607],[-0.0529,48.3486],[-0.0704,48.3517],[-0.093,48.3693],[-0.0975,48.4214],[-0.1401,48.4244],[-0.1819,48.4428],[-0.1908,48.4744],[-0.2115,48.4957],[-0.2096,48.5206],[-0.244,48.4876],[-0.2819,48.4793],[-0.3063,48.4838],[-0.3394,48.4583],[-0.371,48.4583],[-0.4179,48.48],[-0.4463,48.4844],[-0.4952,48.4748],[-0.5356,48.4488],[-0.5822,48.4434],[-0.6367,48.4187],[-0.6645,48.4184],[-0.687,48.4301],[-0.7602,48.4092],[-0.8337,48.432],[-0.8728,48.4716],[-0.9049,48.4686],[-0.9404,48.4781],[-0.9593,48.4686],[-1.0058,48.4622],[-1.0638,48.4823],[-1.1575,48.4917],[-1.2246,48.5107],[-1.2348,48.5111],[-1.2546,48.4877],[-1.2941,48.4728],[-1.3199,48.4516],[-1.3776,48.4299],[-1.4439,48.437],[-1.4753,48.4586],[-1.513,48.4671],[-1.5724,48.5397],[-1.5836,48.5897],[-1.6017,48.602],[-1.6113,48.6297],[-1.5957,48.6477],[-1.5518,48.6575],[-1.4844,48.6466],[-1.4949,48.6571],[-1.5335,48.6692],[-1.5561,48.7061],[-1.6041,48.7285],[-1.6149,48.7524],[-1.6123,48.8061],[-1.6349,48.8107],[-1.6546,48.8294],[-1.6455,48.8514],[-1.6201,48.8641],[-1.601,48.9357],[-1.6031,48.9789],[-1.6331,49.0153],[-1.6515,49.083],[-1.6359,49.1363],[-1.6427,49.1797],[-1.6783,49.2103],[-1.7428,49.3032],[-1.7938,49.3436],[-1.828,49.3485],[-1.849,49.3654],[-1.8637,49.398],[-1.865,49.4438],[-1.8859,49.4654],[-1.8862,49.4886],[-1.9122,49.5011],[-1.926,49.519],[-1.9205,49.5527],[-1.8831,49.5803],[-1.8873,49.6185],[-1.8941,49.6329],[-1.9793,49.6581],[-1.9884,49.701],[-1.9792,49.7372]]]]}},{"type":"Feature","properties":{"id":"fr-naq","name_fr":"Nouvelle-Aquitaine","name_en":"Nouvelle-Aquitaine","kind":"region","country":"fr","bbox":[-1.8262,42.7528,2.65,47.2023],"margin_m":3000,"source":"Contours administratifs 2025, data.gouv.fr (IGN Admin Express, OpenStreetMap), ODbL"},"geometry":{"type":"Polygon","coordinates":[[[-1.8158,43.3344],[-1.8262,43.3832],[-1.8037,43.4031],[-1.6849,43.4225],[-1.6284,43.4507],[-1.6001,43.4958],[-1.5627,43.53],[-1.4832,43.6495],[-1.4731,43.7182],[-1.35,44.146],[-1.2968,44.4317],[-1.2879,44.4914],[-1.295,44.5694],[-1.273,44.6001],[-1.2935,44.6176],[-1.2984,44.6468],[-1.2012,45.2887],[-1.1889,45.4901],[-1.1224,45.5815],[-1.0709,45.5985],[-1.1416,45.627],[-1.1766,45.6496],[-1.2318,45.646],[-1.2597,45.6592],[-1.2767,45.7064],[-1.2829,45.7748],[-1.2734,45.7968],[-1.291,45.8508],[-1.3151,45.8752],[-1.3802,45.9075],[-1.419,45.9392],[-1.4339,45.9757],[-1.4268,45.9951],[-1.4517,46.0483],[-1.4362,46.0683],[-1.3984,46.0745],[-1.3502,46.0625],[-1.2908,46.0157],[-1.2486,46.0174],[-1.2172,46.0091],[-1.2076,46.0379],[-1.1746,46.0519],[-1.1346,46.0436],[-1.1161,46.021],[-1.0991,46.023],[-1.1238,46.0417],[-1.1341,46.0754],[-1.1681,46.0858],[-1.181,46.1126],[-1.2013,46.12],[-1.2492,46.1274],[-1.2762,46.1175],[-1.3184,46.1171],[-1.3622,46.1286],[-1.4708,46.1753],[-1.5155,46.1674],[-1.5523,46.1783],[-1.5945,46.2234],[-1.6003,46.2505],[-1.5736,46.2704],[-1.55,46.2712],[-1.5186,46.2845],[-1.4845,46.2826],[-1.4456,46.2559],[-1.3989,46.2551],[-1.3728,46.234],[-1.2824,46.2137],[-1.2524,46.1914],[-1.2322,46.2271],[-1.1573,46.2775],[-1.1659,46.3051],[-1.1591,46.3232],[-1.1422,46.3373],[-1.1041,46.3455],[-1.0739,46.3726],[-0.9162,46.3966],[-0.8891,46.3756],[-0.8966,46.3529],[-0.876,46.3527],[-0.8485,46.3673],[-0.7966,46.3691],[-0.7734,46.3623],[-0.7435,46.3364],[-0.712,46.3501],[-0.6724,46.3466],[-0.6437,46.364],[-0.6786,46.3907],[-0.6754,46.4336],[-0.6578,46.459],[-0.6842,46.5047],[-0.6774,46.5363],[-0.6529,46.5507],[-0.6647,46.6096],[-0.6924,46.6232],[-0.6978,46.6455],[-0.6881,46.6579],[-0.7188,46.6817],[-0.7101,46.7039],[-0.7324,46.7175],[-0.7637,46.7569],[-0.7666,46.7832],[-0.7573,46.801],[-0.8087,46.8236],[-0.868,46.8732],[-0.8603,46.9059],[-0.9064,46.9258],[-0.9416,46.9636],[-0.9271,46.9932],[-0.7961,47.0314],[-0.7109,47.0198],[-0.6718,47.0298],[-0.6197,47.0229],[-0.596,47.044],[-0.5987,47.0649],[-0.5808,47.086],[-0.4965,47.1101],[-0.4587,47.11],[-0.4327,47.1015],[-0.4012,47.1183],[-0.3302,47.1179],[-0.2663,47.1326],[-0.2141,47.1261],[-0.1802,47.1352],[-0.1349,47.1307],[-0.1115,47.121],[-0.0751,47.1268],[-0.0356,47.1792],[0.0002,47.1998],[0.0276,47.2023],[0.0762,47.1886],[0.1145,47.1558],[0.1994,47.1394],[0.2387,47.0981],[0.2807,47.0937],[0.3367,47.069],[0.3488,47.0432],[0.3465,46.9734],[0.3681,46.9769],[0.4241,46.964],[0.4894,46.9847],[0.5341,46.9865],[0.5323,47.0186],[0.5687,47.0335],[0.6332,47.0326],[0.6601,47.0134],[0.7202,46.9933],[0.7419,46.9525],[0.747,46.9117],[0.7658,46.8935],[0.789,46.8887],[0.8302,46.8635],[0.868,46.7875],[0.9349,46.7509],[0.952,46.7299],[0.9671,46.6944],[0.9499,46.6676],[0.9564,46.6454],[0.9411,46.6289],[0.9462,46.6201],[0.9753,46.6016],[1.0428,46.5864],[1.0576,46.5659],[1.1108,46.5612],[1.1624,46.5335],[1.1845,46.5131],[1.1951,46.4678],[1.2492,46.4435],[1.2447,46.4039],[1.2766,46.4036],[1.3009,46.4211],[1.3478,46.4285],[1.3839,46.4192],[1.4193,46.3936],[1.4677,46.4204],[1.4889,46.4427],[1.5205,46.4536],[1.5567,46.4479],[1.5711,46.4381],[1.6079,46.4501],[1.6527,46.4359],[1.693,46.4444],[1.7164,46.4327],[1.7088,46.4501],[1.7186,46.4677],[1.7807,46.4819],[1.8125,46.4803],[1.844,46.4596],[1.8984,46.4696],[1.9401,46.4631],[1.9857,46.4681],[2.0129,46.4568],[2.0916,46.4433],[2.1978,46.4553],[2.2576,46.4527],[2.3107,46.4381],[2.3214,46.4053],[2.3418,46.4041],[2.3669,46.3896],[2.3749,46.3574],[2.4114,46.3533],[2.456,46.3203],[2.5135,46.2957],[2.519,46.27],[2.5519,46.25],[2.5651,46.2023],[2.5976,46.1786],[2.6041,46.137],[2.5897,46.1094],[2.5905,46.0864],[2.6037,46.0664],[2.6366,46.0458],[2.6348,45.9981],[2.65,45.9707],[2.6325,45.9464],[2.5903,45.9264],[2.5965,45.9122],[2.5839,45.8929],[2.549,45.8741],[2.5202,45.8456],[2.4844,45.8375],[2.4535,45.8145],[2.4712,45.7856],[2.5146,45.7656],[2.5604,45.7193],[2.5649,45.6514],[2.5522,45.6258],[2.5183,45.6126],[2.5099,45.5932],[2.5442,45.5722],[2.556,45.5519],[2.558,45.5145],[2.5325,45.4291],[2.5502,45.4211],[2.5655,45.3982],[2.5589,45.3714],[2.5401,45.3572],[2.4865,45.3431],[2.4654,45.3446],[2.4053,45.3703],[2.3959,45.3282],[2.3823,45.3122],[2.3421,45.299],[2.3141,45.2669],[2.2932,45.2607],[2.2678,45.2289],[2.2357,45.2103],[2.2377,45.1973],[2.2633,45.1857],[2.2693,45.1583],[2.2275,45.1192],[2.2,45.0619],[2.1455,45.0501],[2.1799,45.0014],[2.1662,44.9721],[2.1517,44.9619],[2.0698,44.9489],[2.0084,44.9502],[1.9633,44.9278],[1.9289,44.9272],[1.9116,44.9361],[1.8379,44.9023],[1.7939,44.8937],[1.7628,44.898],[1.7186,44.9217],[1.7113,44.9382],[1.6791,44.9526],[1.669,44.9713],[1.6216,45.0038],[1.5808,45.0099],[1.5477,45.0016],[1.517,45.0104],[1.4974,44.9961],[1.4545,44.9871],[1.479,44.9271],[1.4726,44.8617],[1.4399,44.8455],[1.4303,44.8307],[1.4021,44.8215],[1.4009,44.8047],[1.3859,44.7895],[1.353,44.7807],[1.3601,44.7698],[1.3533,44.7349],[1.3113,44.694],[1.2802,44.687],[1.2363,44.6586],[1.1882,44.655],[1.1865,44.6246],[1.1397,44.5876],[1.1367,44.5592],[1.1141,44.5458],[1.0666,44.5376],[1.046,44.5225],[1.0618,44.4581],[1.0923,44.4381],[1.1017,44.3763],[1.088,44.3494],[1.0689,44.3395],[1.0061,44.3383],[0.947,44.3178],[0.9839,44.2881],[0.9859,44.2652],[0.927,44.1684],[0.9291,44.1282],[0.8989,44.1067],[0.87,44.0994],[0.8349,44.1063],[0.8225,44.0898],[0.7856,44.0857],[0.7712,44.047],[0.729,44.0321],[0.6906,44.002],[0.668,43.9973],[0.6405,44.002],[0.5952,44.0433],[0.5589,44.0278],[0.48,44.0262],[0.4694,44.0098],[0.4159,43.9943],[0.3984,43.9824],[0.3529,43.9852],[0.3348,43.9707],[0.3116,43.9647],[0.2132,43.987],[0.1942,43.9609],[0.1738,43.9486],[0.1316,43.9482],[0.1035,43.9574],[0.1083,43.9026],[0.0931,43.8832],[0.0618,43.8699],[0.0095,43.8784],[-0.0442,43.907],[-0.0551,43.9217],[-0.0887,43.9021],[-0.1329,43.9094],[-0.1662,43.9005],[-0.1492,43.8724],[-0.1569,43.8464],[-0.1508,43.8328],[-0.1596,43.7993],[-0.1769,43.7853],[-0.1568,43.737],[-0.1668,43.7185],[-0.2025,43.6961],[-0.2063,43.6522],[-0.2203,43.6338],[-0.2113,43.6202],[-0.1727,43.6237],[-0.1465,43.6126],[-0.1174,43.6137],[-0.0679,43.5989],[-0.0551,43.5736],[-0.0399,43.5676],[-0.0096,43.534],[-0.0052,43.5046],[0.0442,43.4321],[0.0384,43.3837],[0.0667,43.3445],[0.039,43.3085],[0.0005,43.2994],[0.0198,43.2684],[-0.0145,43.2093],[-0.0333,43.1934],[-0.0351,43.1655],[-0.0536,43.1525],[-0.0994,43.14],[-0.1207,43.1085],[-0.1507,43.091],[-0.1544,43.0711],[-0.1456,43.0564],[-0.1535,43.0354],[-0.1923,43.0145],[-0.2246,43.0068],[-0.2539,42.9836],[-0.2442,42.9308],[-0.2626,42.9088],[-0.2811,42.9031],[-0.2703,42.8693],[-0.2962,42.8173],[-0.3301,42.8074],[-0.3664,42.7771],[-0.4466,42.769],[-0.492,42.7849],[-0.5382,42.7528],[-0.5666,42.7532],[-0.5939,42.762],[-0.6061,42.7781],[-0.6315,42.7914],[-0.6363,42.8134],[-0.6565,42.8286],[-0.6936,42.8521],[-0.7317,42.8614],[-0.7601,42.8789],[-0.7752,42.9379],[-0.8101,42.9243],[-0.9567,42.9277],[-0.9903,42.9389],[-1.0318,42.9653],[-1.0924,42.975],[-1.1146,42.9859],[-1.1556,42.9832],[-1.179,43.0059],[-1.2232,43.0224],[-1.2438,43.0157],[-1.2745,43.0182],[-1.3112,43.0399],[-1.3265,43.0103],[-1.3504,43.0014],[-1.4518,43.0204],[-1.5027,43.0664],[-1.5099,43.0885],[-1.4995,43.1094],[-1.4519,43.1423],[-1.4378,43.1848],[-1.4214,43.2032],[-1.4182,43.2413],[-1.4754,43.2462],[-1.5246,43.2663],[-1.5536,43.228],[-1.5798,43.2231],[-1.6238,43.2272],[-1.6524,43.2486],[-1.6673,43.285],[-1.7208,43.2697],[-1.7577,43.278],[-1.7775,43.3136],[-1.8158,43.3344]]]}},{"type":"Feature","properties":{"id":"fr-occ","name_fr":"Occitanie","name_en":"Occitania","kind":"region","country":"fr","bbox":[-0.3615,42.3061,4.8818,45.0719],"margin_m":3000,"source":"Contours administratifs 2025, data.gouv.fr (IGN Admin Express, OpenStreetMap), ODbL"},"geometry":{"type":"Polygon","coordinates":[[[-0.3615,42.9065],[-0.3579,42.9313],[-0.3242,42.9504],[-0.3299,42.9943],[-0.3185,43.0202],[-0.2974,43.0309],[-0.2928,43.0518],[-0.2679,43.0651],[-0.2359,43.0662],[-0.234,43.1083],[-0.222,43.1327],[-0.1788,43.147],[-0.1415,43.2009],[-0.1089,43.2068],[-0.1094,43.2154],[-0.1295,43.2147],[-0.1536,43.2275],[-0.177,43.2762],[-0.1513,43.3193],[-0.1369,43.3872],[-0.1008,43.4007],[-0.1079,43.4356],[-0.1022,43.4664],[-0.0852,43.4861],[-0.0802,43.5123],[-0.1247,43.5282],[-0.1306,43.554],[-0.2607,43.5599],[-0.3161,43.6125],[-0.319,43.6461],[-0.2937,43.668],[-0.2842,43.7195],[-0.2521,43.7387],[-0.2634,43.8151],[-0.2331,43.8363],[-0.2436,43.8657],[-0.2718,43.8816],[-0.2715,43.9128],[-0.2553,43.9307],[-0.2238,43.9408],[-0.1948,43.9612],[-0.0906,43.9756],[-0.066,44.0],[-0.0386,44.0106],[-0.0095,44.0026],[0.0282,43.9787],[0.0623,44.008],[0.0918,44.0126],[0.1214,44.029],[0.1526,44.0236],[0.1669,44.0362],[0.2048,44.0492],[0.2493,44.047],[0.2878,44.0271],[0.4161,44.0558],[0.4523,44.082],[0.518,44.09],[0.5402,44.0832],[0.554,44.0979],[0.5948,44.1069],[0.6178,44.1023],[0.6658,44.0685],[0.7035,44.0846],[0.7225,44.119],[0.7515,44.1378],[0.7565,44.1587],[0.7791,44.1706],[0.8164,44.1709],[0.8273,44.2067],[0.8532,44.2195],[0.8805,44.2197],[0.8852,44.2272],[0.8909,44.2705],[0.8485,44.2867],[0.8328,44.3027],[0.8385,44.3343],[0.8541,44.3493],[0.8499,44.3697],[0.8669,44.3987],[0.9184,44.4114],[0.947,44.4031],[0.9642,44.3886],[1.0134,44.3935],[1.0206,44.4072],[0.9881,44.4318],[0.9844,44.4602],[0.9724,44.4734],[0.9751,44.4999],[0.9457,44.5358],[0.95,44.5593],[0.9779,44.5744],[1.0082,44.5747],[1.0591,44.6016],[1.1111,44.6437],[1.1093,44.6712],[1.12,44.6896],[1.1551,44.7054],[1.2025,44.7102],[1.2618,44.7487],[1.2685,44.7587],[1.2564,44.7956],[1.2657,44.81],[1.3229,44.8331],[1.3331,44.8593],[1.3719,44.8755],[1.3836,44.8904],[1.3736,44.9148],[1.3933,44.9363],[1.3764,44.9644],[1.3716,45.0025],[1.3788,45.0233],[1.5132,45.0702],[1.5529,45.0719],[1.642,45.0591],[1.6716,45.0484],[1.7406,44.992],[1.8006,44.9612],[1.8576,44.9789],[1.9048,45.0051],[1.9319,45.0053],[1.9598,44.9948],[2.0425,45.0106],[2.0792,45.001],[2.1,44.9871],[2.1174,44.9462],[2.143,44.9212],[2.1436,44.9011],[2.1275,44.8872],[2.2053,44.8156],[2.2071,44.7732],[2.1925,44.7536],[2.1857,44.7167],[2.2159,44.6802],[2.3191,44.6959],[2.3401,44.6939],[2.3677,44.6768],[2.4276,44.6709],[2.4514,44.6753],[2.4709,44.7075],[2.5083,44.7318],[2.5257,44.7847],[2.562,44.8106],[2.5663,44.8509],[2.5955,44.8852],[2.7262,44.967],[2.7552,44.9656],[2.7847,44.9508],[2.808,44.9265],[2.8116,44.9009],[2.8597,44.9022],[2.8881,44.8924],[2.913,44.8204],[2.9447,44.8149],[2.9715,44.7867],[2.9652,44.7251],[2.9721,44.7056],[3.0054,44.7719],[3.0118,44.8124],[3.0647,44.8732],[3.0729,44.9027],[3.1058,44.9254],[3.1304,44.9305],[3.1659,44.9241],[3.1894,44.9007],[3.1915,44.92],[3.2289,44.9625],[3.255,44.9691],[3.294,44.9663],[3.3529,44.9988],[3.3824,45.0019],[3.4383,44.9693],[3.4529,44.9454],[3.4569,44.907],[3.4936,44.8492],[3.5583,44.8601],[3.5565,44.8826],[3.5716,44.8987],[3.6338,44.9078],[3.6742,44.8984],[3.7097,44.8632],[3.7585,44.8634],[3.8013,44.8195],[3.8715,44.7891],[3.8799,44.7681],[3.9077,44.7548],[3.9144,44.7426],[3.9093,44.7173],[3.9222,44.6955],[3.9157,44.6786],[3.9456,44.6066],[3.9887,44.5791],[4.0228,44.5155],[4.0249,44.4832],[4.0628,44.4659],[4.1031,44.4154],[4.0947,44.3609],[4.1447,44.3615],[4.17,44.3447],[4.1975,44.3406],[4.2152,44.3204],[4.2523,44.3011],[4.2582,44.3311],[4.3189,44.3648],[4.3919,44.3739],[4.4274,44.358],[4.4444,44.3669],[4.5079,44.371],[4.5434,44.3529],[4.5672,44.3495],[4.5862,44.3264],[4.6613,44.3043],[4.7138,44.2415],[4.7389,44.2284],[4.7597,44.1839],[4.7471,44.1143],[4.7889,44.1046],[4.8781,44.0196],[4.8818,43.9881],[4.868,43.967],[4.7972,43.9144],[4.7731,43.9071],[4.7011,43.8577],[4.7029,43.8402],[4.6884,43.8229],[4.6882,43.7779],[4.6495,43.7217],[4.6639,43.6955],[4.6601,43.6727],[4.6251,43.6584],[4.587,43.6606],[4.5365,43.677],[4.5151,43.6754],[4.5048,43.6544],[4.477,43.6409],[4.4972,43.6321],[4.511,43.6147],[4.51,43.5976],[4.4899,43.5729],[4.4491,43.5564],[4.4248,43.5363],[4.3707,43.5207],[4.3129,43.4907],[4.2724,43.4812],[4.2552,43.4405],[4.2276,43.4336],[4.1823,43.4403],[4.1069,43.4648],[4.0755,43.5011],[4.0864,43.5287],[4.048,43.5302],[4.0019,43.5214],[3.9135,43.4878],[3.8216,43.421],[3.7582,43.3958],[3.7356,43.377],[3.6689,43.3644],[3.5948,43.3091],[3.5396,43.2543],[3.4817,43.247],[3.4205,43.2622],[3.394,43.2574],[3.2943,43.213],[3.1937,43.1376],[3.119,43.0473],[3.0803,42.9583],[3.0774,42.9463],[3.0972,42.9196],[3.0767,42.8127],[3.0709,42.6631],[3.0847,42.5602],[3.1623,42.5357],[3.1746,42.5189],[3.1714,42.5014],[3.1849,42.493],[3.2132,42.4448],[3.2073,42.4237],[3.1777,42.409],[3.1282,42.4079],[3.0864,42.3984],[3.0617,42.4053],[3.0196,42.4402],[2.9953,42.4433],[2.9519,42.4415],[2.9266,42.4298],[2.8822,42.4333],[2.8604,42.4275],[2.8131,42.393],[2.7675,42.3847],[2.7347,42.3964],[2.7071,42.3821],[2.7123,42.341],[2.6902,42.3177],[2.6559,42.3139],[2.5812,42.3269],[2.554,42.3082],[2.5284,42.3061],[2.4723,42.3143],[2.4008,42.3661],[2.2629,42.405],[2.211,42.3903],[2.1635,42.3943],[2.1475,42.3694],[2.1014,42.3378],[2.0138,42.3201],[1.9695,42.3375],[1.9407,42.3596],[1.9081,42.4202],[1.8698,42.4255],[1.8155,42.4566],[1.7273,42.4655],[1.7014,42.476],[1.686,42.5236],[1.7062,42.5669],[1.6871,42.5954],[1.5967,42.5988],[1.5477,42.625],[1.5134,42.6188],[1.5071,42.5987],[1.4803,42.5808],[1.4331,42.576],[1.4073,42.5881],[1.3786,42.6393],[1.3185,42.6919],[1.2483,42.6877],[1.2285,42.6949],[1.1802,42.6819],[1.1554,42.683],[1.111,42.707],[1.0943,42.7413],[1.0676,42.7557],[0.9829,42.7599],[0.9557,42.7686],[0.9197,42.7628],[0.8365,42.8015],[0.8004,42.8113],[0.7609,42.812],[0.7092,42.8311],[0.6973,42.7599],[0.7193,42.7098],[0.7086,42.6787],[0.6869,42.665],[0.5446,42.6734],[0.5265,42.6655],[0.4212,42.6635],[0.3801,42.6745],[0.3626,42.6873],[0.3435,42.6622],[0.2996,42.6465],[0.2696,42.6542],[0.2336,42.6779],[0.2279,42.6912],[0.1886,42.7046],[0.1242,42.6846],[0.0962,42.6848],[0.0752,42.6738],[-0.0197,42.6583],[-0.0819,42.6724],[-0.1001,42.6946],[-0.1271,42.6987],[-0.138,42.7073],[-0.1531,42.7346],[-0.1834,42.7587],[-0.2337,42.7734],[-0.338,42.8266],[-0.3615,42.9065]]]}},{"type":"Feature","properties":{"id":"fr-pdl","name_fr":"Pays de la Loire","name_en":"Pays de la Loire","kind":"region","country":"fr","bbox":[-2.6637,46.2434,0.9552,48.5911],"margin_m":3000,"source":"Contours administratifs 2025, data.gouv.fr (IGN Admin Express, OpenStreetMap), ODbL"},"geometry":{"type":"MultiPolygon","coordinates":[[[[-2.4262,46.7464],[-2.3957,46.7587],[-2.3665,46.7599],[-2.2935,46.7408],[-2.2512,46.7082],[-2.243,46.6907],[-2.2497,46.6754],[-2.2742,46.662],[-2.3056,46.6655],[-2.3342,46.6598],[-2.4068,46.679],[-2.4379,46.7174],[-2.4262,46.7464]]],[[[-2.6267,47.3831],[-2.6458,47.3875],[-2.6637,47.4043],[-2.6587,47.4248],[-2.6271,47.4395],[-2.5949,47.434],[-2.5779,47.4137],[-2.5886,47.3933],[-2.6267,47.3831]]],[[[-2.4904,47.472],[-2.4424,47.5013],[-2.4181,47.504],[-2.3869,47.4888],[-2.3527,47.4887],[-2.3349,47.5268],[-2.311,47.5415],[-2.2512,47.5399],[-2.2307,47.5325],[-2.1862,47.5392],[-2.1426,47.5556],[-2.1434,47.5926],[-2.1285,47.6159],[-2.1362,47.6355],[-2.125,47.656],[-2.0584,47.6933],[-2.022,47.6976],[-1.9877,47.7197],[-1.9447,47.7133],[-1.864,47.7349],[-1.7791,47.7276],[-1.7122,47.7412],[-1.6776,47.7394],[-1.6647,47.7693],[-1.6463,47.7855],[-1.5214,47.8249],[-1.518,47.8445],[-1.4939,47.8605],[-1.3749,47.8532],[-1.3329,47.8219],[-1.2819,47.8126],[-1.2588,47.8401],[-1.2574,47.8661],[-1.2378,47.8797],[-1.2315,47.9026],[-1.2066,47.9285],[-1.1895,47.9797],[-1.1407,48.0116],[-1.064,48.0123],[-1.075,48.0313],[-1.0718,48.0617],[-1.1162,48.1595],[-1.1414,48.2566],[-1.1275,48.3002],[-1.0925,48.3295],[-1.105,48.3664],[-1.099,48.3833],[-1.1204,48.4115],[-1.1213,48.4435],[-1.109,48.4609],[-1.1186,48.4941],[-1.1047,48.523],[-1.0712,48.5418],[-1.0406,48.5389],[-1.002,48.5212],[-0.9604,48.5441],[-0.9125,48.5393],[-0.8878,48.526],[-0.8287,48.5232],[-0.7876,48.4923],[-0.7611,48.4894],[-0.665,48.5134],[-0.6423,48.5075],[-0.6234,48.4914],[-0.5726,48.5034],[-0.5222,48.5345],[-0.4432,48.5421],[-0.3648,48.5285],[-0.3363,48.5478],[-0.3025,48.5474],[-0.2652,48.5904],[-0.2049,48.5911],[-0.1081,48.5398],[-0.1049,48.5187],[-0.1172,48.5018],[-0.1082,48.475],[-0.0731,48.4853],[-0.0335,48.4773],[-0.0114,48.4594],[-0.0132,48.4226],[0.0299,48.4164],[0.1297,48.4822],[0.2503,48.51],[0.3176,48.505],[0.3794,48.4802],[0.4015,48.4614],[0.4225,48.4298],[0.4146,48.402],[0.4275,48.3475],[0.4579,48.3333],[0.4892,48.3366],[0.5179,48.3293],[0.5465,48.3025],[0.5467,48.2901],[0.5729,48.272],[0.6,48.2715],[0.6529,48.2912],[0.7103,48.2746],[0.7651,48.2137],[0.8103,48.2205],[0.8558,48.1941],[0.8985,48.1876],[0.9315,48.1729],[0.9552,48.1468],[0.9402,48.1146],[0.8851,48.1021],[0.8833,48.0706],[0.8678,48.0517],[0.8823,48.0269],[0.8681,47.986],[0.8892,47.9438],[0.8766,47.923],[0.8563,47.9147],[0.8545,47.8827],[0.8289,47.8641],[0.811,47.8619],[0.8143,47.8354],[0.8055,47.821],[0.7471,47.7756],[0.7326,47.7492],[0.6548,47.7268],[0.6447,47.7131],[0.6591,47.696],[0.6574,47.6838],[0.6434,47.664],[0.6124,47.6481],[0.4929,47.6177],[0.4631,47.5939],[0.4367,47.5919],[0.4382,47.5666],[0.3961,47.5442],[0.3626,47.5436],[0.285,47.571],[0.2726,47.5712],[0.2466,47.5512],[0.2658,47.5285],[0.2569,47.4918],[0.2223,47.445],[0.2244,47.4208],[0.2112,47.4008],[0.222,47.3753],[0.128,47.2855],[0.1122,47.2404],[0.1158,47.2064],[0.0902,47.1529],[0.068,47.1385],[0.0175,47.1365],[0.0058,47.1215],[0.0093,47.0897],[-0.0058,47.069],[-0.0367,47.0599],[-0.0631,47.066],[-0.0739,47.0463],[-0.1309,47.0275],[-0.1998,47.0468],[-0.234,47.0737],[-0.2849,47.073],[-0.3341,47.0608],[-0.3598,47.0641],[-0.3994,47.04],[-0.4419,47.0407],[-0.4808,47.0263],[-0.5028,47.0318],[-0.508,47.0191],[-0.5673,46.979],[-0.606,46.9669],[-0.7147,46.957],[-0.78,46.9686],[-0.8158,46.9612],[-0.7729,46.932],[-0.7763,46.886],[-0.7446,46.8584],[-0.6963,46.8467],[-0.6638,46.8209],[-0.6618,46.8001],[-0.6854,46.7768],[-0.6663,46.7675],[-0.6212,46.7125],[-0.6203,46.6902],[-0.6027,46.6765],[-0.6,46.655],[-0.5762,46.6272],[-0.5632,46.5354],[-0.5874,46.504],[-0.5692,46.456],[-0.5788,46.435],[-0.5218,46.4122],[-0.5,46.3923],[-0.5049,46.3723],[-0.5314,46.3425],[-0.5772,46.3292],[-0.6206,46.2975],[-0.6484,46.2887],[-0.6841,46.2914],[-0.7057,46.2779],[-0.7458,46.2753],[-0.82,46.3016],[-0.8433,46.2912],[-0.8757,46.2936],[-0.9404,46.2842],[-0.9937,46.3062],[-1.001,46.3241],[-1.02,46.323],[-1.0364,46.3166],[-1.0463,46.2995],[-1.0795,46.288],[-1.1402,46.2845],[-1.1615,46.2895],[-1.1777,46.2501],[-1.2248,46.2434],[-1.2754,46.2713],[-1.2933,46.2665],[-1.3223,46.2718],[-1.3697,46.3165],[-1.4829,46.3182],[-1.506,46.3338],[-1.5313,46.3793],[-1.5901,46.3817],[-1.6622,46.395],[-1.7908,46.4624],[-1.8346,46.4715],[-1.851,46.4876],[-1.8909,46.5943],[-1.9628,46.6655],[-1.9975,46.6762],[-2.0196,46.7085],[-2.0503,46.7315],[-2.1694,46.7996],[-2.1822,46.818],[-2.1949,46.8859],[-2.2241,46.931],[-2.232,46.9365],[-2.2536,46.9317],[-2.2843,46.9373],[-2.3408,46.9854],[-2.3444,47.0255],[-2.3342,47.0435],[-2.3037,47.0538],[-2.2447,47.0542],[-2.195,47.033],[-2.1803,47.0146],[-2.1797,46.989],[-2.1349,46.9725],[-2.115,46.9513],[-2.0851,46.9734],[-2.0662,47.019],[-2.0329,47.0415],[-2.0901,47.0758],[-2.2288,47.0987],[-2.2798,47.1174],[-2.2873,47.1373],[-2.2791,47.1508],[-2.2464,47.1752],[-2.2019,47.1856],[-2.2011,47.2019],[-2.2203,47.2298],[-2.2602,47.212],[-2.3002,47.2068],[-2.3575,47.2299],[-2.3804,47.2505],[-2.4066,47.2327],[-2.4528,47.2349],[-2.5795,47.2764],[-2.5808,47.3098],[-2.5433,47.3269],[-2.596,47.3651],[-2.5945,47.3863],[-2.4955,47.4387],[-2.4904,47.472]]]]}},{"type":"Feature","properties":{"id":"fr-pac","name_fr":"Provence-Alpes-Côte d'Azur","name_en":"Provence-Alpes-Côte d'Azur","kind":"region","country":"fr","bbox":[4.1962,42.9559,7.7535,45.1529],"margin_m":3000,"source":"Contours administratifs 2025, data.gouv.fr (IGN Admin Express, OpenStreetMap), ODbL"},"geometry":{"type":"MultiPolygon","coordinates":[[[[6.3228,43.0099],[6.3304,43.0313],[6.3457,43.0418],[6.4165,43.0453],[6.4537,43.0693],[6.5009,43.08],[6.5401,43.0663],[6.5434,43.0336],[6.4851,42.9923],[6.3983,42.9661],[6.3414,42.9823],[6.3228,43.0099]]],[[[4.219,43.5216],[4.2735,43.538],[4.2723,43.5554],[4.2971,43.5797],[4.3166,43.5843],[4.3547,43.5741],[4.3978,43.6043],[4.3919,43.6341],[4.4179,43.6765],[4.4592,43.7177],[4.5362,43.7345],[4.5751,43.7252],[4.5947,43.7706],[4.6161,43.7931],[4.604,43.8502],[4.61,43.8813],[4.6639,43.9052],[4.719,43.9489],[4.7562,43.9609],[4.7728,43.977],[4.7858,44.0065],[4.7801,44.022],[4.7522,44.0477],[4.695,44.0615],[4.6717,44.0962],[4.6798,44.1739],[4.6409,44.2019],[4.6374,44.2266],[4.6118,44.2633],[4.6133,44.3266],[4.6227,44.3479],[4.6514,44.3568],[4.692,44.3478],[4.7228,44.3535],[4.779,44.3499],[4.8363,44.3183],[4.8433,44.2761],[4.8623,44.2856],[4.8321,44.3407],[4.8427,44.3669],[4.8728,44.3906],[4.8772,44.4101],[4.897,44.43],[4.9529,44.455],[4.9788,44.4578],[5.0422,44.4369],[5.0571,44.4122],[5.1019,44.3987],[5.1048,44.3655],[5.0568,44.3345],[5.0804,44.3311],[5.1015,44.3103],[5.1503,44.3393],[5.1668,44.3419],[5.1972,44.3318],[5.2108,44.3139],[5.1969,44.2735],[5.1995,44.2456],[5.2503,44.2582],[5.3128,44.2367],[5.369,44.2397],[5.4144,44.2176],[5.4239,44.181],[5.4647,44.1699],[5.4869,44.1446],[5.5138,44.1534],[5.5569,44.2112],[5.5952,44.2183],[5.639,44.2146],[5.6356,44.2419],[5.6194,44.2488],[5.5706,44.3055],[5.5465,44.303],[5.5114,44.3141],[5.4846,44.3107],[5.397,44.3606],[5.3934,44.3826],[5.4012,44.393],[5.3818,44.4314],[5.4233,44.4583],[5.4219,44.5066],[5.4408,44.5231],[5.4658,44.5275],[5.5884,44.5002],[5.5941,44.5104],[5.5627,44.5322],[5.5614,44.5555],[5.6046,44.6245],[5.612,44.6681],[5.6487,44.6822],[5.7145,44.6705],[5.7403,44.688],[5.7682,44.6884],[5.7657,44.7156],[5.802,44.7799],[5.8266,44.7867],[5.8717,44.7781],[5.9214,44.7862],[5.9129,44.8116],[5.9353,44.8324],[6.0194,44.8644],[6.0464,44.8625],[6.0617,44.8534],[6.1255,44.891],[6.2285,44.8799],[6.2679,44.8979],[6.3162,44.8978],[6.3157,44.9224],[6.2926,44.9367],[6.2793,44.9727],[6.233,44.9724],[6.1872,44.9882],[6.1656,45.0106],[6.1709,45.0451],[6.1962,45.0857],[6.1919,45.1152],[6.2199,45.1402],[6.251,45.1529],[6.2821,45.1502],[6.301,45.1374],[6.3167,45.1469],[6.3457,45.1486],[6.3969,45.1172],[6.4107,45.0914],[6.4223,45.0895],[6.4428,45.0896],[6.453,45.1129],[6.5029,45.1355],[6.534,45.1302],[6.5628,45.1481],[6.6287,45.1468],[6.6525,45.1339],[6.698,45.0807],[6.7075,45.0482],[6.7531,45.0428],[6.7755,45.0304],[6.8029,44.9662],[6.7969,44.9235],[6.83,44.909],[6.8395,44.8938],[6.8801,44.8778],[6.8959,44.8748],[6.9135,44.8871],[6.9426,44.8888],[7.0232,44.8645],[7.0553,44.8357],[7.06,44.8149],[7.0471,44.7941],[7.0635,44.7454],[7.0985,44.7271],[7.1145,44.6769],[7.0988,44.6589],[7.0769,44.6534],[7.0003,44.6609],[6.9905,44.6482],[7.0051,44.6258],[7.0008,44.6058],[6.9718,44.5874],[6.966,44.5601],[6.9462,44.5432],[6.8949,44.5174],[6.9834,44.4394],[6.9806,44.4156],[6.96,44.4019],[6.9339,44.3968],[6.9334,44.3773],[6.9529,44.367],[6.9979,44.3119],[7.0272,44.2932],[7.035,44.2593],[7.0871,44.258],[7.1484,44.2326],[7.1662,44.2351],[7.1993,44.2267],[7.2332,44.201],[7.2702,44.1908],[7.2863,44.1723],[7.3629,44.1687],[7.3814,44.1511],[7.4513,44.1555],[7.5585,44.1822],[7.5951,44.1797],[7.6071,44.1942],[7.631,44.2038],[7.6872,44.203],[7.7173,44.187],[7.7107,44.1313],[7.7535,44.0854],[7.7391,44.0361],[7.722,44.0187],[7.7033,44.013],[7.7069,43.9921],[7.6861,43.9614],[7.6347,43.9345],[7.6099,43.9294],[7.5921,43.8842],[7.5356,43.8593],[7.5667,43.7825],[7.551,43.7623],[7.5249,43.7512],[7.5175,43.7335],[7.4942,43.7234],[7.4545,43.7248],[7.4245,43.6967],[7.3849,43.693],[7.3784,43.6703],[7.3493,43.6512],[7.3231,43.6481],[7.2674,43.6674],[7.2369,43.6273],[7.2047,43.6186],[7.1751,43.6268],[7.1633,43.6014],[7.1804,43.5476],[7.1562,43.5221],[7.1073,43.5195],[7.0942,43.4967],[7.0703,43.4834],[7.0425,43.4791],[7.0085,43.4902],[6.9951,43.5218],[6.986,43.5205],[6.9921,43.4973],[6.9837,43.4779],[6.9611,43.4596],[6.9516,43.4347],[6.9146,43.4077],[6.8628,43.3852],[6.7675,43.3854],[6.754,43.3657],[6.7514,43.3391],[6.7292,43.3213],[6.7063,43.3152],[6.7015,43.2993],[6.7341,43.2706],[6.7196,43.2354],[6.6996,43.2245],[6.7178,43.1967],[6.7019,43.1775],[6.6833,43.1709],[6.6811,43.1579],[6.6629,43.1434],[6.6161,43.1315],[6.573,43.1585],[6.5576,43.1423],[6.5113,43.1265],[6.4039,43.1181],[6.4049,43.0812],[6.3691,43.0599],[6.3124,43.0676],[6.2613,43.0909],[6.2045,43.0856],[6.1867,43.0588],[6.2056,43.0383],[6.2334,43.0513],[6.263,43.0454],[6.2836,43.0245],[6.2874,43.0023],[6.2721,42.9776],[6.211,42.9559],[6.1793,42.9595],[6.1375,42.9783],[6.1124,43.0015],[6.0692,43.0096],[6.0558,43.0285],[6.0627,43.0541],[6.014,43.0521],[5.9872,43.068],[5.9613,43.0429],[5.896,43.0419],[5.8679,43.0219],[5.8275,43.0225],[5.7883,43.0429],[5.7521,43.0516],[5.7417,43.07],[5.748,43.0954],[5.7304,43.1082],[5.6689,43.1246],[5.6491,43.1457],[5.6227,43.1321],[5.592,43.1349],[5.554,43.1495],[5.5247,43.1735],[5.5027,43.1703],[5.469,43.1779],[5.4332,43.1786],[5.4319,43.1627],[5.413,43.1484],[5.3606,43.1518],[5.3291,43.1825],[5.2948,43.2016],[5.2935,43.2209],[5.3157,43.2426],[5.2812,43.2365],[5.2567,43.249],[5.2492,43.2625],[5.2653,43.297],[5.3138,43.3136],[5.2967,43.3262],[5.2321,43.302],[5.0466,43.2982],[4.9946,43.3222],[4.9545,43.3786],[4.9432,43.3598],[4.8916,43.3183],[4.8455,43.302],[4.7591,43.3231],[4.6446,43.3218],[4.5703,43.3368],[4.5273,43.3609],[4.516,43.3926],[4.5449,43.4186],[4.5248,43.4259],[4.4608,43.4313],[4.4001,43.4206],[4.2191,43.4347],[4.1962,43.4498],[4.2012,43.5005],[4.219,43.5216]]]]}},{"type":"Feature","properties":{"id":"fr-971","name_fr":"Guadeloupe","name_en":"Guadeloupe","kind":"region","country":"fr","bbox":[-61.8378,15.8068,-60.9741,16.5378],"margin_m":3000,"source":"Contours administratifs 2025, data.gouv.fr (IGN Admin Express, OpenStreetMap), ODbL"},"geometry":{"type":"MultiPolygon","coordinates":[[[[-61.6231,15.8933],[-61.5792,15.9105],[-61.5587,15.9068],[-61.5404,15.8815],[-61.5593,15.8215],[-61.5769,15.8068],[-61.6055,15.8094],[-61.6173,15.818],[-61.6382,15.8131],[-61.67,15.828],[-61.6788,15.8468],[-61.6721,15.8704],[-61.6478,15.8936],[-61.6231,15.8933]]],[[[-61.3464,15.968],[-61.3417,15.9915],[-61.3067,16.0254],[-61.2766,16.032],[-61.2517,16.0257],[-61.21,16.0009],[-61.1748,15.9556],[-61.1674,15.9295],[-61.1828,15.884],[-61.2343,15.8485],[-61.2774,15.8399],[-61.3167,15.8513],[-61.3417,15.8668],[-61.3567,15.8882],[-61.3638,15.9498],[-61.3464,15.968]]],[[[-61.1384,16.144],[-61.1546,16.1578],[-61.1583,16.1771],[-61.1457,16.195],[-61.0999,16.2073],[-61.0761,16.1874],[-61.0837,16.1555],[-61.1048,16.1422],[-61.1384,16.144]]],[[[-61.8067,16.3553],[-61.8072,16.382],[-61.7905,16.3963],[-61.7209,16.3826],[-61.6958,16.3621],[-61.6436,16.3474],[-61.6171,16.3304],[-61.6219,16.3433],[-61.6169,16.364],[-61.596,16.3803],[-61.5648,16.3728],[-61.5525,16.355],[-61.5356,16.3689],[-61.5547,16.3901],[-61.5679,16.4315],[-61.5604,16.4673],[-61.4942,16.5283],[-61.4704,16.5378],[-61.4277,16.5226],[-61.385,16.4788],[-61.3706,16.4319],[-61.3758,16.3859],[-61.3596,16.3647],[-61.3041,16.3574],[-61.2692,16.3434],[-61.2419,16.3252],[-61.222,16.2926],[-61.1763,16.279],[-61.1466,16.2511],[-61.1517,16.2274],[-61.1702,16.2152],[-61.2502,16.2282],[-61.3312,16.2147],[-61.4583,16.1701],[-61.5549,16.1901],[-61.5526,16.1676],[-61.5328,16.1351],[-61.5365,16.115],[-61.5276,16.0594],[-61.5382,16.0247],[-61.6067,15.9488],[-61.6992,15.9195],[-61.7305,15.9338],[-61.7368,15.9628],[-61.7697,15.9963],[-61.7756,16.0198],[-61.7939,16.0449],[-61.8045,16.1575],[-61.8159,16.1962],[-61.8122,16.215],[-61.8257,16.2286],[-61.8378,16.2712],[-61.8276,16.3247],[-61.8067,16.3553]]],[[[-60.9916,16.3707],[-60.9741,16.3372],[-60.9805,16.3166],[-60.996,16.3056],[-61.0934,16.2633],[-61.114,16.2696],[-61.1236,16.2817],[-61.12,16.3194],[-61.1067,16.3335],[-61.0173,16.3764],[-60.9916,16.3707]]]]}},{"type":"Feature","properties":{"id":"fr-972","name_fr":"Martinique","name_en":"Martinique","kind":"region","country":"fr","bbox":[-61.2548,14.3698,-60.7832,14.9057],"margin_m":3000,"source":"Contours administratifs 2025, data.gouv.fr (IGN Admin Express, OpenStreetMap), ODbL"},"geometry":{"type":"Polygon","coordinates":[[[-61.2548,14.8045],[-61.2504,14.845],[-61.2259,14.881],[-61.1855,14.9018],[-61.1455,14.9057],[-61.1067,14.8965],[-61.0102,14.8501],[-60.9794,14.8241],[-60.9743,14.8065],[-60.9513,14.7826],[-60.8899,14.807],[-60.8551,14.7911],[-60.8461,14.7522],[-60.8715,14.719],[-60.8523,14.6986],[-60.8566,14.652],[-60.8406,14.6533],[-60.823,14.6405],[-60.8188,14.6203],[-60.8264,14.604],[-60.8019,14.5803],[-60.8004,14.5277],[-60.7832,14.4853],[-60.7999,14.4189],[-60.8188,14.3925],[-60.8502,14.3705],[-60.8785,14.3698],[-60.9084,14.3916],[-60.9254,14.4368],[-60.9987,14.4404],[-61.0221,14.4497],[-61.0383,14.4326],[-61.0579,14.427],[-61.0998,14.4498],[-61.1287,14.5095],[-61.1096,14.5508],[-61.0768,14.5729],[-61.1073,14.5778],[-61.1276,14.6027],[-61.1493,14.6095],[-61.1763,14.6362],[-61.211,14.6998],[-61.2062,14.7389],[-61.2367,14.7666],[-61.2548,14.8045]]]}},{"type":"Feature","properties":{"id":"fr-973","name_fr":"Guyane","name_en":"French Guiana","kind":"region","country":"fr","bbox":[-54.6291,2.0841,-51.5937,5.7756],"margin_m":3000,"source":"Contours administratifs 2025, data.gouv.fr (IGN Admin Express, OpenStreetMap), ODbL"},"geometry":{"type":"MultiPolygon","coordinates":[[[[-54.603,2.376],[-54.5905,2.379],[-54.563,2.3805],[-54.5372,2.3719],[-54.5244,2.4133],[-54.4941,2.4554],[-54.4818,2.4625],[-54.4429,2.4613],[-54.4253,2.4739],[-54.3728,2.5452],[-54.3752,2.5602],[-54.3551,2.5879],[-54.3432,2.6366],[-54.3041,2.6843],[-54.2887,2.7354],[-54.2371,2.7867],[-54.231,2.845],[-54.214,2.8571],[-54.2221,2.8825],[-54.2181,2.9294],[-54.2017,2.9655],[-54.2121,2.9958],[-54.2022,3.0206],[-54.2212,3.0606],[-54.2066,3.0984],[-54.2286,3.1068],[-54.2377,3.1193],[-54.2388,3.1638],[-54.2138,3.2172],[-54.1908,3.2344],[-54.159,3.2807],[-54.1153,3.3231],[-54.0936,3.3263],[-54.082,3.3654],[-54.0864,3.3873],[-54.0815,3.4],[-54.0451,3.4296],[-54.0316,3.521],[-54.035,3.5675],[-54.0284,3.585],[-54.0116,3.5961],[-54.0165,3.6087],[-54.037,3.6036],[-54.0655,3.6123],[-54.0784,3.6408],[-54.1069,3.6623],[-54.1134,3.6859],[-54.1084,3.7079],[-54.1432,3.7751],[-54.1933,3.7738],[-54.2159,3.7867],[-54.2271,3.8292],[-54.2556,3.8415],[-54.278,3.8873],[-54.3064,3.9152],[-54.3233,3.9823],[-54.3848,4.0402],[-54.3885,4.0673],[-54.3721,4.0915],[-54.3738,4.1061],[-54.3617,4.1385],[-54.4047,4.1592],[-54.4191,4.1863],[-54.4233,4.2014],[-54.4113,4.2629],[-54.4207,4.2984],[-54.4172,4.3403],[-54.444,4.3517],[-54.4528,4.3645],[-54.4559,4.4038],[-54.4685,4.4341],[-54.4616,4.4592],[-54.4744,4.5357],[-54.4418,4.576],[-54.4585,4.6433],[-54.4508,4.6968],[-54.4751,4.7047],[-54.4915,4.7311],[-54.4947,4.8709],[-54.5064,4.8994],[-54.4999,4.9197],[-54.4669,4.9567],[-54.4632,5.0259],[-54.4504,5.0449],[-54.4359,5.1016],[-54.3967,5.1255],[-54.3949,5.1412],[-54.3742,5.1628],[-54.3325,5.2377],[-54.2978,5.282],[-54.2021,5.3456],[-54.1654,5.3843],[-54.1403,5.4317],[-54.1164,5.45],[-54.0832,5.5028],[-54.0436,5.5394],[-54.0417,5.5886],[-54.0528,5.6066],[-54.0543,5.6276],[-54.0125,5.7262],[-53.9848,5.7666],[-53.9349,5.7756],[-53.8821,5.7746],[-53.8414,5.7595],[-53.7982,5.7564],[-53.7289,5.7169],[-53.6751,5.6743],[-53.6003,5.6379],[-53.5664,5.6317],[-53.4587,5.5877],[-53.3454,5.5537],[-53.2426,5.5322],[-53.0962,5.463],[-53.0691,5.4683],[-53.0871,5.4756],[-53.0965,5.4931],[-53.0913,5.5145],[-53.0802,5.5255],[-53.0613,5.5284],[-53.0314,5.5164],[-53.0186,5.4986],[-53.0291,5.4711],[-53.0235,5.4651],[-52.9937,5.4584],[-52.9095,5.4061],[-52.8863,5.3998],[-52.8226,5.349],[-52.7743,5.3225],[-52.7111,5.2628],[-52.6471,5.219],[-52.6085,5.1805],[-52.5969,5.1538],[-52.4037,4.9983],[-52.3604,4.9526],[-52.344,4.9686],[-52.3001,4.9782],[-52.2656,4.9602],[-52.2338,4.9239],[-52.2192,4.8894],[-52.2191,4.8679],[-52.1623,4.8347],[-52.147,4.8062],[-52.0984,4.7695],[-52.072,4.7245],[-52.0415,4.7166],[-51.9976,4.6866],[-51.9544,4.5871],[-51.9571,4.6686],[-51.9436,4.6981],[-51.9247,4.7123],[-51.8799,4.7055],[-51.8436,4.6892],[-51.778,4.6307],[-51.7616,4.586],[-51.7453,4.4815],[-51.7204,4.4759],[-51.7082,4.4564],[-51.7214,4.4276],[-51.7109,4.4202],[-51.6823,4.4204],[-51.6673,4.406],[-51.6665,4.3745],[-51.6917,4.3468],[-51.6855,4.3229],[-51.632,4.2428],[-51.5937,4.2105],[-51.5949,4.1888],[-51.6086,4.1694],[-51.6115,4.1259],[-51.63,4.0466],[-51.6595,4.0143],[-51.7312,3.9784],[-51.7551,3.9577],[-51.7554,3.9176],[-51.7749,3.8739],[-51.8347,3.8151],[-51.8536,3.7853],[-51.8923,3.7572],[-51.8928,3.7246],[-51.9069,3.7016],[-51.9489,3.6877],[-51.9607,3.6616],[-51.962,3.6227],[-51.9687,3.6087],[-51.9976,3.5767],[-52.0346,3.5103],[-52.0663,3.4696],[-52.0714,3.4487],[-52.0862,3.4349],[-52.1627,3.3042],[-52.1669,3.2842],[-52.22,3.2173],[-52.2678,3.2091],[-52.2795,3.1569],[-52.3058,3.1464],[-52.3145,3.1058],[-52.3006,3.0866],[-52.3001,3.0696],[-52.3377,3.0001],[-52.3583,2.94],[-52.3499,2.9204],[-52.3525,2.9058],[-52.3769,2.8745],[-52.4026,2.8678],[-52.4472,2.7847],[-52.4575,2.7355],[-52.5163,2.6278],[-52.5003,2.58],[-52.5129,2.546],[-52.5235,2.5355],[-52.5284,2.5072],[-52.5619,2.4807],[-52.5947,2.4295],[-52.6177,2.418],[-52.6394,2.3572],[-52.6907,2.3373],[-52.7043,2.3196],[-52.8151,2.2679],[-52.8477,2.2371],[-52.8927,2.1618],[-52.919,2.1626],[-52.9454,2.1484],[-52.9844,2.1408],[-53.0682,2.1677],[-53.0895,2.1946],[-53.1039,2.1963],[-53.1649,2.1903],[-53.2225,2.174],[-53.2375,2.1778],[-53.2598,2.1623],[-53.2961,2.1653],[-53.3095,2.1815],[-53.3107,2.194],[-53.3039,2.2264],[-53.2866,2.2454],[-53.2829,2.2617],[-53.3361,2.3077],[-53.3932,2.2663],[-53.4193,2.2581],[-53.4365,2.2366],[-53.4544,2.2269],[-53.5015,2.2313],[-53.5352,2.2244],[-53.5587,2.2272],[-53.573,2.2377],[-53.5983,2.2388],[-53.6083,2.2477],[-53.6645,2.2535],[-53.7101,2.2787],[-53.7561,2.2843],[-53.7736,2.3073],[-53.769,2.3381],[-53.7849,2.3323],[-53.7938,2.2927],[-53.8282,2.2769],[-53.8584,2.2774],[-53.8709,2.2509],[-53.9062,2.234],[-53.9262,2.1952],[-53.9817,2.18],[-54.0053,2.1575],[-54.0528,2.1604],[-54.0613,2.1221],[-54.0745,2.1114],[-54.0805,2.0946],[-54.104,2.0841],[-54.1253,2.0918],[-54.1361,2.0865],[-54.1582,2.0912],[-54.1837,2.107],[-54.2007,2.1326],[-54.2143,2.1245],[-54.2472,2.1262],[-54.2689,2.1172],[-54.3165,2.1288],[-54.345,2.1249],[-54.3654,2.1371],[-54.3884,2.1716],[-54.4201,2.1681],[-54.4892,2.1891],[-54.5217,2.2254],[-54.569,2.2519],[-54.5759,2.2709],[-54.5645,2.2991],[-54.5916,2.295],[-54.6206,2.3136],[-54.6291,2.3306],[-54.603,2.376]]],[[[-52.2288,4.9474],[-52.2102,4.9585],[-52.1873,4.9546],[-52.1754,4.9401],[-52.1753,4.9208],[-52.1558,4.9058],[-52.154,4.8819],[-52.1683,4.8659],[-52.1994,4.8665],[-52.211,4.8758],[-52.2153,4.9017],[-52.2337,4.9281],[-52.2288,4.9474]]],[[[-52.6116,5.2662],[-52.6204,5.2833],[-52.6146,5.305],[-52.5814,5.3244],[-52.5632,5.3178],[-52.5532,5.2994],[-52.554,5.2709],[-52.5745,5.2531],[-52.596,5.255],[-52.6116,5.2662]]]]}},{"type":"Feature","properties":{"id":"fr-974","name_fr":"La Réunion","name_en":"Réunion","kind":"region","country":"fr","bbox":[55.1881,-21.4159,55.8626,-20.8456],"margin_m":3000,"source":"Contours administratifs 2025, data.gouv.fr (IGN Admin Express, OpenStreetMap), ODbL"},"geometry":{"type":"Polygon","coordinates":[[[55.1952,-21.0894],[55.1881,-21.0344],[55.1952,-21.0192],[55.2204,-20.9948],[55.2519,-20.986],[55.2486,-20.9548],[55.2586,-20.9133],[55.284,-20.8963],[55.3248,-20.9007],[55.3871,-20.8556],[55.4577,-20.8456],[55.4808,-20.8586],[55.5109,-20.856],[55.5462,-20.8667],[55.591,-20.8688],[55.6603,-20.8912],[55.6909,-20.9126],[55.7229,-20.9541],[55.7302,-21.0072],[55.7561,-21.0352],[55.7617,-21.0548],[55.7996,-21.0986],[55.8471,-21.1256],[55.8614,-21.1511],[55.8626,-21.1944],[55.8411,-21.2264],[55.8314,-21.2612],[55.8341,-21.346],[55.8178,-21.3687],[55.7878,-21.3896],[55.6922,-21.4024],[55.6511,-21.4159],[55.6027,-21.4133],[55.5816,-21.4021],[55.5431,-21.3991],[55.494,-21.3776],[55.4718,-21.3764],[55.4048,-21.3447],[55.3754,-21.3153],[55.3345,-21.3074],[55.3127,-21.2946],[55.3033,-21.2729],[55.2662,-21.239],[55.252,-21.2045],[55.2573,-21.172],[55.2454,-21.1598],[55.2423,-21.1438],[55.1952,-21.0894]]]}},{"type":"Feature","properties":{"id":"fr-976","name_fr":"Mayotte","name_en":"Mayotte","kind":"region","country":"fr","bbox":[44.9923,-13.0267,45.3245,-12.6106],"margin_m":3000,"source":"Contours administratifs 2025, data.gouv.fr (IGN Admin Express, OpenStreetMap), ODbL"},"geometry":{"type":"Polygon","coordinates":[[[44.9923,-12.6347],[45.0186,-12.6106],[45.0394,-12.6126],[45.0604,-12.6279],[45.0691,-12.6452],[45.0914,-12.6276],[45.1128,-12.6251],[45.1314,-12.6398],[45.1563,-12.6927],[45.17,-12.6907],[45.2266,-12.7084],[45.2618,-12.744],[45.2789,-12.7323],[45.3009,-12.7369],[45.3224,-12.7664],[45.3245,-12.7966],[45.3074,-12.8361],[45.286,-12.8447],[45.2601,-12.8309],[45.2309,-12.8433],[45.2592,-12.8853],[45.2609,-12.9058],[45.2459,-12.9251],[45.2295,-12.928],[45.2065,-12.9467],[45.2281,-12.9612],[45.2306,-12.9835],[45.2079,-13.0104],[45.185,-13.0212],[45.1428,-13.0267],[45.0969,-13.017],[45.0782,-12.9896],[45.0551,-12.9758],[45.052,-12.9555],[45.0629,-12.9402],[45.044,-12.8958],[45.0528,-12.8791],[45.0736,-12.8719],[45.0653,-12.8545],[45.076,-12.8204],[45.0682,-12.7918],[45.0333,-12.7764],[45.0189,-12.761],[45.0158,-12.7148],[45.0326,-12.6824],[45.0167,-12.6795],[44.9939,-12.6588],[44.9923,-12.6347]]]}},{"type":"Feature","properties":{"id":"es","name_fr":"Espagne","name_en":"Spain","kind":"country","country":"es","bbox":[-18.2465,27.5708,4.4306,43.8646],"margin_m":8000,"source":"Natural Earth 1:10m admin 0 countries v5.1.2, public domain"},"geometry":{"type":"MultiPolygon","coordinates":[[[[-18.2448,27.7754],[-18.2285,27.8032],[-18.2006,27.8224],[-18.1321,27.8402],[-18.0763,27.8348],[-18.0535,27.8668],[-18.022,27.8891],[-17.9502,27.9221],[-17.9017,27.9206],[-17.8724,27.9115],[-17.823,27.8752],[-17.8074,27.8506],[-17.7988,27.8158],[-17.8084,27.7773],[-17.8482,27.7189],[-17.8587,27.6868],[-17.8907,27.6538],[-17.9031,27.6173],[-17.9291,27.5873],[-17.9789,27.5708],[-18.0352,27.5801],[-18.0942,27.6237],[-18.1622,27.6353],[-18.207,27.6604],[-18.2396,27.7091],[-18.2465,27.7442],[-18.2448,27.7754]]],[[[-15.7821,28.1424],[-15.787,28.1674],[-15.7811,28.1935],[-15.765,28.2161],[-15.7408,28.232],[-15.6786,28.2394],[-15.5827,28.2194],[-15.5031,28.2176],[-15.4808,28.2358],[-15.4527,28.2455],[-15.3969,28.2509],[-15.3445,28.226],[-15.3294,28.2036],[-15.3191,28.1638],[-15.3339,28.1189],[-15.3295,28.0912],[-15.2844,28.0239],[-15.2904,27.9705],[-15.283,27.9354],[-15.3001,27.8927],[-15.2959,27.8606],[-15.3059,27.8207],[-15.3988,27.7387],[-15.43,27.7226],[-15.493,27.7051],[-15.5443,27.6695],[-15.5795,27.6625],[-15.7181,27.6972],[-15.8324,27.7819],[-15.8545,27.8057],[-15.8929,27.8819],[-15.9022,27.9721],[-15.897,28.0064],[-15.8758,28.0437],[-15.7931,28.098],[-15.7821,28.1424]]],[[[-17.3534,27.9924],[-17.4105,28.0572],[-17.424,28.0964],[-17.4192,28.1777],[-17.4043,28.2123],[-17.3541,28.2666],[-17.2768,28.2876],[-17.2352,28.2866],[-17.1887,28.2743],[-17.0682,28.2046],[-17.0425,28.1766],[-17.0198,28.118],[-17.0192,28.088],[-17.0324,28.0602],[-17.1084,27.993],[-17.1664,27.962],[-17.2082,27.951],[-17.2528,27.9493],[-17.3012,27.9635],[-17.3534,27.9924]]],[[[-16.9591,28.4153],[-16.8708,28.4562],[-16.8377,28.4629],[-16.7687,28.4413],[-16.6928,28.4676],[-16.6151,28.4708],[-16.539,28.4928],[-16.4888,28.5323],[-16.4652,28.5704],[-16.3818,28.6122],[-16.3519,28.6363],[-16.3196,28.6438],[-16.2147,28.6363],[-16.1343,28.6551],[-16.0783,28.6353],[-16.0514,28.6142],[-16.0377,28.5847],[-16.0399,28.5527],[-16.0611,28.5028],[-16.1106,28.4663],[-16.1717,28.4359],[-16.2378,28.3685],[-16.2808,28.3381],[-16.2835,28.2858],[-16.3419,28.1882],[-16.3506,28.1292],[-16.3618,28.1089],[-16.479,27.9844],[-16.5018,27.9643],[-16.5315,27.9535],[-16.574,27.9557],[-16.6479,27.9302],[-16.6923,27.9265],[-16.737,27.9393],[-16.7698,27.972],[-16.8047,28.0476],[-16.8375,28.0763],[-16.8688,28.131],[-16.9037,28.1675],[-16.9227,28.2332],[-16.9812,28.3064],[-16.9969,28.3507],[-16.9801,28.3982],[-16.9591,28.4153]]],[[[-17.9275,28.9257],[-17.8958,28.9263],[-17.8464,28.9105],[-17.8001,28.9211],[-17.7702,28.916],[-17.7271,28.8963],[-17.6996,28.8728],[-17.6774,28.8388],[-17.6753,28.8072],[-17.6466,28.7771],[-17.6398,28.7345],[-17.6444,28.7076],[-17.6759,28.6678],[-17.6645,28.62],[-17.6805,28.563],[-17.7734,28.4055],[-17.8003,28.3893],[-17.8382,28.3836],[-17.8664,28.3881],[-17.9273,28.4286],[-17.9492,28.4713],[-17.9572,28.5145],[-18.0318,28.6324],[-18.0482,28.6867],[-18.0808,28.7304],[-18.0825,28.7596],[-18.0634,28.8205],[-18.0373,28.8536],[-17.9819,28.8992],[-17.9275,28.9257]]],[[[-14.3203,28.2323],[-14.2907,28.2596],[-14.2762,28.3317],[-14.2454,28.3824],[-14.2154,28.4624],[-14.1709,28.5187],[-14.1507,28.5627],[-14.1123,28.6155],[-14.0763,28.7406],[-14.0312,28.7883],[-13.9658,28.816],[-13.9311,28.8225],[-13.9535,28.8622],[-13.9569,28.8989],[-13.9447,28.9278],[-13.9196,28.9519],[-13.915,29.0006],[-13.9013,29.0379],[-13.8582,29.0966],[-13.8004,29.1394],[-13.7274,29.157],[-13.6799,29.1877],[-13.6181,29.2049],[-13.623,29.2361],[-13.6172,29.263],[-13.5801,29.3231],[-13.5564,29.3472],[-13.5233,29.3601],[-13.4872,29.3592],[-13.433,29.3393],[-13.4023,29.2937],[-13.3426,29.2377],[-13.3361,29.2095],[-13.3579,29.1418],[-13.3744,29.1191],[-13.3726,29.0695],[-13.3956,28.9875],[-13.4287,28.9455],[-13.4718,28.9144],[-13.5473,28.8868],[-13.5906,28.8614],[-13.6745,28.8479],[-13.7202,28.7865],[-13.7459,28.7725],[-13.7786,28.7676],[-13.7575,28.7363],[-13.7463,28.7026],[-13.7401,28.6418],[-13.7505,28.533],[-13.7758,28.4702],[-13.7626,28.3984],[-13.8646,28.2075],[-13.8952,28.1813],[-13.9283,28.165],[-14.0552,28.1426],[-14.1619,28.1036],[-14.2429,28.0188],[-14.31,27.9854],[-14.3443,27.9787],[-14.4035,27.9854],[-14.4365,27.9988],[-14.5195,27.9991],[-14.5598,28.0162],[-14.5794,28.0386],[-14.5877,28.0663],[-14.5634,28.1427],[-14.518,28.1718],[-14.4512,28.1715],[-14.3797,28.1977],[-14.3203,28.2323]]],[[[-4.2144,35.1478],[-4.2345,35.1216],[-4.2669,35.104],[-4.307,35.0998],[-4.3549,35.1152],[-4.3792,35.1387],[-4.3894,35.1684],[-4.3836,35.1989],[-4.3628,35.2246],[-4.3299,35.241],[-4.2826,35.2434],[-4.2431,35.2292],[-4.2196,35.2063],[-4.2094,35.1775],[-4.2144,35.1478]]],[[[-2.3543,35.2234],[-2.3403,35.1956],[-2.34,35.1701],[-2.3505,35.1461],[-2.3754,35.1232],[-2.4083,35.1092],[-2.4453,35.1076],[-2.4843,35.1211],[-2.5106,35.1434],[-2.523,35.1728],[-2.5192,35.2037],[-2.5031,35.2299],[-2.4517,35.2559],[-2.4112,35.2566],[-2.3786,35.2448],[-2.3543,35.2234]]],[[[-3.8458,35.2746],[-3.825,35.2554],[-3.8136,35.2309],[-3.8136,35.2039],[-3.8256,35.1788],[-3.8529,35.1554],[-3.8814,35.1448],[-3.9126,35.1432],[-3.9431,35.1508],[-3.97,35.1683],[-3.9867,35.1929],[-3.9906,35.2209],[-3.9812,35.248],[-3.9372,35.2834],[-3.9046,35.2899],[-3.8735,35.2866],[-3.8458,35.2746]]],[[[-2.9466,35.1958],[-2.9798,35.2024],[-3.0074,35.2188],[-3.0439,35.2568],[-3.0544,35.3071],[-3.0497,35.338],[-3.0296,35.3644],[-2.9832,35.3958],[-2.9509,35.4018],[-2.9182,35.3977],[-2.8897,35.3838],[-2.8694,35.3623],[-2.8279,35.295],[-2.8257,35.2686],[-2.8352,35.2434],[-2.8551,35.2226],[-2.8828,35.2092],[-2.9466,35.1958]]],[[[1.2889,39.1266],[1.3197,39.1436],[1.3784,39.1534],[1.4263,39.1713],[1.5441,39.1898],[1.644,39.161],[1.6741,39.1399],[1.6927,39.1162],[1.7095,39.0546],[1.7154,39.0283],[1.7086,39.002],[1.5694,38.8752],[1.4954,38.8351],[1.4902,38.8126],[1.5407,38.7592],[1.5676,38.7635],[1.6067,38.7559],[1.6379,38.736],[1.6697,38.6972],[1.6732,38.6505],[1.6632,38.6202],[1.6377,38.5961],[1.6016,38.5828],[1.5556,38.5768],[1.5216,38.5774],[1.4693,38.5912],[1.4089,38.5672],[1.3698,38.5699],[1.3265,38.5853],[1.3045,38.6046],[1.2927,38.6288],[1.2915,38.6701],[1.2919,38.7223],[1.3244,38.7712],[1.3008,38.7864],[1.2381,38.7879],[1.2085,38.7982],[1.1585,38.8276],[1.1261,38.8715],[1.1322,38.9799],[1.1634,39.0126],[1.2003,39.0297],[1.2068,39.0595],[1.2238,39.0812],[1.2889,39.1266]]],[[[2.4106,39.7172],[2.4729,39.7633],[2.5247,39.7783],[2.574,39.8269],[2.6125,39.8407],[2.6499,39.8732],[2.6963,39.8924],[2.7585,39.9309],[2.7884,39.942],[2.8215,39.9443],[2.9086,39.9839],[3.0461,40.0046],[3.144,40.0354],[3.1838,40.0406],[3.2228,40.0326],[3.2878,39.9996],[3.3046,39.974],[3.3069,39.9453],[3.2943,39.918],[3.3003,39.8868],[3.2783,39.832],[3.3463,39.856],[3.3806,39.8534],[3.4691,39.8223],[3.5162,39.814],[3.5442,39.7975],[3.5622,39.7742],[3.5662,39.7028],[3.541,39.6342],[3.4987,39.5902],[3.4904,39.5616],[3.4015,39.4841],[3.3819,39.4542],[3.3627,39.3839],[3.3205,39.3371],[3.27,39.2987],[3.1845,39.2576],[3.1244,39.2135],[3.0715,39.1991],[3.0745,39.1328],[3.0588,39.0987],[3.016,39.0575],[2.9866,39.0466],[2.923,39.0465],[2.8903,39.0535],[2.8631,39.0693],[2.8276,39.1254],[2.8211,39.1532],[2.8288,39.1808],[2.8495,39.2039],[2.9033,39.2379],[2.9572,39.254],[2.9191,39.2872],[2.7903,39.297],[2.714,39.3312],[2.6699,39.3896],[2.6644,39.4178],[2.6463,39.445],[2.6464,39.4824],[2.6123,39.4434],[2.562,39.4085],[2.504,39.3988],[2.468,39.4009],[2.4357,39.4134],[2.3979,39.4536],[2.374,39.4531],[2.3372,39.4655],[2.3078,39.486],[2.2761,39.5213],[2.2577,39.5792],[2.2626,39.6176],[2.2836,39.6555],[2.3798,39.7076],[2.4106,39.7172]]],[[[-9.3663,43.0887],[-9.3121,43.1412],[-9.3077,43.1843],[-9.2383,43.2406],[-9.185,43.2647],[-9.1422,43.2734],[-9.0994,43.2675],[-9.0637,43.3292],[-9.0287,43.3489],[-8.8678,43.4082],[-8.8181,43.4126],[-8.7017,43.3689],[-8.6214,43.393],[-8.5698,43.393],[-8.5033,43.4323],[-8.4266,43.453],[-8.4319,43.4687],[-8.4091,43.5454],[-8.4116,43.5699],[-8.403,43.5966],[-8.3814,43.619],[-8.3498,43.6339],[-8.2846,43.6371],[-8.1677,43.7021],[-8.1471,43.7431],[-8.1206,43.7661],[-8.0835,43.7792],[-8.021,43.7845],[-7.9629,43.8266],[-7.9296,43.8367],[-7.8658,43.8344],[-7.8253,43.8229],[-7.8079,43.8095],[-7.7811,43.8156],[-7.7414,43.853],[-7.7077,43.8636],[-7.6711,43.8646],[-7.6292,43.853],[-7.5681,43.7996],[-7.5301,43.8031],[-7.4694,43.7963],[-7.3024,43.7346],[-7.2327,43.6532],[-7.1711,43.6337],[-7.0652,43.6399],[-7.0187,43.6276],[-6.9478,43.6379],[-6.7788,43.6404],[-6.7203,43.6328],[-6.6679,43.6497],[-6.6386,43.6507],[-6.5276,43.6333],[-6.49,43.6458],[-6.4495,43.6459],[-6.4073,43.6361],[-6.3282,43.6406],[-6.2385,43.667],[-6.199,43.6658],[-6.1487,43.6455],[-6.1119,43.6425],[-6.0006,43.6604],[-5.9792,43.6865],[-5.9301,43.7054],[-5.9161,43.718],[-5.8833,43.7313],[-5.8301,43.7341],[-5.7391,43.705],[-5.6705,43.6522],[-5.6193,43.6272],[-5.3987,43.6307],[-5.3338,43.6123],[-5.2503,43.6011],[-5.1582,43.5608],[-5.0651,43.5556],[-4.9846,43.5362],[-4.9603,43.5424],[-4.914,43.541],[-4.7943,43.5149],[-4.7157,43.4882],[-4.4768,43.4698],[-4.3124,43.4682],[-4.2272,43.4748],[-4.1906,43.4899],[-4.0202,43.5237],[-3.9795,43.5431],[-3.9292,43.5545],[-3.8076,43.5677],[-3.7403,43.5518],[-3.6091,43.5869],[-3.5722,43.5901],[-3.5097,43.5812],[-3.4626,43.5469],[-3.3917,43.5346],[-3.3627,43.5185],[-3.3371,43.4884],[-3.1922,43.4606],[-3.1253,43.4326],[-3.0843,43.4377],[-3.0328,43.4639],[-2.997,43.4927],[-2.9407,43.5095],[-2.857,43.5104],[-2.7455,43.5225],[-2.6964,43.5078],[-2.6543,43.4819],[-2.4471,43.4376],[-2.3969,43.4056],[-2.3319,43.3831],[-2.2851,43.376],[-2.2052,43.3865],[-2.1313,43.372],[-2.0018,43.4084],[-1.9466,43.4147],[-1.858,43.4585],[-1.823,43.4666],[-1.7865,43.4648],[-1.7534,43.4534],[-1.7115,43.4255],[-1.6903,43.3745],[-1.6313,43.3691],[-1.5866,43.3501],[-1.5555,43.356],[-1.5109,43.3525],[-1.4509,43.3361],[-1.3932,43.3311],[-1.3614,43.3151],[-1.3137,43.2729],[-1.3016,43.2122],[-1.3053,43.1848],[-1.2288,43.1677],[-1.2042,43.1491],[-1.1892,43.1074],[-1.118,43.0796],[-1.0012,43.0559],[-0.9237,43.019],[-0.8682,43.0156],[-0.8037,43.0241],[-0.7277,43.0146],[-0.6916,42.9984],[-0.6501,42.938],[-0.5854,42.905],[-0.554,42.8772],[-0.5056,42.8795],[-0.4467,42.8657],[-0.3618,42.9085],[-0.3248,42.9145],[-0.2876,42.9097],[-0.1918,42.8628],[-0.1601,42.8673],[-0.121,42.8609],[-0.0886,42.8435],[-0.0685,42.8179],[-0.0642,42.7893],[-0.023,42.7592],[0.1542,42.7976],[0.1939,42.7961],[0.2863,42.7726],[0.3548,42.7895],[0.3883,42.785],[0.4382,42.7593],[0.5397,42.7585],[0.5613,42.8554],[0.5825,42.8857],[0.6435,42.9121],[0.7342,42.9169],[0.83,42.9025],[0.934,42.866],[0.9529,42.8681],[1.0175,42.8508],[1.1183,42.84],[1.1722,42.8131],[1.1984,42.7856],[1.3196,42.7853],[1.4016,42.7661],[1.4771,42.6858],[1.5233,42.6145],[1.5237,42.5621],[1.5445,42.5229],[1.5652,42.5249],[1.58,42.5433],[1.6134,42.562],[1.6929,42.574],[1.728,42.5731],[1.7702,42.5567],[1.8303,42.5481],[1.8829,42.5274],[1.9268,42.5509],[1.9928,42.5553],[2.0472,42.5275],[2.0848,42.4775],[2.2356,42.4976],[2.2971,42.4991],[2.4071,42.4579],[2.4647,42.4485],[2.5068,42.4166],[2.5704,42.4239],[2.6637,42.4769],[2.7009,42.4846],[2.7545,42.4839],[2.8011,42.5102],[2.8643,42.5214],[2.9032,42.5385],[3.0498,42.5362],[3.0939,42.5197],[3.116,42.4972],[3.2005,42.502],[3.2339,42.4919],[3.26,42.4735],[3.2752,42.4493],[3.2757,42.4123],[3.3721,42.3826],[3.397,42.3646],[3.4116,42.3412],[3.4142,42.3155],[3.3634,42.2187],[3.3252,42.1847],[3.2926,42.1714],[3.2295,42.1694],[3.2726,42.133],[3.3081,42.0862],[3.3092,42.0496],[3.2984,42.0233],[3.3217,41.9982],[3.3313,41.956],[3.3158,41.9102],[3.2854,41.8637],[3.205,41.7862],[3.1581,41.7748],[3.1454,41.7553],[3.0238,41.6857],[2.9893,41.6542],[2.8895,41.6301],[2.8159,41.5793],[2.5064,41.4757],[2.4256,41.4299],[2.345,41.4026],[2.2284,41.274],[2.1764,41.2406],[2.1062,41.2115],[2.0459,41.1967],[1.9218,41.1805],[1.8803,41.1668],[1.8319,41.1647],[1.6522,41.1233],[1.5598,41.1164],[1.2761,41.0406],[1.2628,41.0227],[1.225,40.9978],[1.1842,40.9872],[1.1077,40.9991],[1.0489,40.9823],[0.9492,40.9074],[0.8573,40.8234],[0.8815,40.8014],[0.9393,40.7799],[0.9617,40.7546],[0.967,40.7037],[0.9562,40.6737],[0.9265,40.6348],[0.904,40.6171],[0.831,40.5964],[0.7867,40.5447],[0.736,40.5089],[0.6612,40.4856],[0.6027,40.4832],[0.4224,40.2384],[0.3251,40.1546],[0.2804,40.1259],[0.2129,40.0295],[0.1326,39.9789],[0.0752,39.8923],[-0.0158,39.8049],[-0.1081,39.6867],[-0.1313,39.6242],[-0.1782,39.5781],[-0.1954,39.542],[-0.2335,39.4951],[-0.2348,39.4368],[-0.213,39.3451],[-0.1237,39.1914],[-0.1378,39.1325],[-0.0439,38.9914],[0.0319,38.9358],[0.1367,38.9191],[0.2227,38.8789],[0.3131,38.7971],[0.3261,38.7596],[0.3226,38.7215],[0.3032,38.6934],[0.2726,38.6717],[0.2348,38.663],[0.2149,38.6395],[0.1695,38.6184],[0.1503,38.5841],[0.1242,38.5676],[0.0348,38.5543],[0.0066,38.5032],[-0.0416,38.473],[-0.1501,38.4582],[-0.2815,38.4077],[-0.3185,38.3731],[-0.3226,38.3476],[-0.3388,38.3234],[-0.4233,38.2777],[-0.4159,38.1883],[-0.4317,38.1632],[-0.4657,38.1351],[-0.5113,38.1221],[-0.5481,38.1208],[-0.5638,37.983],[-0.5916,37.936],[-0.6365,37.9113],[-0.6694,37.8462],[-0.6672,37.8029],[-0.6427,37.757],[-0.6502,37.7147],[-0.6109,37.6371],[-0.618,37.6004],[-0.6494,37.5628],[-0.6916,37.5369],[-0.8592,37.5043],[-0.909,37.485],[-0.946,37.4858],[-1.0204,37.5096],[-1.0345,37.4877],[-1.0602,37.4699],[-1.0924,37.4609],[-1.1882,37.4737],[-1.2274,37.491],[-1.3074,37.4876],[-1.3653,37.4456],[-1.3963,37.4325],[-1.4098,37.3977],[-1.4409,37.3712],[-1.5704,37.3305],[-1.6085,37.2994],[-1.6545,37.2413],[-1.732,37.1733],[-1.7715,37.0503],[-1.8125,36.9724],[-1.8116,36.9304],[-1.8287,36.8978],[-1.8721,36.869],[-1.9203,36.8509],[-1.9426,36.8012],[-1.9773,36.7723],[-1.9915,36.7423],[-2.0564,36.6891],[-2.1134,36.663],[-2.1527,36.6563],[-2.2306,36.6684],[-2.2674,36.6866],[-2.3567,36.7622],[-2.4131,36.746],[-2.4567,36.7467],[-2.4883,36.7558],[-2.5102,36.7527],[-2.5527,36.6785],[-2.5948,36.6445],[-2.649,36.6198],[-2.7054,36.6107],[-2.7796,36.6107],[-2.8257,36.6309],[-2.8581,36.6286],[-2.8918,36.6373],[-2.9413,36.6736],[-3.0033,36.6661],[-3.0807,36.6772],[-3.1494,36.6727],[-3.2305,36.682],[-3.294,36.6758],[-3.3677,36.6344],[-3.4162,36.6234],[-3.5079,36.6283],[-3.5376,36.6425],[-3.5887,36.6474],[-3.6343,36.6677],[-3.7212,36.6525],[-3.7583,36.6554],[-3.844,36.6774],[-3.9362,36.6575],[-3.9847,36.6573],[-4.0502,36.6718],[-4.0972,36.6544],[-4.2128,36.6409],[-4.3736,36.6497],[-4.4482,36.5438],[-4.4757,36.5206],[-4.5294,36.5075],[-4.5661,36.4703],[-4.626,36.4407],[-4.7254,36.4209],[-4.8808,36.4331],[-4.9432,36.3979],[-4.9864,36.3853],[-5.0336,36.3819],[-5.0796,36.3609],[-5.1288,36.3522],[-5.1736,36.2657],[-5.2053,36.2344],[-5.2466,36.1707],[-5.259,36.1095],[-5.2786,36.0881],[-5.3065,36.074],[-5.3423,36.069],[-5.3632,36.0239],[-5.3998,35.9973],[-5.358,35.9965],[-5.3058,35.9799],[-5.2553,35.9802],[-5.2251,35.9662],[-5.2038,35.9439],[-5.1947,35.9166],[-5.208,35.8674],[-5.237,35.834],[-5.2997,35.7835],[-5.3341,35.7755],[-5.3695,35.7792],[-5.4003,35.794],[-5.497,35.8757],[-5.5079,35.9272],[-5.4967,35.9514],[-5.4738,35.9721],[-5.5863,35.9374],[-5.6475,35.9405],[-5.6734,35.9546],[-5.7058,35.9888],[-5.7623,35.9974],[-5.856,36.0323],[-5.944,36.1097],[-6.0084,36.1078],[-6.0872,36.1302],[-6.1078,36.1461],[-6.168,36.2263],[-6.2266,36.2569],[-6.243,36.2795],[-6.2606,36.3319],[-6.3001,36.3736],[-6.3505,36.4651],[-6.3942,36.5102],[-6.3947,36.5529],[-6.4446,36.5746],[-6.4814,36.6194],[-6.5242,36.7142],[-6.5211,36.7656],[-6.4945,36.8041],[-6.5297,36.8729],[-6.5589,36.9051],[-6.7925,37.0401],[-6.8478,37.0577],[-6.9276,37.0999],[-6.9813,37.1064],[-7.0622,37.1381],[-7.3001,37.1301],[-7.3254,37.1162],[-7.3707,37.1084],[-7.4323,37.1186],[-7.4858,37.1488],[-7.5182,37.2244],[-7.5338,37.3689],[-7.5448,37.3886],[-7.5562,37.4561],[-7.5914,37.4902],[-7.6195,37.5535],[-7.6172,37.5856],[-7.5916,37.6389],[-7.5547,37.6695],[-7.543,37.7243],[-7.5189,37.7708],[-7.4848,37.8057],[-7.4055,37.8586],[-7.3919,37.8778],[-7.3608,37.9536],[-7.3585,38.0012],[-7.3399,38.0256],[-7.3107,38.0456],[-7.2466,38.0635],[-7.2114,38.0654],[-7.1908,38.0883],[-7.1417,38.1088],[-7.1893,38.1384],[-7.2119,38.1646],[-7.2437,38.2285],[-7.3816,38.3724],[-7.4273,38.3981],[-7.4449,38.4209],[-7.4508,38.4471],[-7.4061,38.5757],[-7.3766,38.6162],[-7.3843,38.6435],[-7.3818,38.6902],[-7.3544,38.766],[-7.3288,38.7932],[-7.2445,38.8426],[-7.2106,38.8742],[-7.1566,38.8921],[-7.1567,38.9179],[-7.1456,38.941],[-7.1011,38.9806],[-7.0763,39.0182],[-7.0765,39.036],[-7.143,39.0265],[-7.185,39.0355],[-7.2227,39.0546],[-7.2505,39.0817],[-7.2592,39.1203],[-7.2893,39.1328],[-7.3342,39.1702],[-7.3545,39.2107],[-7.3564,39.2573],[-7.4026,39.298],[-7.4181,39.329],[-7.4248,39.3834],[-7.4169,39.4163],[-7.4583,39.4379],[-7.4878,39.4713],[-7.5324,39.4982],[-7.6034,39.5693],[-7.6432,39.6518],[-7.6505,39.6801],[-7.6429,39.7083],[-7.6216,39.732],[-7.5899,39.7473],[-7.5529,39.7517],[-7.3543,39.7444],[-7.2898,39.7553],[-7.2243,39.758],[-7.1859,39.7474],[-7.1029,39.7554],[-7.0795,39.8435],[-7.0533,39.8712],[-7.017,39.889],[-7.0188,39.9169],[-6.9864,40.0085],[-7.0191,40.0454],[-7.0713,40.061],[-7.1055,40.0925],[-7.1369,40.185],[-7.1142,40.2384],[-7.0913,40.2684],[-7.0063,40.3136],[-6.9537,40.3265],[-6.9207,40.3583],[-6.9446,40.3997],[-6.9505,40.4323],[-6.9447,40.4689],[-6.9185,40.5149],[-6.9425,40.5583],[-6.9411,40.6025],[-6.909,40.6581],[-6.9332,40.7492],[-6.9312,40.844],[-6.9705,40.9168],[-7.0198,40.9638],[-7.0348,40.9945],[-7.0354,41.0313],[-7.005,41.0901],[-6.9714,41.112],[-6.8984,41.1278],[-6.8648,41.1255],[-6.8305,41.203],[-6.7852,41.2385],[-6.7179,41.3156],[-6.6631,41.3386],[-6.5903,41.3424],[-6.5271,41.3679],[-6.4393,41.4533],[-6.3868,41.4764],[-6.3662,41.5277],[-6.3258,41.566],[-6.3604,41.5854],[-6.4319,41.6003],[-6.4773,41.5837],[-6.5177,41.579],[-6.6019,41.6029],[-6.636,41.6359],[-6.6704,41.7214],[-6.6732,41.7461],[-6.6403,41.8287],[-6.6667,41.8607],[-6.7557,41.8619],[-6.814,41.8793],[-6.9091,41.8673],[-6.9643,41.8728],[-6.9926,41.8826],[-7.052,41.87],[-7.1079,41.8822],[-7.1394,41.8381],[-7.1676,41.818],[-7.2201,41.7956],[-7.291,41.7773],[-7.352,41.7714],[-7.4146,41.7371],[-7.4543,41.7345],[-7.492,41.7441],[-7.5192,41.7629],[-7.5979,41.7526],[-7.6533,41.7628],[-7.6944,41.7848],[-7.714,41.8141],[-7.7258,41.8189],[-7.7994,41.8065],[-7.8252,41.7923],[-7.865,41.7859],[-7.9432,41.795],[-7.9793,41.7664],[-8.0219,41.7472],[-8.0668,41.7375],[-8.1854,41.7389],[-8.223,41.7465],[-8.2535,41.7646],[-8.2719,41.7903],[-8.2741,41.8099],[-8.3074,41.8374],[-8.3279,41.8904],[-8.3105,41.9491],[-8.2579,42.0096],[-8.2916,42.042],[-8.3313,42.0306],[-8.4752,42.0133],[-8.5175,41.9935],[-8.5742,41.9824],[-8.6172,41.94],[-8.6781,41.9174],[-8.7151,41.882],[-8.8005,41.8352],[-8.8296,41.8219],[-8.8631,41.8169],[-8.9134,41.8255],[-8.95,41.8429],[-8.9727,41.8707],[-8.995,42.0963],[-8.9806,42.1534],[-8.9253,42.2004],[-8.9465,42.2148],[-8.9625,42.2424],[-8.9427,42.3328],[-8.9236,42.3575],[-8.9643,42.3984],[-8.9931,42.4075],[-9.0243,42.4304],[-9.0381,42.463],[-9.0993,42.4955],[-9.122,42.533],[-9.1632,42.5733],[-9.1621,42.6315],[-9.1341,42.6925],[-9.1779,42.712],[-9.2047,42.7405],[-9.2259,42.7864],[-9.2293,42.8268],[-9.2818,42.82],[-9.3185,42.8295],[-9.3499,42.8488],[-9.3815,42.8935],[-9.3899,42.9227],[-9.3599,43.0017],[-9.3752,43.039],[-9.3769,43.0644],[-9.3663,43.0887]]],[[[4.0355,40.1307],[4.0925,40.1507],[4.128,40.1491],[4.1634,40.135],[4.2137,40.1284],[4.2477,40.1061],[4.2805,40.0669],[4.3307,40.0393],[4.3763,39.9814],[4.4242,39.8934],[4.4306,39.866],[4.423,39.8389],[4.3908,39.8099],[4.3693,39.7734],[4.3434,39.7581],[4.2331,39.7455],[4.136,39.7788],[3.9625,39.8644],[3.888,39.855],[3.8381,39.8577],[3.7994,39.8683],[3.7694,39.8817],[3.7478,39.9027],[3.7376,39.9283],[3.7409,39.9566],[3.7098,40.0104],[3.7169,40.0464],[3.7477,40.0917],[3.8014,40.1178],[3.8711,40.1298],[3.9294,40.1254],[4.0355,40.1307]]]]}},{"type":"Feature","properties":{"id":"pt","name_fr":"Portugal","name_en":"Portugal","kind":"country","country":"pt","bbox":[-31.3778,29.9579,-6.1116,42.2246],"margin_m":8000,"source":"Natural Earth 1:10m admin 0 countries v5.1.2, public domain"},"geometry":{"type":"MultiPolygon","coordinates":[[[[-25.3416,37.9333],[-25.1995,37.9359],[-25.1633,37.9306],[-25.1008,37.907],[-25.0584,37.8608],[-25.0445,37.827],[-25.0442,37.7692],[-25.0966,37.7013],[-25.1569,37.6759],[-25.3636,37.6463],[-25.5255,37.6369],[-25.5891,37.6614],[-25.6298,37.6699],[-25.7086,37.6727],[-25.7589,37.6869],[-25.8994,37.7742],[-25.949,37.8413],[-25.9472,37.8724],[-25.9127,37.9502],[-25.8846,37.9687],[-25.8495,37.9771],[-25.7398,37.9804],[-25.6799,37.9604],[-25.6188,37.9088],[-25.569,37.9035],[-25.4954,37.9222],[-25.4477,37.9106],[-25.3416,37.9333]]],[[[-28.5469,38.6495],[-28.5267,38.6225],[-28.4827,38.629],[-28.3568,38.6204],[-28.1617,38.5354],[-28.0071,38.4989],[-27.9693,38.4705],[-27.9576,38.4478],[-27.9497,38.4007],[-27.9584,38.3781],[-27.9896,38.3482],[-28.0189,38.3329],[-28.084,38.3269],[-28.1637,38.3352],[-28.2164,38.3092],[-28.2518,38.3067],[-28.2974,38.3198],[-28.3249,38.3405],[-28.4191,38.342],[-28.4545,38.3346],[-28.4911,38.3387],[-28.5883,38.402],[-28.626,38.4457],[-28.7233,38.4438],[-28.7904,38.4596],[-28.8521,38.5129],[-28.9184,38.5525],[-28.9323,38.5825],[-28.9311,38.6174],[-28.9162,38.6415],[-28.8909,38.6597],[-28.8073,38.6755],[-28.7502,38.7123],[-28.7151,38.7163],[-28.6807,38.7099],[-28.5937,38.6786],[-28.5469,38.6495]]],[[[-28.3501,38.821],[-28.3149,38.8263],[-28.2799,38.8209],[-28.2241,38.7967],[-28.0009,38.7328],[-27.8521,38.6692],[-27.7352,38.6299],[-27.7067,38.6113],[-27.6726,38.5696],[-27.6692,38.543],[-27.6786,38.5173],[-27.6995,38.4961],[-27.7289,38.4822],[-27.8005,38.4704],[-27.8664,38.4755],[-28.0006,38.5193],[-28.0769,38.5267],[-28.1212,38.5547],[-28.234,38.5885],[-28.3124,38.6358],[-28.3733,38.6819],[-28.4007,38.7146],[-28.4075,38.7558],[-28.4001,38.7829],[-28.38,38.8058],[-28.3501,38.821]]],[[[-27.4596,38.682],[-27.4817,38.744],[-27.4816,38.774],[-27.4425,38.8252],[-27.3751,38.8608],[-27.317,38.8733],[-27.1382,38.8673],[-27.0675,38.8471],[-26.981,38.7977],[-26.9625,38.7798],[-26.9331,38.7189],[-26.9291,38.6838],[-26.9762,38.6079],[-26.9963,38.5901],[-27.0506,38.5664],[-27.0872,38.5597],[-27.1329,38.5678],[-27.2266,38.5698],[-27.3405,38.5931],[-27.3903,38.614],[-27.4276,38.6429],[-27.4596,38.682]]],[[[-27.847,39.0556],[-27.8451,39.0233],[-27.8618,38.9936],[-27.9081,38.9598],[-27.9515,38.947],[-28.0217,38.946],[-28.0812,38.9599],[-28.1212,38.9817],[-28.1548,39.0197],[-28.1637,39.0728],[-28.1399,39.1255],[-28.0984,39.1612],[-28.065,39.1727],[-27.9888,39.1745],[-27.957,39.1646],[-27.8738,39.1011],[-27.847,39.0556]]],[[[-31.1988,39.5932],[-31.1636,39.5875],[-31.1106,39.5623],[-31.0664,39.5256],[-31.0398,39.4672],[-31.049,39.3833],[-31.0887,39.3245],[-31.1361,39.2921],[-31.1682,39.285],[-31.2693,39.288],[-31.3173,39.304],[-31.3511,39.3317],[-31.3746,39.38],[-31.3778,39.4151],[-31.344,39.5296],[-31.3139,39.5627],[-31.2667,39.5853],[-31.1988,39.5932]]],[[[-31.0266,39.7796],[-31.0005,39.7566],[-30.9872,39.698],[-30.9973,39.6611],[-31.0435,39.6077],[-31.0808,39.5946],[-31.1496,39.5892],[-31.1839,39.6],[-31.2099,39.6202],[-31.2447,39.6892],[-31.2407,39.7267],[-31.2263,39.7517],[-31.1944,39.779],[-31.1414,39.7975],[-31.0975,39.7978],[-31.0266,39.7796]]],[[[-15.9688,30.0869],[-15.9483,30.0632],[-15.9405,30.0313],[-15.9471,30.0014],[-15.9671,29.9765],[-15.9971,29.961],[-16.0358,29.9579],[-16.0697,29.9676],[-16.0956,29.9889],[-16.1087,30.0178],[-16.108,30.0508],[-16.0935,30.0771],[-16.0684,30.0962],[-16.0366,30.1052],[-15.9986,30.1012],[-15.9688,30.0869]]],[[[-15.8433,30.2223],[-15.8069,30.2055],[-15.7829,30.1818],[-15.7729,30.1515],[-15.7752,30.1211],[-15.8111,30.0753],[-15.8372,30.0641],[-15.8905,30.0662],[-15.9332,30.0868],[-15.9502,30.1081],[-15.9572,30.1334],[-15.9528,30.1634],[-15.9355,30.1908],[-15.9026,30.2162],[-15.8736,30.2241],[-15.8433,30.2223]]],[[[-16.5367,32.4331],[-16.5593,32.4537],[-16.6216,32.5461],[-16.6237,32.601],[-16.6075,32.6265],[-16.5807,32.6446],[-16.5478,32.6523],[-16.5139,32.6485],[-16.4676,32.6203],[-16.4294,32.5744],[-16.4083,32.5293],[-16.4044,32.4757],[-16.4181,32.45],[-16.4424,32.4307],[-16.4734,32.4207],[-16.5066,32.4215],[-16.5367,32.4331]]],[[[-17.2124,32.9424],[-17.1654,32.9443],[-17.1313,32.9343],[-17.0822,32.9001],[-17.0438,32.8863],[-16.9777,32.9077],[-16.8915,32.9092],[-16.8521,32.8943],[-16.7667,32.8436],[-16.6632,32.8348],[-16.6322,32.8229],[-16.6006,32.7973],[-16.589,32.7722],[-16.5891,32.7452],[-16.6009,32.7201],[-16.6228,32.7004],[-16.6943,32.6744],[-16.75,32.6031],[-16.7776,32.5892],[-16.8431,32.5722],[-16.9841,32.5755],[-17.1758,32.639],[-17.2364,32.6714],[-17.308,32.7342],[-17.3284,32.7682],[-17.3369,32.8068],[-17.3272,32.8514],[-17.3095,32.8768],[-17.2696,32.9101],[-17.2124,32.9424]]],[[[-16.2103,33.1369],[-16.1906,33.0696],[-16.1926,33.0426],[-16.2064,33.018],[-16.2299,32.9994],[-16.2599,32.9895],[-16.2958,32.9902],[-16.3482,32.9637],[-16.3886,32.9605],[-16.4603,32.99],[-16.4777,33.0128],[-16.4838,33.0463],[-16.478,33.0725],[-16.4191,33.1435],[-16.3608,33.176],[-16.3059,33.1822],[-16.2609,33.1768],[-16.2306,33.1614],[-16.2103,33.1369]]],[[[-25.2701,37.0365],[-25.2309,37.0681],[-25.1555,37.0923],[-25.0542,37.0923],[-24.9963,37.0701],[-24.9576,37.0358],[-24.9285,36.9832],[-24.9253,36.9318],[-24.9422,36.9048],[-24.9795,36.8739],[-25.0373,36.8632],[-25.1225,36.8781],[-25.2001,36.8788],[-25.2264,36.8907],[-25.2758,36.9483],[-25.2912,36.9851],[-25.287,37.0124],[-25.2701,37.0365]]],[[[-9.5037,39.1131],[-9.4419,39.2153],[-9.4348,39.2647],[-9.4426,39.2933],[-9.4893,39.3387],[-9.5008,39.3629],[-9.5005,39.3886],[-9.4886,39.4127],[-9.4666,39.4319],[-9.4258,39.4467],[-9.3684,39.4464],[-9.3084,39.4793],[-9.2635,39.5285],[-9.2046,39.5677],[-9.1822,39.6],[-9.1591,39.7056],[-8.9686,40.1219],[-8.9895,40.1456],[-9.0003,40.1746],[-8.9972,40.2242],[-8.9541,40.3007],[-8.891,40.4894],[-8.7502,41.0013],[-8.7618,41.1184],[-8.8223,41.2172],[-8.8401,41.3091],[-8.8755,41.3736],[-8.8812,41.4315],[-8.8749,41.4634],[-8.9251,41.6517],[-8.9489,41.6752],[-8.9764,41.7368],[-8.9713,41.8593],[-8.9514,41.8946],[-8.8509,41.9662],[-8.8312,42.0089],[-8.7967,42.0332],[-8.745,42.0527],[-8.7251,42.0805],[-8.685,42.1086],[-8.6461,42.1216],[-8.5964,42.126],[-8.5358,42.1503],[-8.3822,42.1704],[-8.3478,42.1906],[-8.2441,42.2238],[-8.2059,42.2246],[-8.1703,42.2144],[-8.1339,42.1851],[-8.1116,42.1406],[-8.051,42.1185],[-8.0056,42.068],[-7.999,42.0339],[-8.0158,41.985],[-8.1187,41.9069],[-8.0949,41.8842],[-8.0638,41.9131],[-8.0132,41.9354],[-7.9964,41.9572],[-7.9606,41.9753],[-7.9057,41.9859],[-7.8706,41.9808],[-7.8239,41.9498],[-7.7329,41.9708],[-7.6981,41.969],[-7.6341,41.9461],[-7.5681,41.939],[-7.5527,41.931],[-7.515,41.937],[-7.4784,41.9335],[-7.4143,41.9113],[-7.3461,41.9155],[-7.2954,41.9286],[-7.2958,41.972],[-7.2876,41.9938],[-7.2633,42.0186],[-7.207,42.0485],[-7.161,42.0586],[-7.1263,42.0581],[-7.0474,42.0252],[-7.0174,42.0359],[-6.9823,42.038],[-6.9105,42.0146],[-6.881,42.0424],[-6.8461,42.054],[-6.808,42.0547],[-6.7409,42.0397],[-6.7003,42.0038],[-6.6857,42.0043],[-6.6442,42.0295],[-6.6079,42.0343],[-6.5475,42.021],[-6.5111,42.0008],[-6.4768,41.9555],[-6.4724,41.9264],[-6.4358,41.8961],[-6.4279,41.8667],[-6.4677,41.7474],[-6.3328,41.7312],[-6.2198,41.6886],[-6.1302,41.6145],[-6.1128,41.5875],[-6.1116,41.5575],[-6.1267,41.5298],[-6.1871,41.4657],[-6.2017,41.4276],[-6.2514,41.3618],[-6.2989,41.3422],[-6.4373,41.2381],[-6.5336,41.2023],[-6.5961,41.1983],[-6.6227,41.1606],[-6.6622,41.1285],[-6.6747,41.0854],[-6.7255,41.0242],[-6.7771,40.9891],[-6.8022,40.9837],[-6.7747,40.9333],[-6.7437,40.9117],[-6.7249,40.8765],[-6.7242,40.8394],[-6.7407,40.8053],[-6.7444,40.7617],[-6.7197,40.6469],[-6.7477,40.5826],[-6.7263,40.549],[-6.7196,40.5021],[-6.76,40.4336],[-6.7068,40.3827],[-6.7005,40.3516],[-6.7297,40.2973],[-6.7841,40.2565],[-6.8039,40.2209],[-6.8429,40.1963],[-6.9336,40.1778],[-6.8929,40.1565],[-6.8465,40.1097],[-6.7872,40.0204],[-6.7877,39.9954],[-6.8088,39.96],[-6.8375,39.843],[-6.8751,39.7928],[-6.9017,39.7735],[-6.935,39.6664],[-6.9551,39.6432],[-7.0243,39.6178],[-7.1713,39.6036],[-7.2839,39.611],[-7.346,39.5999],[-7.4018,39.602],[-7.3439,39.5683],[-7.3235,39.5425],[-7.2642,39.5245],[-7.2329,39.4933],[-7.2207,39.4358],[-7.2388,39.3713],[-7.1618,39.2907],[-7.1648,39.248],[-7.1034,39.2222],[-7.0747,39.1863],[-7.0141,39.1786],[-6.9634,39.1562],[-6.9207,39.1221],[-6.896,39.0843],[-6.8818,39.0237],[-6.8883,38.9857],[-6.9614,38.8854],[-6.9679,38.8343],[-6.9829,38.8114],[-7.0223,38.7834],[-7.0985,38.7545],[-7.1951,38.6927],[-7.1998,38.668],[-7.1828,38.6394],[-7.1826,38.5965],[-7.2336,38.5251],[-7.2449,38.4938],[-7.2435,38.4674],[-7.1001,38.321],[-7.065,38.2639],[-6.9998,38.2761],[-6.9398,38.2756],[-6.894,38.2551],[-6.8691,38.2336],[-6.857,38.2061],[-6.8698,38.1486],[-6.952,37.9784],[-6.9792,37.9598],[-7.0387,37.9486],[-7.0844,37.9537],[-7.1102,37.9363],[-7.1846,37.9174],[-7.2277,37.8154],[-7.276,37.7567],[-7.3626,37.6971],[-7.3843,37.6175],[-7.431,37.5607],[-7.3893,37.515],[-7.3549,37.3922],[-7.3421,37.2564],[-7.3102,37.1785],[-7.3152,37.1486],[-7.3371,37.1201],[-7.3635,37.102],[-7.3964,37.0933],[-7.431,37.0953],[-7.4691,37.1077],[-7.5669,37.0595],[-7.7593,36.9453],[-7.8292,36.9106],[-7.8826,36.8958],[-7.9338,36.8944],[-7.9844,36.9048],[-8.0269,36.927],[-8.0864,36.9779],[-8.1387,37.0012],[-8.1968,37.0153],[-8.2804,37.0063],[-8.3618,37.0207],[-8.4276,37.0112],[-8.4703,37.0152],[-8.5848,37.0514],[-8.6013,37.0504],[-8.6503,37.0169],[-8.7284,37.0109],[-8.852,36.9699],[-8.9149,36.9403],[-8.9773,36.9403],[-9.0544,36.9654],[-9.0754,36.985],[-9.0865,37.0094],[-9.0793,37.0633],[-9.0084,37.1768],[-9.0123,37.2076],[-9.0033,37.2319],[-8.9627,37.2689],[-8.9729,37.3133],[-8.9632,37.3426],[-8.9232,37.3929],[-8.888,37.4976],[-8.8877,37.5355],[-8.9163,37.5911],[-8.8935,37.6973],[-8.9072,37.7485],[-8.8894,37.8672],[-8.9671,37.9087],[-8.9819,37.9317],[-8.9857,37.9573],[-8.973,37.9907],[-8.9401,38.0212],[-8.9028,38.0849],[-8.8665,38.1967],[-8.8836,38.3372],[-8.9452,38.3992],[-9.013,38.3743],[-9.1219,38.3611],[-9.1808,38.3421],[-9.226,38.3433],[-9.2687,38.3531],[-9.2947,38.3672],[-9.3165,38.393],[-9.3256,38.4261],[-9.3179,38.4608],[-9.2761,38.5068],[-9.2756,38.5372],[-9.2899,38.5642],[-9.3177,38.5993],[-9.3402,38.5997],[-9.4303,38.6343],[-9.5002,38.634],[-9.5536,38.6543],[-9.5761,38.679],[-9.5836,38.7087],[-9.5797,38.7467],[-9.5896,38.8097],[-9.5813,38.8397],[-9.5369,38.8884],[-9.5155,38.9413],[-9.5239,39.0533],[-9.5037,39.1131]]]]}},{"type":"Feature","properties":{"id":"it","name_fr":"Italie","name_en":"Italy","kind":"country","country":"it","bbox":[6.5027,35.4207,18.6099,47.1558],"margin_m":8000,"source":"Natural Earth 1:10m admin 0 countries v5.1.2, public domain"},"geometry":{"type":"MultiPolygon","coordinates":[[[[12.5061,35.5901],[12.5577,35.5933],[12.6214,35.5871],[12.6732,35.5715],[12.699,35.5492],[12.7107,35.5226],[12.7096,35.4854],[12.6959,35.4542],[12.6769,35.4365],[12.6417,35.4216],[12.5839,35.4207],[12.4971,35.448],[12.4593,35.4698],[12.4422,35.4951],[12.4386,35.5238],[12.449,35.5514],[12.4718,35.5734],[12.5061,35.5901]]],[[[11.9585,36.9146],[12.0335,36.9026],[12.0995,36.8587],[12.1252,36.8312],[12.1408,36.7953],[12.1396,36.7483],[12.1038,36.7],[12.0808,36.6817],[12.0513,36.6712],[11.9847,36.6734],[11.9439,36.6864],[11.8919,36.7196],[11.8534,36.7626],[11.8335,36.8186],[11.8465,36.8668],[11.8907,36.8983],[11.9242,36.9116],[11.9585,36.9146]]],[[[12.0112,37.8926],[11.9712,37.9218],[11.949,37.9523],[11.9419,38.001],[11.9544,38.0239],[11.9888,38.0527],[12.027,38.0628],[12.0771,38.062],[12.1065,38.051],[12.1376,38.0291],[12.1507,38.0093],[12.1683,37.9681],[12.1655,37.9274],[12.1455,37.9009],[12.1132,37.8834],[12.0603,37.8788],[12.0112,37.8926]]],[[[8.2939,39.3372],[8.2812,39.3797],[8.3053,39.4318],[8.2952,39.4812],[8.364,39.5825],[8.3693,39.6082],[8.349,39.7214],[8.3543,39.7767],[8.3724,39.8065],[8.3075,39.8862],[8.301,39.9918],[8.2848,40.0217],[8.2857,40.0493],[8.3073,40.0827],[8.3356,40.1033],[8.3804,40.1197],[8.3658,40.212],[8.3813,40.2689],[8.3485,40.2822],[8.3029,40.3179],[8.2898,40.365],[8.2986,40.4257],[8.2897,40.4459],[8.2571,40.4666],[8.2372,40.5005],[8.1359,40.4945],[8.1008,40.5088],[8.0765,40.5329],[8.0546,40.5792],[8.0461,40.6251],[8.0521,40.6503],[8.0724,40.6743],[8.0479,40.6986],[8.0391,40.7276],[8.0465,40.7568],[8.1134,40.8775],[8.086,40.9131],[8.085,40.9389],[8.1392,41.0674],[8.182,41.1084],[8.1966,41.1432],[8.2216,41.1637],[8.2996,41.1953],[8.335,41.1978],[8.3692,41.1904],[8.3974,41.174],[8.4156,41.1509],[8.4357,41.1106],[8.4378,41.0712],[8.4097,41.0228],[8.3827,41.0036],[8.3425,40.9929],[8.3286,40.9338],[8.3426,40.9199],[8.4956,40.8973],[8.547,40.9145],[8.5702,40.9445],[8.6007,40.9617],[8.669,40.9859],[8.7441,40.9926],[8.758,41.0006],[8.8176,41.0773],[8.856,41.0934],[8.9043,41.1305],[8.9375,41.1723],[8.9836,41.1938],[9.0677,41.2108],[9.0811,41.2669],[9.1234,41.3053],[9.2222,41.3344],[9.2575,41.3318],[9.3237,41.2997],[9.3765,41.3286],[9.4074,41.3343],[9.4466,41.3305],[9.542,41.2872],[9.5683,41.2525],[9.5739,41.2108],[9.6319,41.173],[9.6585,41.1377],[9.6562,41.0851],[9.7146,41.063],[9.742,41.0423],[9.7562,41.0151],[9.7551,40.9859],[9.7281,40.9488],[9.7369,40.9241],[9.8007,40.8873],[9.8158,40.8631],[9.8181,40.8365],[9.8076,40.811],[9.7874,40.7919],[9.8369,40.6959],[9.8457,40.6336],[9.9052,40.5694],[9.9208,40.5309],[9.8956,40.4427],[9.8387,40.3492],[9.8048,40.319],[9.7775,40.3086],[9.7544,40.2772],[9.7192,40.2492],[9.7367,40.1828],[9.8101,40.1242],[9.8256,40.0769],[9.7892,39.9844],[9.8084,39.9517],[9.8081,39.915],[9.7855,39.8779],[9.7848,39.8281],[9.7633,39.7863],[9.7682,39.7061],[9.743,39.6372],[9.7458,39.5613],[9.729,39.5115],[9.7368,39.4737],[9.6967,39.3548],[9.7175,39.3354],[9.7273,39.2969],[9.7198,39.2686],[9.6985,39.2448],[9.6639,39.2286],[9.6705,39.1725],[9.6419,39.1077],[9.5739,39.0469],[9.5421,39.0349],[9.5069,39.0331],[9.4533,39.0531],[9.4078,39.0578],[9.2899,39.1367],[9.244,39.1503],[9.2035,39.1212],[9.171,39.1151],[9.1089,39.1256],[9.1366,39.0601],[9.1354,39.0369],[9.1158,39.0031],[9.1045,38.9578],[8.9603,38.8517],[8.9032,38.8175],[8.8671,38.8068],[8.779,38.8164],[8.7361,38.8398],[8.6892,38.803],[8.657,38.7934],[8.6225,38.7937],[8.5907,38.804],[8.5165,38.8683],[8.506,38.9193],[8.4573,38.8935],[8.4092,38.8892],[8.3585,38.9019],[8.3302,38.9255],[8.267,39.028],[8.2213,39.0386],[8.1796,39.0651],[8.1414,39.1255],[8.1326,39.15],[8.1352,39.1754],[8.1544,39.2143],[8.1929,39.2403],[8.2896,39.2628],[8.3258,39.3025],[8.2939,39.3372]]],[[[6.8071,45.2195],[6.8575,45.2368],[6.9163,45.2752],[6.9947,45.296],[6.9929,45.3394],[7.0285,45.3837],[6.9927,45.4221],[6.905,45.4645],[6.8867,45.4865],[6.8525,45.5975],[6.7548,45.6392],[6.7104,45.6784],[6.6951,45.7047],[6.6792,45.7795],[6.6878,45.8278],[6.7126,45.8636],[6.7477,45.8881],[6.7863,45.9018],[6.8891,45.9174],[6.9271,45.9654],[6.9634,45.9855],[7.0205,45.9972],[7.0635,45.9911],[7.1309,45.9482],[7.143,45.9483],[7.253,45.9814],[7.3475,45.9812],[7.446,46.0217],[7.4768,46.0419],[7.529,46.0556],[7.6681,46.0361],[7.7102,46.0224],[7.7482,45.9995],[7.7825,45.9941],[7.8335,46.038],[7.9117,46.0578],[7.9322,46.1224],[7.9721,46.1535],[8.0261,46.1713],[8.0171,46.1904],[7.9854,46.2153],[7.9701,46.2455],[7.9751,46.2773],[8.0028,46.3135],[8.0632,46.3508],[8.1238,46.3655],[8.1832,46.4117],[8.2192,46.4674],[8.2664,46.4968],[8.3214,46.5142],[8.3771,46.5225],[8.4458,46.5195],[8.484,46.5092],[8.5135,46.4895],[8.5449,46.4439],[8.5497,46.4131],[8.5464,46.3474],[8.5283,46.2821],[8.5845,46.2581],[8.6702,46.1809],[8.6858,46.1757],[8.7195,46.1814],[8.7596,46.177],[8.843,46.1577],[8.8914,46.1332],[8.931,46.0904],[8.9659,46.1106],[8.9709,46.1338],[9.0045,46.1781],[9.0788,46.2195],[9.1323,46.2682],[9.1702,46.3344],[9.1564,46.3896],[9.1347,46.428],[9.1442,46.4766],[9.1923,46.5379],[9.2383,46.5626],[9.3182,46.5729],[9.3901,46.563],[9.4494,46.5695],[9.4851,46.5612],[9.5142,46.5447],[9.5361,46.5159],[9.5468,46.4134],[9.5896,46.3645],[9.6114,46.3643],[9.6422,46.3986],[9.6785,46.4169],[9.7226,46.4228],[9.7659,46.4161],[9.8377,46.4379],[9.9245,46.443],[9.9294,46.5422],[10.0098,46.6522],[10.0471,46.6711],[10.1632,46.696],[10.2169,46.6989],[10.2685,46.6886],[10.315,46.7773],[10.3173,46.8204],[10.3465,46.853],[10.3638,46.9014],[10.3943,46.9237],[10.4355,46.9353],[10.4801,46.9341],[10.5251,46.9174],[10.6178,46.9339],[10.6738,46.9333],[10.7928,46.8913],[10.8411,46.8513],[10.8886,46.8419],[10.9467,46.8452],[10.9883,46.9302],[11.0178,46.9634],[11.0825,47.0076],[11.142,47.0323],[11.2965,47.0582],[11.3788,47.0506],[11.4483,47.0772],[11.4962,47.0771],[11.5393,47.0672],[11.6174,47.071],[11.7351,47.0527],[11.7787,47.0613],[11.8651,47.0957],[11.9386,47.11],[11.9868,47.1116],[12.0676,47.1404],[12.1603,47.1558],[12.2384,47.1477],[12.276,47.1323],[12.3011,47.1078],[12.3094,47.0785],[12.3032,47.0302],[12.2668,46.9908],[12.2297,46.9685],[12.2498,46.9476],[12.3103,46.9349],[12.3517,46.9102],[12.3765,46.8662],[12.3806,46.8335],[12.4271,46.8077],[12.461,46.7521],[12.5733,46.7248],[12.6308,46.7281],[12.7732,46.7112],[12.8648,46.6801],[13.0722,46.6698],[13.1701,46.6551],[13.2551,46.6234],[13.3516,46.6362],[13.5154,46.6307],[13.5452,46.618],[13.6889,46.5902],[13.7263,46.5896],[13.7669,46.5755],[13.7949,46.5509],[13.8051,46.5204],[13.8016,46.4919],[13.7821,46.4364],[13.7525,46.4023],[13.7079,46.3817],[13.6484,46.3734],[13.605,46.3385],[13.5013,46.2898],[13.5697,46.2729],[13.6032,46.2551],[13.6923,46.2414],[13.7202,46.2236],[13.737,46.2001],[13.7479,46.1538],[13.736,46.1274],[13.7073,46.0907],[13.6457,46.0502],[13.6936,46.0234],[13.7248,45.9773],[13.7081,45.9087],[13.6808,45.863],[13.8212,45.809],[13.8671,45.7802],[13.9349,45.7],[13.9687,45.6834],[13.989,45.6604],[13.9972,45.6309],[13.9818,45.5914],[13.9274,45.5394],[13.8965,45.5214],[13.8582,45.5131],[13.7805,45.5107],[13.7394,45.5227],[13.6829,45.5242],[13.649,45.5363],[13.6238,45.5563],[13.6107,45.5814],[13.6115,45.6081],[13.6403,45.6627],[13.6155,45.681],[13.4582,45.6124],[13.3957,45.6036],[13.3353,45.6173],[13.3012,45.6344],[13.2797,45.6597],[13.2762,45.6787],[13.2459,45.6836],[13.2272,45.6538],[13.1446,45.5834],[13.0906,45.5678],[12.9849,45.5614],[12.8251,45.4887],[12.5651,45.4074],[12.5259,45.391],[12.5009,45.3632],[12.4652,45.3479],[12.4341,45.3449],[12.412,45.3149],[12.3698,45.2863],[12.4007,45.2595],[12.427,45.1232],[12.4778,45.0985],[12.5141,45.0617],[12.5529,45.0549],[12.5982,45.0318],[12.6267,44.9989],[12.635,44.965],[12.5752,44.8266],[12.5223,44.7744],[12.4577,44.7357],[12.4077,44.7221],[12.3504,44.7234],[12.3521,44.6822],[12.3854,44.6135],[12.3836,44.4974],[12.4162,44.3807],[12.434,44.3583],[12.4469,44.3078],[12.475,44.261],[12.5791,44.1675],[12.6545,44.1285],[12.7075,44.0769],[12.7478,44.0504],[12.8555,44.0285],[12.9137,43.998],[12.9929,43.971],[13.0182,43.9484],[13.3127,43.7612],[13.4493,43.6993],[13.4635,43.6957],[13.5208,43.7053],[13.5582,43.6969],[13.7046,43.5921],[13.7233,43.5515],[13.7205,43.5364],[13.8706,43.2653],[13.8823,43.2209],[13.9294,43.147],[13.9616,43.0222],[14.0376,42.821],[14.087,42.7331],[14.1601,42.6362],[14.2907,42.5204],[14.451,42.4273],[14.5059,42.3666],[14.6212,42.2821],[14.7119,42.2561],[14.7722,42.2302],[14.8077,42.1854],[14.817,42.1407],[14.9004,42.1011],[15.0244,42.0789],[15.0587,42.0639],[15.0984,42.0309],[15.1751,41.9998],[15.2815,42.0001],[15.439,41.9791],[15.5951,41.999],[15.7712,41.9935],[16.0156,42.0156],[16.1349,41.9978],[16.2009,41.976],[16.2508,41.9416],[16.2715,41.9141],[16.2892,41.8117],[16.2766,41.7554],[16.2113,41.6961],[16.1571,41.674],[16.0879,41.6239],[15.9905,41.5843],[15.9907,41.5517],[16.0068,41.5264],[16.0644,41.4931],[16.1141,41.4813],[16.1703,41.4527],[16.4963,41.3299],[16.5801,41.3065],[16.637,41.272],[16.9018,41.2066],[16.9374,41.1869],[17.103,41.1449],[17.2491,41.084],[17.3327,41.0382],[17.4121,40.9687],[17.4719,40.9378],[17.531,40.891],[17.5877,40.8686],[17.6583,40.8546],[17.7844,40.8142],[17.8826,40.7619],[17.9632,40.7478],[18.0656,40.7072],[18.1282,40.6335],[18.1363,40.5878],[18.1739,40.564],[18.2929,40.5163],[18.3842,40.4366],[18.4068,40.4076],[18.4468,40.3808],[18.5241,40.2955],[18.5812,40.1903],[18.6029,40.1665],[18.6099,40.1416],[18.6094,40.097],[18.5957,40.0663],[18.5545,40.008],[18.5113,39.977],[18.5005,39.9562],[18.4886,39.9146],[18.4918,39.8645],[18.4702,39.7813],[18.4305,39.7426],[18.3946,39.7275],[18.3174,39.7297],[18.2423,39.7656],[18.1955,39.7684],[18.1232,39.7951],[17.9936,39.8718],[17.9089,39.9677],[17.9028,40.0072],[17.8753,40.0442],[17.8759,40.0726],[17.8927,40.1002],[17.8372,40.1531],[17.8251,40.2076],[17.8148,40.2193],[17.5073,40.2318],[17.3446,40.2725],[17.256,40.3141],[17.1693,40.3424],[17.1352,40.3656],[17.1072,40.4087],[17.1085,40.444],[17.0678,40.446],[17.0305,40.4326],[16.9845,40.3985],[16.8637,40.2646],[16.8145,40.168],[16.7423,40.0926],[16.6942,40.0581],[16.725,39.9621],[16.7119,39.9291],[16.6537,39.8676],[16.6172,39.8409],[16.5839,39.7852],[16.6166,39.7452],[16.6204,39.7087],[16.637,39.6999],[16.7548,39.6919],[16.8346,39.6713],[16.8781,39.6447],[16.9131,39.6073],[16.9961,39.5652],[17.0548,39.5498],[17.1381,39.4839],[17.2013,39.4701],[17.2284,39.4537],[17.2459,39.4308],[17.2515,39.4044],[17.2131,39.3203],[17.2075,39.2781],[17.2322,39.239],[17.2375,39.2013],[17.2157,39.1097],[17.2218,39.1002],[17.2542,39.091],[17.2811,39.0717],[17.2963,39.0457],[17.2974,39.0171],[17.2841,38.9906],[17.264,38.9744],[17.2587,38.9351],[17.1616,38.8428],[17.1307,38.8301],[17.096,38.8273],[17.0544,38.8397],[17.0088,38.8347],[16.9774,38.843],[16.9445,38.8661],[16.87,38.8502],[16.7747,38.8164],[16.7127,38.7765],[16.658,38.7523],[16.6344,38.7097],[16.6687,38.5288],[16.6517,38.3977],[16.6241,38.3638],[16.5607,38.3125],[16.3728,38.2273],[16.2483,38.1056],[16.1961,37.9484],[16.1613,37.9044],[16.1267,37.8794],[16.0822,37.8622],[16.0082,37.8472],[15.9313,37.8605],[15.7667,37.8533],[15.7112,37.8614],[15.6343,37.8935],[15.593,37.9238],[15.561,37.9618],[15.5457,38.014],[15.4669,37.9344],[15.3424,37.7727],[15.304,37.7401],[15.3062,37.6841],[15.2877,37.6552],[15.2499,37.5456],[15.1809,37.4656],[15.1819,37.3725],[15.2866,37.3346],[15.338,37.279],[15.351,37.2284],[15.3288,37.1879],[15.3349,37.1699],[15.3757,37.1438],[15.3903,37.1189],[15.3963,37.0774],[15.4212,37.0219],[15.4188,36.9923],[15.4019,36.966],[15.3732,36.9474],[15.3468,36.9405],[15.3057,36.9077],[15.2366,36.8872],[15.1913,36.7898],[15.2218,36.7044],[15.2235,36.672],[15.2157,36.6454],[15.1763,36.6078],[15.1196,36.5859],[15.072,36.5851],[15.0166,36.6037],[14.9951,36.6187],[14.9775,36.6169],[14.9213,36.6319],[14.8737,36.6564],[14.7865,36.6274],[14.751,36.6314],[14.7057,36.6508],[14.635,36.6661],[14.6047,36.6935],[14.56,36.7081],[14.4397,36.7324],[14.3947,36.7745],[14.3015,36.926],[14.2225,36.9875],[14.1645,37.0181],[14.0843,37.0451],[13.9999,37.0395],[13.9687,37.028],[13.9263,37.0245],[13.8822,37.0294],[13.839,37.0441],[13.7874,37.0765],[13.6803,37.1052],[13.6201,37.1383],[13.5289,37.2081],[13.4049,37.2377],[13.2372,37.3294],[13.2146,37.3425],[13.1841,37.3819],[13.1271,37.4195],[13.0633,37.4266],[13.0119,37.4221],[12.9723,37.4349],[12.9377,37.4629],[12.9184,37.4983],[12.7902,37.5023],[12.6907,37.4909],[12.6231,37.4991],[12.5748,37.5294],[12.5281,37.5862],[12.4647,37.6015],[12.4182,37.6378],[12.3915,37.6738],[12.3696,37.734],[12.3469,37.7632],[12.3363,37.7989],[12.3473,37.8414],[12.2664,37.8515],[12.2218,37.872],[12.1948,37.9013],[12.1823,37.9406],[12.1904,37.9693],[12.2123,37.9931],[12.2444,38.0079],[12.3268,38.0177],[12.4062,37.9894],[12.402,38.0244],[12.4098,38.0508],[12.4294,38.0731],[12.4692,38.0917],[12.5194,38.128],[12.5779,38.1437],[12.6016,38.17],[12.63,38.1834],[12.6397,38.2098],[12.6732,38.248],[12.7031,38.2612],[12.737,38.2647],[12.807,38.2432],[12.8346,38.2235],[12.8882,38.1268],[12.9272,38.1058],[12.9671,38.12],[12.9647,38.1534],[12.9749,38.1767],[13.0459,38.2476],[13.0867,38.2619],[13.1328,38.263],[13.1694,38.2536],[13.1985,38.2716],[13.2943,38.2905],[13.3367,38.2912],[13.3737,38.278],[13.3985,38.2588],[13.4483,38.2122],[13.4613,38.1797],[13.5391,38.1797],[13.5682,38.1682],[13.6171,38.134],[13.6306,38.1016],[13.6764,38.0734],[13.7834,38.0473],[13.9229,38.0999],[14.0276,38.1212],[14.106,38.0941],[14.1641,38.1002],[14.2768,38.0875],[14.3508,38.0969],[14.43,38.1214],[14.4867,38.114],[14.5923,38.1459],[14.6978,38.2239],[14.7835,38.2318],[14.8865,38.2579],[14.9424,38.2578],[14.9885,38.2451],[15.0183,38.2247],[15.0661,38.2226],[15.0993,38.211],[15.1257,38.2218],[15.1466,38.2541],[15.1537,38.2941],[15.1736,38.3166],[15.2028,38.3316],[15.2371,38.3368],[15.2825,38.3298],[15.3142,38.3101],[15.3273,38.289],[15.358,38.2974],[15.4942,38.3694],[15.5687,38.3718],[15.7046,38.3335],[15.7325,38.3403],[15.7473,38.3822],[15.818,38.4982],[15.8257,38.5238],[15.8222,38.5388],[15.78,38.5664],[15.7465,38.6105],[15.7453,38.657],[15.7638,38.6948],[15.8007,38.7238],[15.8636,38.7445],[15.9632,38.7905],[16.0429,38.7996],[16.1068,38.7948],[16.1246,38.8288],[16.1285,38.8838],[16.0756,38.9176],[15.9984,39.0465],[15.9438,39.3279],[15.9117,39.4054],[15.8575,39.4705],[15.7858,39.5296],[15.7504,39.6235],[15.714,39.6859],[15.6985,39.7741],[15.6786,39.8145],[15.6846,39.8653],[15.64,39.9357],[15.5689,40.0035],[15.5032,39.9553],[15.444,39.9268],[15.3981,39.9225],[15.349,39.9275],[15.3097,39.9369],[15.2749,39.9571],[15.2208,39.9644],[15.1927,39.9803],[15.1741,40.003],[15.1703,40.0458],[15.1221,40.0694],[15.0877,40.0971],[15.0319,40.0979],[14.9944,40.1094],[14.9465,40.1506],[14.8782,40.1724],[14.8379,40.1965],[14.8188,40.2281],[14.815,40.2739],[14.8407,40.3117],[14.8441,40.3588],[14.8611,40.3808],[14.8919,40.3989],[14.8056,40.5389],[14.7524,40.5946],[14.7022,40.577],[14.6517,40.5757],[14.5899,40.5471],[14.5629,40.543],[14.4664,40.5496],[14.3911,40.5088],[14.3581,40.4996],[14.3231,40.5002],[14.2907,40.5105],[14.2527,40.543],[14.2356,40.5796],[14.2399,40.6317],[14.2681,40.6731],[14.3369,40.7058],[14.2735,40.7529],[14.2421,40.7354],[14.2052,40.7292],[14.1511,40.734],[14.1175,40.7166],[14.0586,40.7154],[14.0458,40.6767],[13.9767,40.6338],[13.9006,40.6226],[13.8621,40.6254],[13.7951,40.6551],[13.7643,40.6834],[13.7549,40.7083],[13.7767,40.7924],[13.7975,40.8146],[13.8276,40.8293],[13.8831,40.8344],[13.9508,40.8205],[13.9559,40.8391],[13.935,40.8913],[13.894,40.9459],[13.8498,40.9735],[13.8263,41.0047],[13.8184,41.0434],[13.8004,41.0707],[13.7208,41.1564],[13.6868,41.1794],[13.6623,41.1787],[13.6425,41.1569],[13.6144,41.1423],[13.5813,41.1362],[13.5154,41.1375],[13.4595,41.1564],[13.4207,41.1808],[13.2936,41.2235],[13.2324,41.2143],[13.1732,41.1898],[13.1447,41.1673],[13.0944,41.1525],[13.0388,41.1532],[12.9812,41.1737],[12.9579,41.1975],[12.94,41.2384],[12.9028,41.2878],[12.8375,41.3407],[12.8236,41.347],[12.7282,41.3533],[12.6637,41.3793],[12.6332,41.3755],[12.5983,41.3811],[12.5685,41.3959],[12.4686,41.501],[12.3789,41.5806],[12.282,41.6464],[12.2008,41.6702],[12.1643,41.691],[12.1329,41.7265],[12.1137,41.8059],[12.0771,41.8531],[11.8931,41.9654],[11.8148,41.9628],[11.7805,41.9713],[11.7527,41.9886],[11.6601,42.1017],[11.6457,42.1426],[11.5976,42.2166],[11.4942,42.2835],[11.3565,42.3284],[11.2728,42.3403],[11.2457,42.3108],[11.2144,42.2979],[11.1277,42.2974],[11.0337,42.345],[11.0278,42.3003],[10.9912,42.2672],[10.955,42.2507],[10.9129,42.2471],[10.8583,42.2638],[10.7884,42.317],[10.7662,42.3538],[10.7665,42.3799],[10.7853,42.413],[10.8138,42.4428],[10.8492,42.4597],[10.891,42.4639],[10.9441,42.4492],[10.9901,42.417],[11.0063,42.4697],[11.04,42.5],[11.0607,42.5082],[10.9892,42.5915],[10.9299,42.6226],[10.9035,42.6695],[10.883,42.6853],[10.6995,42.7363],[10.6644,42.7519],[10.641,42.7768],[10.6335,42.8066],[10.6434,42.836],[10.6683,42.8594],[10.6678,42.8743],[10.6192,42.8866],[10.5875,42.8694],[10.5373,42.8562],[10.5306,42.7842],[10.5187,42.7591],[10.5254,42.7047],[10.5053,42.6756],[10.4582,42.6441],[10.419,42.6369],[10.3792,42.6421],[10.3132,42.6712],[10.2863,42.675],[10.2413,42.6639],[10.1513,42.6652],[10.1794,42.6308],[10.1954,42.5879],[10.1739,42.5343],[10.1381,42.5117],[10.0831,42.5005],[10.0278,42.5077],[9.9909,42.5243],[9.9629,42.5502],[9.9535,42.5739],[9.9577,42.6056],[10.0043,42.6598],[10.0288,42.6755],[10.0717,42.6852],[10.0354,42.7083],[10.0101,42.7468],[10.0047,42.7734],[10.022,42.8301],[10.0567,42.8608],[10.1058,42.8811],[10.1704,42.8904],[10.2176,42.8856],[10.244,42.8963],[10.3101,42.898],[10.3316,42.9205],[10.3953,42.943],[10.3798,42.9958],[10.3903,43.023],[10.4262,43.0524],[10.4385,43.0837],[10.4433,43.1473],[10.4329,43.2269],[10.3518,43.3517],[10.2971,43.4072],[10.2547,43.4273],[10.2261,43.4646],[10.1962,43.5619],[10.1567,43.8245],[10.1058,43.9057],[10.0776,43.9207],[10.0329,43.9642],[9.9997,43.9781],[9.943,43.9741],[9.9054,43.9856],[9.8679,43.9715],[9.8274,43.97],[9.7826,43.9799],[9.746,44.0087],[9.6333,44.0709],[9.5756,44.0842],[9.4991,44.14],[9.4354,44.1669],[9.3843,44.1782],[9.2971,44.2262],[9.2723,44.2502],[9.2128,44.2334],[9.1738,44.2384],[9.0852,44.2717],[9.0519,44.3074],[8.9671,44.3196],[8.9036,44.3371],[8.8232,44.3433],[8.7733,44.3593],[8.7364,44.3359],[8.618,44.2939],[8.548,44.2571],[8.4832,44.1459],[8.4384,44.1177],[8.3548,44.0944],[8.3307,44.079],[8.3073,44.0156],[8.2634,43.9749],[8.2676,43.9564],[8.2578,43.9253],[8.2303,43.9003],[8.2023,43.8905],[8.1142,43.833],[7.9833,43.7829],[7.8264,43.7551],[7.7592,43.7282],[7.7177,43.7211],[7.5311,43.7125],[7.4605,43.727],[7.4271,43.7452],[7.407,43.7719],[7.3842,43.8303],[7.3799,43.8784],[7.4196,43.9345],[7.4925,43.999],[7.5456,44.0327],[7.5748,44.0829],[7.5704,44.0874],[7.4086,44.0538],[7.3085,44.0552],[7.1012,44.1422],[7.0221,44.168],[6.9582,44.1712],[6.8982,44.202],[6.7735,44.3429],[6.766,44.3793],[6.7809,44.4326],[6.7516,44.4671],[6.7354,44.5289],[6.7587,44.5829],[6.8341,44.6412],[6.8436,44.6845],[6.863,44.7123],[6.9131,44.7469],[6.8992,44.787],[6.8412,44.7859],[6.7962,44.7969],[6.6792,44.8534],[6.6409,44.8921],[6.6267,44.9305],[6.6277,44.9621],[6.5962,44.9746],[6.5638,44.9997],[6.5178,45.0641],[6.5027,45.0911],[6.5038,45.1201],[6.5491,45.1698],[6.6166,45.202],[6.7208,45.2284],[6.8071,45.2195]]],[[[10.4105,42.3572],[10.4096,42.3154],[10.3958,42.2861],[10.3666,42.2638],[10.3276,42.2527],[10.2858,42.2548],[10.2368,42.2701],[10.2001,42.3112],[10.21,42.3768],[10.2391,42.4034],[10.2752,42.4198],[10.3173,42.4231],[10.3573,42.4129],[10.3877,42.391],[10.4105,42.3572]]],[[[9.8659,42.9437],[9.827,42.9365],[9.7711,42.9394],[9.7404,42.9515],[9.7005,42.9913],[9.6867,43.0236],[9.6944,43.0569],[9.7331,43.1139],[9.7755,43.1365],[9.8146,43.1462],[9.8558,43.1432],[9.9059,43.1186],[9.9395,43.0838],[9.9529,43.041],[9.9167,42.9782],[9.8659,42.9437]]],[[[12.9617,35.8361],[12.9409,35.8063],[12.9075,35.786],[12.8726,35.7802],[12.8294,35.7838],[12.7986,35.7978],[12.7703,35.8253],[12.7591,35.849],[12.7598,35.8801],[12.7748,35.9099],[12.8108,35.9344],[12.8592,35.9443],[12.901,35.9388],[12.9371,35.9169],[12.9606,35.881],[12.9617,35.8361]]],[[[14.7606,38.6419],[14.7846,38.6518],[14.8478,38.6569],[14.9216,38.639],[14.9609,38.5938],[15.019,38.5757],[15.0492,38.5466],[15.0709,38.4874],[15.0616,38.451],[15.0943,38.3999],[15.0986,38.3733],[15.0903,38.3474],[15.0618,38.319],[15.0133,38.2951],[14.9503,38.2981],[14.8774,38.3509],[14.8577,38.3861],[14.855,38.4171],[14.8295,38.4352],[14.8092,38.4785],[14.7653,38.4965],[14.714,38.5362],[14.7031,38.5608],[14.7041,38.5867],[14.7167,38.6108],[14.7606,38.6419]]],[[[14.3764,38.467],[14.3387,38.4633],[14.3023,38.472],[14.2736,38.4915],[14.2573,38.5185],[14.2519,38.5569],[14.2623,38.5819],[14.2835,38.6023],[14.3269,38.6193],[14.3648,38.623],[14.4013,38.6144],[14.4302,38.5948],[14.4464,38.5677],[14.4517,38.5292],[14.4411,38.5043],[14.4199,38.4839],[14.3764,38.467]]],[[[14.5824,38.4848],[14.526,38.4924],[14.4923,38.5067],[14.461,38.5434],[14.451,38.5813],[14.4564,38.6117],[14.4774,38.6377],[14.5103,38.6544],[14.5408,38.6599],[14.5858,38.6545],[14.6228,38.6398],[14.6533,38.6154],[14.6704,38.5877],[14.6722,38.5341],[14.6549,38.5104],[14.6276,38.4934],[14.5824,38.4848]]],[[[13.1961,38.6226],[13.1574,38.6193],[13.1192,38.6279],[13.0899,38.6428],[13.0698,38.6651],[13.0613,38.6992],[13.0708,38.7344],[13.0992,38.7653],[13.1372,38.7848],[13.2139,38.7861],[13.2511,38.7691],[13.2824,38.736],[13.2893,38.7054],[13.281,38.6784],[13.2398,38.6406],[13.1961,38.6226]]],[[[15.3057,38.8539],[15.3273,38.825],[15.3299,38.7916],[15.3073,38.7443],[15.2761,38.7171],[15.2336,38.7021],[15.1956,38.7031],[15.1246,38.7361],[15.1028,38.7602],[15.095,38.7927],[15.1023,38.8208],[15.145,38.8579],[15.1859,38.8795],[15.2393,38.8821],[15.2733,38.8732],[15.3057,38.8539]]],[[[13.5265,40.807],[13.5211,40.7769],[13.4986,40.7437],[13.4594,40.7223],[13.4237,40.7142],[13.3865,40.7171],[13.3538,40.7307],[13.3305,40.7529],[13.3203,40.7803],[13.3247,40.8085],[13.3468,40.8423],[13.3759,40.8623],[13.405,40.8708],[13.4528,40.8717],[13.489,40.859],[13.5151,40.836],[13.5265,40.807]]]]}},{"type":"Feature","properties":{"id":"de","name_fr":"Allemagne","name_en":"Germany","kind":"country","country":"de","bbox":[5.7398,47.1997,15.1364,55.1364],"margin_m":8000,"source":"Natural Earth 1:10m admin 0 countries v5.1.2, public domain"},"geometry":{"type":"MultiPolygon","coordinates":[[[[5.8577,50.7798],[5.8575,50.8087],[5.9172,50.88],[5.9038,50.8958],[5.8481,50.8955],[5.8038,50.9091],[5.7728,50.9333],[5.7398,51.0318],[5.7422,51.0612],[5.7632,51.0875],[5.7992,51.1063],[5.8631,51.1231],[5.8983,51.1228],[5.9521,51.1508],[5.9397,51.1952],[5.9546,51.2503],[6.0468,51.3524],[6.0832,51.3787],[6.0792,51.4206],[6.0891,51.4565],[6.0838,51.4785],[5.9932,51.5532],[5.9695,51.6047],[5.9406,51.6186],[5.8969,51.665],[5.8566,51.6816],[5.8311,51.7063],[5.8236,51.7353],[5.8325,51.7672],[5.8134,51.7959],[5.8185,51.8322],[5.8352,51.8558],[5.8642,51.8743],[5.9845,51.9089],[6.0021,51.9302],[6.0715,51.9599],[6.1237,51.9686],[6.1767,51.9617],[6.2439,51.9374],[6.2786,51.9375],[6.3305,51.9243],[6.3636,51.9314],[6.4383,51.9241],[6.4908,51.9444],[6.6235,51.9693],[6.5739,51.9991],[6.5589,52.0288],[6.5719,52.0877],[6.6655,52.1526],[6.7087,52.1711],[6.7616,52.1804],[6.8001,52.2099],[6.8595,52.232],[6.8958,52.2622],[6.9,52.3052],[6.9257,52.3482],[6.9263,52.3609],[6.8531,52.3638],[6.7248,52.3825],[6.6632,52.397],[6.6256,52.4148],[6.5809,52.4582],[6.554,52.5373],[6.5599,52.5646],[6.5858,52.5902],[6.5871,52.6365],[6.6322,52.6772],[6.7018,52.7033],[6.7685,52.7129],[6.8635,52.7138],[6.9275,52.7057],[6.9501,52.8481],[6.9795,52.8929],[7.0553,52.9653],[7.0739,53.0051],[7.0525,53.1351],[7.0774,53.1976],[7.0803,53.2656],[7.0219,53.2732],[6.9471,53.3019],[6.909,53.3548],[6.9043,53.4615],[6.9454,53.5469],[6.9687,53.5671],[6.971,53.607],[6.9172,53.6034],[6.9139,53.584],[6.8368,53.5092],[6.7934,53.4945],[6.7436,53.4914],[6.6414,53.506],[6.5782,53.5345],[6.541,53.5854],[6.5406,53.6118],[6.5562,53.6364],[6.5857,53.656],[6.6355,53.6731],[6.7578,53.6909],[6.7819,53.7196],[6.8199,53.7371],[6.895,53.7549],[7.0601,53.7639],[7.1588,53.7949],[7.3396,53.7999],[7.4822,53.8332],[7.6072,53.8342],[7.7017,53.8567],[7.8086,53.8554],[7.8837,53.8677],[7.9509,53.8638],[8.019,53.8442],[8.0541,53.8248],[8.074,53.7961],[8.1035,53.805],[8.1717,53.8101],[8.2457,53.7953],[8.3008,53.7641],[8.3165,53.7356],[8.3112,53.7058],[8.2949,53.6891],[8.3633,53.6853],[8.3745,53.7323],[8.4595,53.8831],[8.5227,53.9333],[8.6017,53.9594],[8.6606,53.9642],[8.7337,53.9543],[8.7887,53.9274],[8.7115,54.0321],[8.7182,54.0603],[8.7544,54.0897],[8.697,54.1572],[8.6944,54.1989],[8.6367,54.2016],[8.5691,54.2218],[8.5159,54.2554],[8.4801,54.3075],[8.4826,54.3597],[8.5371,54.4389],[8.4819,54.4862],[8.4729,54.5074],[8.4815,54.5454],[8.4977,54.5683],[8.5444,54.5947],[8.6504,54.6247],[8.7041,54.6296],[8.7092,54.6378],[8.676,54.6537],[8.6392,54.6297],[8.6039,54.6192],[8.519,54.615],[8.5114,54.6],[8.4684,54.5716],[8.4298,54.5586],[8.3519,54.5471],[8.3081,54.5522],[8.2468,54.5784],[8.1718,54.6486],[8.1684,54.6752],[8.1832,54.7021],[8.1581,54.7375],[8.1528,54.7815],[8.1678,54.9091],[8.2559,55.0591],[8.3502,55.1266],[8.4337,55.1364],[8.4749,55.1287],[8.5585,55.0974],[8.5815,55.0744],[8.5884,55.0482],[8.5783,55.0224],[8.4986,54.9611],[8.6483,54.9678],[8.7146,54.9619],[8.7819,54.9749],[8.8454,54.9767],[9.2236,54.9203],[9.2774,54.9041],[9.3164,54.8802],[9.3574,54.8895],[9.4301,54.8847],[9.5013,54.922],[9.5413,54.9346],[9.5863,54.938],[9.6306,54.9319],[9.668,54.9171],[9.696,54.8899],[9.7437,54.8837],[9.8398,54.8551],[9.9065,54.8629],[9.9807,54.8522],[10.0682,54.807],[10.1008,54.7554],[10.1356,54.7246],[10.1624,54.6738],[10.1533,54.5638],[10.2247,54.5459],[10.2889,54.5122],[10.3718,54.5127],[10.4376,54.4991],[10.5081,54.4683],[10.6513,54.431],[10.7405,54.3874],[10.801,54.4189],[10.8865,54.4455],[10.8913,54.4953],[10.9192,54.5357],[10.9473,54.5602],[11.0168,54.5952],[11.1007,54.6068],[11.1704,54.6019],[11.2872,54.5689],[11.3387,54.5388],[11.4233,54.4472],[11.4366,54.4219],[11.4333,54.3955],[11.4138,54.3716],[11.3809,54.3534],[11.3389,54.3434],[11.2379,54.3484],[11.2056,54.3239],[11.2157,54.2145],[11.1943,54.1702],[11.1333,54.1236],[11.0225,54.0769],[11.1591,54.0893],[11.219,54.0851],[11.2954,54.0461],[11.347,54.0774],[11.4126,54.0959],[11.4454,54.1344],[11.5427,54.1684],[11.6198,54.2142],[11.7114,54.2297],[11.81,54.2231],[12.0031,54.2475],[12.0632,54.2639],[12.1199,54.3036],[12.2396,54.3445],[12.4042,54.5174],[12.4781,54.5524],[12.5264,54.56],[12.576,54.5558],[12.6185,54.5406],[12.6389,54.5236],[12.8194,54.5236],[12.942,54.5134],[13.0038,54.6403],[13.0355,54.6606],[13.1134,54.6768],[13.1503,54.7086],[13.2189,54.734],[13.389,54.76],[13.4782,54.7515],[13.5389,54.7271],[13.5613,54.7052],[13.5639,54.661],[13.6227,54.6615],[13.7028,54.6478],[13.7626,54.6143],[13.793,54.5768],[13.7981,54.5257],[13.7319,54.4639],[13.7703,54.4504],[13.825,54.4065],[13.8549,54.3949],[13.8824,54.3689],[13.8889,54.3385],[13.8732,54.3093],[13.849,54.2937],[13.8307,54.2461],[13.8976,54.2267],[13.9585,54.1596],[14.107,54.1084],[14.3231,53.9653],[14.3318,53.9394],[14.3162,53.901],[14.3212,53.868],[14.3024,53.8387],[14.2828,53.8275],[14.3353,53.8112],[14.3737,53.7829],[14.3879,53.7431],[14.3854,53.6674],[14.4189,53.5959],[14.4177,53.5363],[14.4794,53.4527],[14.5196,53.3066],[14.5524,53.2793],[14.5614,53.2491],[14.5484,53.2193],[14.5005,53.1706],[14.5033,53.1098],[14.4521,53.0192],[14.3868,52.973],[14.2776,52.9273],[14.2806,52.8763],[14.4724,52.7848],[14.526,52.7325],[14.5656,52.7098],[14.6383,52.6839],[14.7517,52.6075],[14.7628,52.5767],[14.7382,52.5293],[14.7498,52.4914],[14.7404,52.4683],[14.7153,52.435],[14.6635,52.3927],[14.7013,52.3298],[14.7763,52.3064],[14.8155,52.2701],[14.8295,52.2352],[14.8138,52.1423],[14.8624,52.1127],[14.8772,52.0856],[14.8736,52.0571],[14.8147,51.9768],[14.7993,51.8933],[14.7648,51.8509],[14.7199,51.818],[14.7496,51.7756],[14.754,51.7514],[14.8245,51.7059],[14.8449,51.6751],[14.8593,51.6094],[14.8437,51.5672],[14.9821,51.5255],[15.0285,51.4987],[15.0596,51.4659],[15.0704,51.4367],[15.0635,51.4146],[15.0726,51.354],[15.1235,51.302],[15.1364,51.2321],[15.1026,51.1715],[15.0937,51.1155],[15.0614,51.0376],[14.965,50.889],[14.9226,50.8532],[14.9009,50.8064],[14.8707,50.7729],[14.8052,50.7436],[14.7127,50.7406],[14.6318,50.7587],[14.5377,50.7919],[14.5082,50.8183],[14.4987,50.8475],[14.474,50.86],[14.4201,50.8254],[14.3814,50.8118],[14.2915,50.8108],[14.238,50.7825],[14.0823,50.7373],[14.0065,50.7304],[13.9857,50.7209],[13.975,50.7016],[13.9438,50.6793],[13.8945,50.6627],[13.8392,50.6509],[13.7728,50.6521],[13.7138,50.6413],[13.6282,50.6402],[13.5859,50.5838],[13.5239,50.5441],[13.4566,50.5246],[13.3894,50.528],[13.3569,50.5117],[13.3045,50.4998],[13.2834,50.474],[13.2276,50.4394],[13.1925,50.4282],[13.1084,50.4233],[13.0683,50.3765],[12.9922,50.3369],[12.912,50.3336],[12.8599,50.344],[12.8045,50.3655],[12.7396,50.3295],[12.7043,50.3232],[12.5752,50.3254],[12.5513,50.2945],[12.4847,50.2668],[12.4369,50.2217],[12.4208,50.1974],[12.4263,50.1673],[12.4141,50.1346],[12.3801,50.1091],[12.3438,50.0959],[12.5283,50.0326],[12.568,50.0022],[12.5803,49.9706],[12.6216,49.9397],[12.6348,49.8975],[12.6263,49.8623],[12.5396,49.7365],[12.5953,49.7024],[12.6159,49.6526],[12.6556,49.6126],[12.6671,49.5757],[12.7215,49.5424],[12.7364,49.4759],[12.8086,49.4411],[12.84,49.4058],[12.9138,49.4089],[12.9521,49.402],[13.0091,49.3827],[13.0765,49.3464],[13.1116,49.3014],[13.1443,49.2808],[13.2537,49.1781],[13.3267,49.1677],[13.3712,49.148],[13.4505,49.0889],[13.4876,49.0388],[13.5616,49.0374],[13.6779,49.0018],[13.7053,48.9796],[13.7185,48.9445],[13.7778,48.9301],[13.8165,48.9061],[13.9174,48.792],[13.9244,48.7635],[13.91,48.73],[13.9254,48.6929],[13.9122,48.6626],[13.9058,48.5901],[13.8691,48.5339],[13.82,48.5027],[13.7803,48.4636],[13.7454,48.4524],[13.7067,48.4501],[13.629,48.4699],[13.5652,48.5017],[13.545,48.4629],[13.5433,48.4211],[13.5122,48.3552],[13.4765,48.3223],[13.3787,48.2655],[13.2927,48.2362],[13.1659,48.2215],[13.085,48.2],[12.9961,48.151],[12.9291,48.1354],[12.8672,48.094],[12.9284,48.045],[12.9488,48.0105],[13.0294,47.9533],[13.0921,47.8707],[13.0974,47.839],[13.054,47.779],[13.084,47.7704],[13.1267,47.7423],[13.1774,47.6699],[13.1776,47.6137],[13.1357,47.5286],[13.1434,47.4948],[13.1374,47.4691],[13.0714,47.4117],[13.0413,47.3992],[12.9961,47.3938],[12.9027,47.4038],[12.8678,47.4161],[12.6867,47.5192],[12.6685,47.5692],[12.6702,47.6032],[12.5813,47.5655],[12.4939,47.557],[12.4357,47.569],[12.3625,47.6108],[12.3064,47.6146],[12.2574,47.5608],[12.1951,47.5346],[11.9444,47.5385],[11.9124,47.5341],[11.8539,47.507],[11.6742,47.5119],[11.6482,47.4792],[11.5903,47.4468],[11.4904,47.4321],[11.4752,47.4084],[11.4256,47.3787],[11.3579,47.368],[11.281,47.3285],[11.225,47.3225],[11.161,47.3336],[11.0822,47.3176],[10.978,47.3186],[10.9262,47.3284],[10.8714,47.3632],[10.8465,47.4096],[10.7747,47.4423],[10.7215,47.4465],[10.6731,47.4687],[10.6187,47.4826],[10.5578,47.4598],[10.5541,47.4196],[10.5233,47.3644],[10.4961,47.3377],[10.4484,47.3127],[10.3967,47.2612],[10.2993,47.2164],[10.1727,47.1997],[10.1069,47.2089],[10.0734,47.2276],[10.055,47.2505],[10.0549,47.2908],[9.9995,47.3138],[9.969,47.3493],[9.9482,47.4129],[9.8954,47.4401],[9.8821,47.462],[9.767,47.4769],[9.7222,47.4576],[9.6785,47.4507],[9.5845,47.4525],[9.4939,47.4724],[9.2321,47.5827],[9.1622,47.5881],[9.1342,47.5985],[9.0399,47.6047],[8.9777,47.5858],[8.8792,47.5822],[8.8181,47.5985],[8.7724,47.6233],[8.7073,47.6238],[8.6664,47.5568],[8.6415,47.5368],[8.5944,47.5212],[8.5522,47.5177],[8.5102,47.5263],[8.4357,47.5098],[8.3535,47.5091],[8.2581,47.5276],[8.2268,47.5483],[8.1469,47.5079],[8.0421,47.4886],[7.9122,47.4886],[7.872,47.4939],[7.8463,47.5054],[7.7882,47.4855],[7.6693,47.4729],[7.6118,47.4826],[7.5601,47.5011],[7.4976,47.5448],[7.482,47.585],[7.4257,47.639],[7.4086,47.6794],[7.4128,47.7337],[7.4274,47.7516],[7.4263,47.8174],[7.4526,47.8657],[7.4538,47.8956],[7.4816,47.9591],[7.5068,47.9895],[7.4686,48.05],[7.474,48.1296],[7.5122,48.2036],[7.5853,48.2775],[7.6105,48.3488],[7.6347,48.3672],[7.6294,48.3975],[7.6394,48.446],[7.6701,48.5145],[7.6944,48.5437],[7.6949,48.5945],[7.7188,48.6537],[7.7609,48.6974],[7.8572,48.7545],[7.8687,48.7833],[7.8952,48.8094],[8.0075,48.8589],[8.0387,48.9158],[7.9038,48.9632],[7.8263,48.9632],[7.7809,48.9719],[7.711,48.9645],[7.6107,48.9676],[7.564,48.983],[7.5384,49.0021],[7.4622,49.0229],[7.396,49.0758],[7.3093,49.0369],[7.2581,49.0339],[7.1068,49.0492],[7.0592,49.0365],[7.0147,49.038],[6.9749,49.0511],[6.9294,49.0791],[6.912,49.1068],[6.8813,49.0874],[6.8335,49.0757],[6.6824,49.0894],[6.6417,49.1046],[6.6198,49.1218],[6.5328,49.2387],[6.4716,49.2806],[6.4464,49.3139],[6.4428,49.3484],[6.4147,49.3812],[6.3941,49.3879],[6.3337,49.3838],[6.2951,49.3913],[6.2631,49.4074],[6.2422,49.4298],[6.235,49.4557],[6.2459,49.5894],[6.2959,49.6466],[6.2931,49.666],[6.3125,49.6975],[6.3748,49.738],[6.3044,49.763],[6.2476,49.7724],[6.2125,49.7928],[6.2018,49.8087],[6.1435,49.8366],[6.1058,49.8815],[6.0579,49.9147],[6.0117,49.9809],[5.9852,50.0553],[6.0081,50.165],[6.0354,50.2094],[6.0399,50.2356],[6.068,50.2663],[6.1664,50.315],[6.1891,50.3416],[6.2255,50.3638],[6.2341,50.4113],[6.1672,50.4191],[6.1366,50.4303],[6.0727,50.4825],[6.0492,50.5546],[6.0663,50.583],[6.0358,50.6326],[5.9568,50.6456],[5.9234,50.6634],[5.8577,50.7798]]],[[[7.9296,54.1085],[7.8805,54.1072],[7.8345,54.1172],[7.7988,54.1371],[7.7692,54.1632],[7.7576,54.1899],[7.7639,54.2171],[7.7872,54.241],[7.8242,54.258],[7.8841,54.2663],[7.984,54.2597],[8.0203,54.2438],[8.0477,54.2158],[8.0558,54.187],[8.0437,54.1586],[8.0134,54.1354],[7.9296,54.1085]]]]}},{"type":"Feature","properties":{"id":"at","name_fr":"Autriche","name_en":"Austria","kind":"country","country":"at","bbox":[9.4167,46.3067,17.2555,49.0811],"margin_m":8000,"source":"Natural Earth 1:10m admin 0 countries v5.1.2, public domain"},"geometry":{"type":"Polygon","coordinates":[[[9.4508,47.1893],[9.418,47.2471],[9.4167,47.274],[9.5336,47.4193],[9.4961,47.4409],[9.4511,47.4958],[9.4429,47.5473],[9.4579,47.5732],[9.4863,47.5934],[9.524,47.6047],[9.5652,47.6055],[9.6336,47.5941],[9.7026,47.6455],[9.7553,47.6587],[9.8325,47.6526],[9.8748,47.6335],[9.9067,47.6061],[9.9647,47.6116],[10.0063,47.6],[10.0371,47.5777],[10.0472,47.5575],[10.0845,47.5464],[10.1103,47.5285],[10.1794,47.4501],[10.2413,47.4425],[10.294,47.4143],[10.3442,47.4441],[10.3166,47.4756],[10.3133,47.5958],[10.337,47.6225],[10.4103,47.6478],[10.4868,47.6494],[10.5366,47.626],[10.5851,47.6344],[10.6455,47.6296],[10.7833,47.593],[10.8521,47.6031],[10.9111,47.5933],[10.9844,47.5507],[10.9963,47.5117],[11.062,47.4617],[11.1082,47.4834],[11.1658,47.4983],[11.2003,47.5007],[11.2447,47.4926],[11.2752,47.5043],[11.3577,47.5677],[11.4111,47.5797],[11.4797,47.5779],[11.5194,47.6247],[11.5758,47.655],[11.624,47.6616],[11.7817,47.6539],[11.8306,47.6696],[11.9147,47.6812],[12.0764,47.6787],[12.0743,47.7262],[12.0975,47.7541],[12.1685,47.7883],[12.2187,47.8022],[12.2601,47.803],[12.2966,47.7939],[12.3415,47.7567],[12.4446,47.7622],[12.4872,47.7496],[12.5255,47.7154],[12.5695,47.7336],[12.653,47.7471],[12.7882,47.7361],[12.8246,47.8001],[12.8648,47.8466],[12.8417,47.8825],[12.7736,47.922],[12.7405,47.9747],[12.6827,48.0151],[12.6459,48.0548],[12.6301,48.1069],[12.6455,48.149],[12.8117,48.2601],[12.8786,48.2755],[12.9929,48.3304],[13.1178,48.3619],[13.2376,48.3759],[13.3174,48.4208],[13.3445,48.5174],[13.3335,48.5741],[13.3718,48.6207],[13.4164,48.6408],[13.5062,48.6559],[13.5499,48.6539],[13.6951,48.6252],[13.6932,48.6776],[13.6785,48.6969],[13.6762,48.7265],[13.6875,48.7556],[13.7391,48.8175],[13.8064,48.8381],[13.9082,48.8224],[14.0623,48.7552],[14.1209,48.7088],[14.1393,48.6806],[14.1405,48.6592],[14.2287,48.6527],[14.3072,48.6362],[14.3316,48.6436],[14.358,48.6808],[14.3819,48.6957],[14.4327,48.7131],[14.4724,48.7145],[14.5102,48.7063],[14.5438,48.6875],[14.6018,48.6917],[14.6302,48.7311],[14.6771,48.7627],[14.7242,48.8279],[14.7765,48.8475],[14.8448,48.8503],[14.8592,48.893],[14.8553,48.9724],[14.8742,49.0271],[14.9145,49.0645],[14.99,49.0811],[15.1464,49.0647],[15.208,49.0464],[15.2734,49.0587],[15.3878,49.04],[15.5047,49.0072],[15.5785,48.971],[15.7132,48.9292],[15.7621,48.9422],[15.8532,48.9405],[15.9559,48.8972],[16.0097,48.8679],[16.0267,48.8498],[16.1048,48.8157],[16.1936,48.8177],[16.3201,48.8064],[16.3416,48.8308],[16.3926,48.862],[16.4292,48.8724],[16.5049,48.8769],[16.5547,48.8737],[16.6841,48.8449],[16.7193,48.8297],[16.7456,48.803],[16.8129,48.7859],[16.8648,48.7915],[16.9266,48.7816],[16.9853,48.7386],[17.0043,48.7068],[17.0137,48.6616],[17.0526,48.6135],[17.0618,48.5668],[17.0512,48.5203],[16.9683,48.4347],[16.9624,48.4012],[17.0028,48.365],[17.0138,48.3347],[17.042,48.315],[17.0611,48.2833],[17.0822,48.1993],[17.1417,48.1656],[17.1795,48.1251],[17.1829,48.0786],[17.2467,48.0341],[17.2555,48.0041],[17.245,47.9744],[17.1974,47.9392],[17.1801,47.8712],[17.1522,47.8386],[17.1611,47.8238],[17.1514,47.7839],[17.1561,47.7536],[17.1808,47.7194],[17.1779,47.6888],[17.1564,47.6618],[17.1203,47.6432],[17.0689,47.6307],[16.9286,47.6122],[16.8528,47.6151],[16.8222,47.6055],[16.758,47.6068],[16.7872,47.5658],[16.7941,47.519],[16.7804,47.4872],[16.7461,47.4553],[16.7377,47.4235],[16.7061,47.3962],[16.6546,47.3689],[16.5563,47.3363],[16.5776,47.2886],[16.5734,47.2538],[16.5413,47.2138],[16.5844,47.1903],[16.6136,47.1493],[16.6111,47.1183],[16.5917,47.0864],[16.6025,47.0534],[16.5771,46.9621],[16.549,46.9408],[16.4921,46.9255],[16.3875,46.9201],[16.3361,46.9291],[16.2882,46.8841],[16.24,46.8641],[16.1827,46.816],[16.0761,46.773],[16.0746,46.7584],[16.0969,46.7414],[16.1189,46.6983],[16.1161,46.6484],[16.0971,46.6247],[16.0668,46.6075],[16.0294,46.5993],[15.9902,46.6011],[15.9357,46.6254],[15.8456,46.6515],[15.7611,46.6322],[15.7012,46.6331],[15.6452,46.6063],[15.6097,46.6038],[15.5571,46.5617],[15.4808,46.5438],[15.4428,46.544],[15.3671,46.5728],[15.2104,46.5671],[15.0728,46.5764],[15.0239,46.5399],[14.987,46.5296],[14.9168,46.5355],[14.884,46.4778],[14.8573,46.4526],[14.7686,46.4242],[14.7497,46.4055],[14.6626,46.372],[14.6327,46.3341],[14.5996,46.3181],[14.5411,46.3067],[14.4998,46.3124],[14.4487,46.3419],[14.3663,46.3644],[14.1225,46.3706],[14.0693,46.3879],[14.0301,46.4113],[13.9697,46.4105],[13.8601,46.4423],[13.7833,46.4358],[13.6595,46.4471],[13.4434,46.4897],[13.3752,46.4925],[13.2932,46.4804],[13.2259,46.4803],[13.1712,46.4912],[13.1064,46.5175],[13.0489,46.5267],[12.8231,46.5379],[12.7322,46.5679],[12.6645,46.5719],[12.6344,46.5832],[12.5519,46.5796],[12.5021,46.5873],[12.3358,46.6362],[12.3012,46.6572],[12.2583,46.7098],[12.1949,46.7378],[12.1673,46.7716],[12.1624,46.8116],[12.053,46.8578],[12.03,46.8812],[12.0138,46.9684],[11.942,46.9616],[11.8879,46.9369],[11.7586,46.9005],[11.6976,46.9033],[11.6472,46.9209],[11.5915,46.9277],[11.5435,46.9176],[11.4876,46.921],[11.4481,46.9031],[11.4058,46.8986],[11.3112,46.914],[11.2202,46.8984],[11.1826,46.8728],[11.1547,46.7981],[11.1298,46.7661],[11.0728,46.7196],[11.0114,46.6979],[10.9353,46.7014],[10.8783,46.6923],[10.6821,46.7202],[10.6504,46.7346],[10.6139,46.7849],[10.5161,46.7717],[10.4747,46.7749],[10.4202,46.7905],[10.3609,46.831],[10.3489,46.862],[10.3084,46.8521],[10.2878,46.8261],[10.2053,46.7875],[10.1279,46.7747],[10.0792,46.7786],[10.0156,46.7944],[9.952,46.8273],[9.8678,46.8459],[9.8113,46.8703],[9.7766,46.8983],[9.7581,46.9311],[9.7577,46.9617],[9.6488,46.9852],[9.573,46.984],[9.5171,46.9998],[9.4899,47.0211],[9.4767,47.0479],[9.4797,47.0761],[9.5013,47.1038],[9.471,47.1208],[9.453,47.1421],[9.4508,47.1893]]]}},{"type":"Feature","properties":{"id":"ch","name_fr":"Suisse","name_en":"Switzerland","kind":"country","country":"ch","bbox":[5.8522,45.7498,10.5678,47.873],"margin_m":8000,"source":"Natural Earth 1:10m admin 0 countries v5.1.2, public domain"},"geometry":{"type":"Polygon","coordinates":[[[5.866,46.1626],[5.8522,46.19],[5.8534,46.215],[5.8734,46.253],[5.9029,46.2727],[5.9969,46.3076],[6.0171,46.3508],[5.9717,46.3756],[5.9545,46.3989],[5.9505,46.4249],[5.965,46.4942],[6.0199,46.5567],[6.0171,46.6009],[6.0354,46.6271],[6.1957,46.7335],[6.2765,46.7663],[6.3167,46.7926],[6.3144,46.8165],[6.3382,46.8678],[6.3276,46.8875],[6.3269,46.9291],[6.3598,46.9885],[6.4384,47.0257],[6.5496,47.0514],[6.572,47.0631],[6.585,47.0984],[6.6157,47.1295],[6.6461,47.1449],[6.6718,47.173],[6.7192,47.1912],[6.8485,47.2806],[6.8008,47.2978],[6.7745,47.3188],[6.7616,47.3449],[6.7642,47.3725],[6.7907,47.4167],[6.8686,47.4842],[6.8834,47.5274],[6.9088,47.5462],[6.9831,47.5689],[7.1254,47.5667],[7.2138,47.5567],[7.2519,47.5418],[7.2826,47.5024],[7.3128,47.5045],[7.3444,47.5443],[7.3813,47.5581],[7.4153,47.5979],[7.4589,47.6221],[7.5127,47.6428],[7.6064,47.6639],[7.691,47.6653],[7.7402,47.6414],[7.7918,47.6648],[7.8307,47.6669],[7.9429,47.6532],[7.9817,47.6325],[8.0303,47.6325],[8.1209,47.6761],[8.1613,47.6867],[8.2325,47.6939],[8.2869,47.6898],[8.2944,47.7282],[8.3452,47.7673],[8.3753,47.8043],[8.409,47.8257],[8.4557,47.8357],[8.505,47.8636],[8.5641,47.873],[8.6778,47.8593],[8.7221,47.8452],[8.8052,47.7914],[8.884,47.7693],[8.9401,47.7323],[8.9773,47.7458],[9.0284,47.7504],[9.1834,47.7424],[9.3294,47.7112],[9.6039,47.5955],[9.6345,47.5758],[9.6563,47.5376],[9.7206,47.5061],[9.7474,47.4812],[9.7555,47.4087],[9.737,47.3658],[9.5921,47.1961],[9.6173,47.1275],[9.7006,47.1248],[9.8898,47.0841],[9.9306,47.0676],[9.9694,47.0235],[9.9718,46.9742],[10.0392,46.9592],[10.1173,46.9214],[10.1447,46.96],[10.1749,46.9823],[10.2179,46.9943],[10.2865,47.0465],[10.3528,47.0668],[10.3993,47.0661],[10.4621,47.0416],[10.5392,46.9827],[10.5665,46.935],[10.5527,46.8242],[10.5294,46.7804],[10.5306,46.7392],[10.4985,46.6937],[10.5472,46.6622],[10.5675,46.623],[10.5678,46.5629],[10.5333,46.5005],[10.5036,46.4787],[10.4456,46.4647],[10.2629,46.4822],[10.1584,46.5265],[10.1354,46.505],[10.1422,46.4882],[10.2054,46.466],[10.2281,46.4439],[10.2443,46.4098],[10.2343,46.3643],[10.2136,46.3354],[10.2519,46.2945],[10.2627,46.263],[10.2394,46.2124],[10.201,46.1824],[10.1125,46.1527],[10.0736,46.1481],[10.0022,46.1542],[9.9696,46.1694],[9.9475,46.192],[9.9389,46.221],[9.8942,46.2553],[9.8732,46.2924],[9.7928,46.2699],[9.7772,46.2549],[9.7132,46.2251],[9.673,46.2198],[9.5241,46.2251],[9.457,46.249],[9.4185,46.2784],[9.3977,46.3093],[9.3773,46.32],[9.3128,46.1931],[9.2211,46.1126],[9.1733,46.0902],[9.156,46.0344],[9.1159,46.0028],[9.1124,45.9721],[9.1448,45.9466],[9.1651,45.9093],[9.1509,45.849],[9.0822,45.7752],[9.0544,45.7586],[9.0201,45.7498],[8.9334,45.7583],[8.8886,45.7549],[8.8491,45.7639],[8.8179,45.783],[8.8,45.8093],[8.8095,45.8716],[8.7865,45.9021],[8.7234,45.9182],[8.6919,45.9344],[8.6713,45.9577],[8.6647,45.9847],[8.6814,46.0236],[8.6254,46.0336],[8.5547,46.0588],[8.5162,46.0825],[8.4482,46.149],[8.3722,46.1798],[8.3444,46.2046],[8.3241,46.2434],[8.3225,46.3022],[8.2518,46.2501],[8.2167,46.2357],[8.233,46.1998],[8.2261,46.1289],[8.1783,46.0725],[8.1166,46.0391],[8.1028,45.9978],[8.0801,45.9667],[8.0447,45.9398],[7.967,45.919],[7.9411,45.8881],[7.893,45.856],[7.826,45.8426],[7.6728,45.8576],[7.6229,45.8765],[7.5981,45.9],[7.5719,45.9046],[7.3959,45.8399],[7.3059,45.8396],[7.2228,45.8139],[7.1554,45.8046],[7.0696,45.81],[6.9901,45.8422],[6.9268,45.8963],[6.8956,45.9555],[6.8727,45.9735],[6.8454,45.9737],[6.7884,45.9923],[6.7618,46.0133],[6.7486,46.0397],[6.7495,46.0653],[6.694,46.0894],[6.6683,46.1272],[6.6638,46.1647],[6.7068,46.2638],[6.6605,46.3094],[6.6471,46.3378],[6.6545,46.3743],[6.5988,46.3842],[6.5241,46.3809],[6.4234,46.3384],[6.3453,46.3255],[6.3387,46.3195],[6.3677,46.2969],[6.3786,46.2741],[6.3802,46.2187],[6.3306,46.1717],[6.2606,46.1373],[6.219,46.1034],[6.1551,46.0746],[6.1107,46.0667],[6.0424,46.0763],[5.9711,46.059],[5.9283,46.0617],[5.8908,46.0763],[5.865,46.1002],[5.8553,46.1293],[5.866,46.1626]]]}},{"type":"Feature","properties":{"id":"be","name_fr":"Belgique","name_en":"Belgium","kind":"country","country":"be","bbox":[2.4077,49.4239,6.4864,51.5678],"margin_m":8000,"source":"Natural Earth 1:10m admin 0 countries v5.1.2, public domain"},"geometry":{"type":"Polygon","coordinates":[[[2.4486,50.979],[2.4077,51.091],[2.4212,51.1215],[2.4542,51.1455],[3.0892,51.398],[3.3195,51.4446],[3.3681,51.4462],[3.413,51.4351],[3.4467,51.4135],[3.4718,51.3455],[3.5781,51.3613],[3.6712,51.3561],[3.8204,51.3224],[3.8699,51.296],[3.8831,51.2778],[3.9003,51.278],[4.0852,51.3473],[4.1036,51.363],[4.1198,51.4015],[4.1492,51.4239],[4.1905,51.4372],[4.2621,51.441],[4.2682,51.4661],[4.288,51.4884],[4.3713,51.5241],[4.4642,51.5453],[4.5335,51.5481],[4.5911,51.5349],[4.6209,51.5149],[4.6783,51.5495],[4.7753,51.5678],[4.8604,51.551],[4.9182,51.5149],[4.9439,51.5323],[4.9987,51.5464],[5.0441,51.548],[5.0869,51.5384],[5.1623,51.4953],[5.1819,51.4718],[5.1932,51.451],[5.1852,51.4007],[5.2062,51.3801],[5.2526,51.3714],[5.3104,51.3328],[5.3642,51.3313],[5.4218,51.3528],[5.5063,51.358],[5.5546,51.3473],[5.6079,51.3209],[5.651,51.2671],[5.693,51.2548],[5.7429,51.2553],[5.7897,51.2454],[5.8241,51.2289],[5.8778,51.2216],[5.9111,51.2066],[5.9493,51.1611],[5.9594,51.0952],[5.9435,51.066],[5.8912,51.0193],[5.8618,50.9226],[5.8171,50.8719],[5.7754,50.8484],[5.834,50.8247],[6.0168,50.8205],[6.0564,50.8104],[6.0958,50.7844],[6.1292,50.7786],[6.1804,50.7521],[6.2509,50.6863],[6.2994,50.6788],[6.3375,50.6592],[6.359,50.6313],[6.3636,50.6002],[6.3312,50.5536],[6.3852,50.546],[6.42,50.5296],[6.4425,50.5062],[6.4637,50.4315],[6.4546,50.3824],[6.4864,50.3222],[6.4807,50.2921],[6.4438,50.2577],[6.4156,50.2438],[6.3716,50.235],[6.3285,50.2034],[6.2775,50.1864],[6.2628,50.1453],[6.2026,50.0738],[6.1647,50.0553],[6.1183,50.0485],[6.0569,50.0591],[6.0202,50.0775],[5.974,50.0533],[5.9117,49.9446],[5.8518,49.8966],[5.867,49.873],[5.8678,49.8461],[5.8555,49.8249],[5.8996,49.7773],[5.9499,49.7464],[5.9928,49.6612],[5.9876,49.6158],[5.9591,49.5858],[5.9497,49.5502],[5.9181,49.512],[5.862,49.4802],[5.802,49.4662],[5.6753,49.462],[5.6169,49.4424],[5.5592,49.4429],[5.4926,49.4239],[5.428,49.4294],[5.385,49.444],[5.3557,49.4691],[5.3415,49.5251],[5.3273,49.5418],[5.2933,49.5405],[5.2407,49.5517],[5.2068,49.5721],[5.1817,49.6137],[5.1033,49.6295],[5.0593,49.6537],[5.0181,49.6898],[4.9435,49.7186],[4.8423,49.7154],[4.802,49.7245],[4.7699,49.7428],[4.7438,49.7711],[4.7274,49.8344],[4.7257,49.8669],[4.7365,49.885],[4.6896,49.92],[4.6384,49.9109],[4.5143,49.8712],[4.4544,49.8614],[4.4056,49.8629],[4.2706,49.8868],[4.1705,49.8839],[4.0788,49.9117],[4.0454,49.9294],[4.025,49.9541],[4.0193,50.0216],[4.0553,50.0741],[4.0193,50.1061],[4.0166,50.1522],[4.0406,50.2111],[4.007,50.2496],[3.9781,50.2635],[3.8971,50.2534],[3.8088,50.274],[3.7424,50.2325],[3.7,50.2263],[3.6571,50.231],[3.6202,50.2457],[3.562,50.2862],[3.5505,50.3095],[3.5374,50.4147],[3.4634,50.4186],[3.4375,50.4272],[3.3745,50.4184],[3.313,50.4237],[3.23,50.451],[3.1821,50.4827],[3.1575,50.5183],[3.1182,50.6587],[3.0744,50.703],[3.0211,50.6924],[2.969,50.6461],[2.9118,50.6265],[2.8242,50.6334],[2.7139,50.6683],[2.6221,50.7419],[2.5449,50.7628],[2.4892,50.8086],[2.4754,50.8313],[2.4786,50.8674],[2.4633,50.9152],[2.4785,50.9487],[2.4486,50.979]]]}},{"type":"Feature","properties":{"id":"nl","name_fr":"Pays-Bas","name_en":"Netherlands","kind":"country","country":"nl","bbox":[3.237,50.6757,7.3173,53.6294],"margin_m":8000,"source":"Natural Earth 1:10m admin 0 countries v5.1.2, public domain"},"geometry":{"type":"Polygon","coordinates":[[[3.3949,51.46],[3.3537,51.4912],[3.3371,51.5188],[3.3349,51.5627],[3.3533,51.5879],[3.3968,51.6162],[3.4998,51.6558],[3.5791,51.6682],[3.5738,51.7288],[3.5891,51.7609],[3.6626,51.8],[3.7486,51.8144],[3.7653,51.8555],[3.7971,51.8755],[3.9199,51.9127],[3.8936,51.9815],[3.924,52.0328],[3.9568,52.0538],[4.0005,52.065],[4.0661,52.062],[4.191,52.156],[4.3069,52.261],[4.4003,52.3654],[4.4825,52.5269],[4.5528,52.8097],[4.6028,52.9035],[4.6176,52.9743],[4.5992,52.9987],[4.5896,53.0386],[4.6031,53.0814],[4.6567,53.1461],[4.7083,53.1774],[4.7841,53.2648],[4.8263,53.2977],[4.9258,53.352],[4.9938,53.3758],[5.0529,53.3847],[5.0952,53.4371],[5.208,53.4738],[5.355,53.4895],[5.414,53.507],[5.5758,53.5241],[5.6199,53.5399],[5.909,53.5457],[5.9699,53.5375],[6.0225,53.5189],[6.0682,53.5488],[6.136,53.5705],[6.2009,53.5804],[6.3317,53.5837],[6.3764,53.6173],[6.4696,53.6294],[6.559,53.6093],[6.598,53.5929],[6.6232,53.5687],[6.6236,53.5235],[6.7504,53.5315],[6.9003,53.5101],[6.9538,53.484],[6.9838,53.4513],[7.016,53.3884],[7.0599,53.3791],[7.1315,53.376],[7.1704,53.3604],[7.1964,53.3371],[7.2033,53.3163],[7.2773,53.297],[7.3033,53.2753],[7.3142,53.2493],[7.3173,53.192],[7.2954,53.1346],[7.3133,53.0394],[7.3102,52.9856],[7.2726,52.9064],[7.1774,52.8062],[7.1613,52.6735],[7.1416,52.6143],[7.0984,52.5731],[7.0638,52.5596],[7.0238,52.5542],[6.8602,52.5678],[6.8559,52.5374],[6.8378,52.5179],[6.8962,52.5061],[6.9646,52.5231],[7.007,52.5202],[7.0451,52.5084],[7.0736,52.489],[7.1344,52.4283],[7.1597,52.3878],[7.1645,52.3549],[7.1296,52.2743],[7.1458,52.242],[7.1373,52.2079],[7.1178,52.1858],[7.0619,52.1598],[7.0253,52.1291],[6.9589,52.1018],[6.922,52.0669],[6.8701,52.0459],[6.9228,51.9954],[6.927,51.9571],[6.9168,51.931],[6.8919,51.9091],[6.799,51.8451],[6.7203,51.8274],[6.6493,51.826],[6.5842,51.8122],[6.5274,51.7875],[6.3761,51.7518],[6.3266,51.7501],[6.2257,51.7859],[6.1738,51.771],[6.079,51.7756],[6.1278,51.7386],[6.1372,51.7126],[6.1808,51.6954],[6.2047,51.6738],[6.2146,51.6482],[6.2056,51.6157],[6.2806,51.5563],[6.3075,51.519],[6.3189,51.4702],[6.3116,51.4165],[6.3227,51.3855],[6.2873,51.303],[6.2382,51.2719],[6.2115,51.241],[6.2587,51.2123],[6.2709,51.1863],[6.2571,51.1324],[6.2236,51.0965],[6.075,51.0288],[6.0974,51.0147],[6.1183,50.9692],[6.1653,50.94],[6.1771,50.9136],[6.1764,50.8611],[6.163,50.8273],[6.1104,50.7877],[6.1076,50.7423],[6.0925,50.7134],[6.0598,50.691],[5.971,50.6757],[5.6949,50.6823],[5.6321,50.6984],[5.5954,50.7197],[5.5771,50.7555],[5.5304,50.79],[5.5112,50.8258],[5.515,50.8762],[5.6112,50.9523],[5.6099,50.9708],[5.6529,51.0249],[5.658,51.0709],[5.6902,51.1073],[5.6246,51.1105],[5.494,51.153],[5.4406,51.194],[5.3841,51.1869],[5.1871,51.1891],[5.1428,51.2031],[5.1079,51.239],[5.0391,51.2643],[4.9775,51.3317],[4.901,51.3202],[4.8345,51.3346],[4.7377,51.3416],[4.6931,51.3572],[4.6378,51.3465],[4.5258,51.3494],[4.5039,51.3143],[4.465,51.2932],[4.3848,51.2787],[4.2985,51.2864],[4.261,51.2544],[4.1898,51.2159],[3.9844,51.1423],[3.9283,51.1344],[3.8102,51.1334],[3.7501,51.143],[3.6939,51.1735],[3.6708,51.2046],[3.6077,51.2178],[3.5958,51.1997],[3.5623,51.1795],[3.5188,51.1692],[3.4405,51.1642],[3.3436,51.1815],[3.2828,51.215],[3.2452,51.2646],[3.237,51.3901],[3.2786,51.4318],[3.3949,51.46]]]}},{"type":"Feature","properties":{"id":"lu","name_fr":"Luxembourg","name_en":"Luxembourg","kind":"country","country":"lu","bbox":[5.604,49.3696,6.6101,50.2467],"margin_m":8000,"source":"Natural Earth 1:10m admin 0 countries v5.1.2, public domain"},"geometry":{"type":"Polygon","coordinates":[[[5.6158,49.85],[5.604,49.8761],[5.6115,49.9103],[5.6909,50.002],[5.6977,50.027],[5.728,50.0553],[5.7674,50.1216],[5.7969,50.15],[5.8449,50.1728],[5.8651,50.2021],[5.9009,50.2261],[5.9654,50.2437],[6.007,50.2467],[6.0667,50.2304],[6.1191,50.2277],[6.162,50.211],[6.2043,50.1721],[6.2291,50.125],[6.2165,50.0813],[6.2298,50.021],[6.2676,49.994],[6.3131,49.9341],[6.441,49.8774],[6.5449,49.8644],[6.5843,49.8444],[6.6079,49.8186],[6.6101,49.7051],[6.5986,49.6797],[6.5823,49.6593],[6.5246,49.6289],[6.5069,49.5943],[6.4613,49.5508],[6.4556,49.4548],[6.4458,49.4257],[6.4188,49.4017],[6.3791,49.3869],[6.3138,49.3852],[6.2723,49.3937],[6.1989,49.4251],[6.1467,49.3957],[6.1018,49.381],[5.9524,49.3696],[5.9105,49.3773],[5.8765,49.3949],[5.8556,49.4196],[5.7642,49.4473],[5.6848,49.5171],[5.6896,49.5669],[5.7217,49.5927],[5.7497,49.6324],[5.6931,49.7231],[5.6431,49.7518],[5.6218,49.7786],[5.6094,49.819],[5.6158,49.85]]]}},{"type":"Feature","properties":{"id":"gb","name_fr":"Royaume-Uni","name_en":"United Kingdom","kind":"country","country":"gb","bbox":[-8.754,49.8382,1.8846,60.9185],"margin_m":8000,"source":"Natural Earth 1:10m admin 0 countries v5.1.2, public domain"},"geometry":{"type":"MultiPolygon","coordinates":[[[[-6.4084,50.0251],[-6.3713,50.0348],[-6.3314,50.0354],[-6.2612,50.0144],[-6.195,49.9671],[-6.1738,49.9323],[-6.1761,49.9055],[-6.1959,49.8733],[-6.224,49.855],[-6.2704,49.8398],[-6.3106,49.8382],[-6.3608,49.8499],[-6.3943,49.8673],[-6.4519,49.9302],[-6.4558,49.9847],[-6.4378,50.0077],[-6.4084,50.0251]]],[[[-4.7892,51.205],[-4.7709,51.2337],[-4.7299,51.2568],[-4.6823,51.2666],[-4.6326,51.2628],[-4.5904,51.246],[-4.5636,51.2195],[-4.5497,51.1788],[-4.5566,51.1395],[-4.5867,51.1113],[-4.6278,51.0934],[-4.6772,51.0883],[-4.7252,51.097],[-4.7709,51.1247],[-4.7927,51.1628],[-4.7892,51.205]]],[[[-6.7471,56.6513],[-6.6703,56.709],[-6.5513,56.7527],[-6.442,56.7622],[-6.3625,56.7394],[-6.3468,56.7653],[-6.2327,56.8205],[-6.0722,56.8333],[-6.0218,56.8498],[-6.05,56.8808],[-6.0501,56.9074],[-6.0325,56.9322],[-5.9917,56.9577],[-6.0612,56.963],[-6.1185,56.9845],[-6.159,56.9204],[-6.2081,56.8916],[-6.2904,56.8725],[-6.3683,56.8715],[-6.4592,56.9005],[-6.4845,56.9247],[-6.5543,56.9566],[-6.5761,56.9764],[-6.6804,56.9924],[-6.7146,57.0109],[-6.7343,57.0348],[-6.7371,57.0609],[-6.7224,57.0859],[-6.6582,57.1207],[-6.5898,57.1396],[-6.5278,57.1444],[-6.4265,57.1219],[-6.5934,57.2683],[-6.7155,57.288],[-6.7695,57.3046],[-6.8168,57.3307],[-6.8525,57.3765],[-6.9021,57.4162],[-6.9162,57.4645],[-6.9023,57.4894],[-6.8375,57.5512],[-6.7767,57.5782],[-6.7639,57.635],[-6.7345,57.6585],[-6.6904,57.674],[-6.6386,57.6791],[-6.5676,57.6733],[-6.5434,57.6645],[-6.5061,57.7012],[-6.4732,57.7128],[-6.4229,57.7548],[-6.3792,57.7675],[-6.3082,57.7746],[-6.2589,57.769],[-6.2169,57.754],[-6.044,57.6351],[-5.9952,57.647],[-5.9415,57.648],[-5.9204,57.7096],[-5.9396,57.7436],[-5.9456,57.8293],[-5.9249,57.8806],[-5.8639,57.9226],[-5.7548,57.945],[-5.697,57.9849],[-5.6499,57.9978],[-5.5971,58.0001],[-5.5272,57.9843],[-5.551,58.0018],[-5.5584,58.0428],[-5.5815,58.0756],[-5.5781,58.1026],[-5.5373,58.1406],[-5.4968,58.1599],[-5.4621,58.1662],[-5.5239,58.2253],[-5.5282,58.2632],[-5.5158,58.2915],[-5.483,58.3149],[-5.4191,58.3324],[-5.3699,58.336],[-5.3018,58.3255],[-5.3047,58.3734],[-5.2756,58.4366],[-5.2341,58.4669],[-5.2427,58.5054],[-5.229,58.5435],[-5.1535,58.5845],[-5.1398,58.6319],[-5.1111,58.6635],[-5.0559,58.6909],[-5.0084,58.6994],[-4.9582,58.6984],[-4.8007,58.6769],[-4.7344,58.6755],[-4.6439,58.6387],[-4.5764,58.6512],[-4.5343,58.6504],[-4.4611,58.641],[-4.3653,58.6121],[-4.284,58.6156],[-4.1445,58.6374],[-4.1192,58.6516],[-4.0534,58.6659],[-4.0023,58.6656],[-3.8958,58.6384],[-3.839,58.6454],[-3.7582,58.6758],[-3.6862,58.6913],[-3.5933,58.6989],[-3.5277,58.6941],[-3.4667,58.7315],[-3.4192,58.7438],[-3.4933,58.8123],[-3.5469,58.8363],[-3.5701,58.8734],[-3.5496,58.9282],[-3.4905,58.9713],[-3.5009,59.035],[-3.4769,59.128],[-3.4506,59.1575],[-3.4043,59.1861],[-3.3064,59.214],[-3.2323,59.2198],[-3.1531,59.2575],[-3.2147,59.32],[-3.2135,59.351],[-3.1867,59.3789],[-3.1394,59.3984],[-3.0771,59.4059],[-2.9959,59.431],[-2.9361,59.4312],[-2.863,59.4116],[-2.8224,59.3874],[-2.8066,59.3571],[-2.7613,59.3243],[-2.7366,59.322],[-2.7191,59.3391],[-2.6716,59.3579],[-2.5579,59.3773],[-2.493,59.3757],[-2.4234,59.3905],[-2.3688,59.3875],[-2.3145,59.3713],[-2.268,59.3321],[-2.2571,59.267],[-2.2836,59.2403],[-2.3288,59.2215],[-2.364,59.2167],[-2.4307,59.1733],[-2.4104,59.1601],[-2.3766,59.1033],[-2.3816,59.0726],[-2.4112,59.0458],[-2.4663,59.0204],[-2.5957,59.0028],[-2.5677,58.952],[-2.5883,58.8949],[-2.7462,58.823],[-2.7779,58.7773],[-2.7874,58.715],[-2.8416,58.6785],[-2.8917,58.6645],[-2.8901,58.6094],[-2.955,58.5261],[-2.9178,58.4762],[-2.9208,58.4477],[-2.9646,58.3816],[-3.0171,58.3287],[-3.1178,58.2584],[-3.1933,58.2307],[-3.2994,58.2081],[-3.4136,58.1208],[-3.6486,58.0169],[-3.7132,57.9974],[-3.7538,57.9544],[-3.7919,57.9373],[-3.7192,57.9278],[-3.6828,57.9116],[-3.6527,57.8799],[-3.6454,57.8491],[-3.6688,57.7996],[-3.827,57.6871],[-3.7652,57.7119],[-3.617,57.7399],[-3.5721,57.7707],[-3.5163,57.7837],[-3.4035,57.7951],[-3.2788,57.7922],[-3.0545,57.741],[-2.9784,57.7672],[-2.9162,57.7747],[-2.7579,57.7747],[-2.4194,57.7468],[-2.311,57.7673],[-2.2132,57.7569],[-2.1405,57.7747],[-1.9926,57.7746],[-1.946,57.7691],[-1.8312,57.7294],[-1.7292,57.6611],[-1.7006,57.6329],[-1.6633,57.5464],[-1.6362,57.5227],[-1.6267,57.4666],[-1.6441,57.4376],[-1.7168,57.3882],[-1.7307,57.3626],[-1.759,57.342],[-1.8611,57.2869],[-1.9379,57.1625],[-1.9197,57.1324],[-1.9301,57.088],[-2.0611,56.9621],[-2.0551,56.9141],[-2.1135,56.8307],[-2.1725,56.7967],[-2.2356,56.7449],[-2.3144,56.7129],[-2.3224,56.6812],[-2.3525,56.6416],[-2.3615,56.5974],[-2.4128,56.5468],[-2.5197,56.4963],[-2.5651,56.464],[-2.6017,56.4505],[-2.6331,56.4204],[-2.6728,56.4044],[-2.5959,56.386],[-2.4909,56.3376],[-2.4589,56.3133],[-2.4477,56.2777],[-2.4578,56.25],[-2.5586,56.1772],[-2.7097,56.1331],[-2.5818,56.1234],[-2.4912,56.0799],[-2.459,56.0766],[-2.2638,56.0034],[-2.077,55.9778],[-2.0414,55.9618],[-1.9838,55.9166],[-1.9014,55.8294],[-1.7557,55.7154],[-1.7101,55.7057],[-1.6578,55.6786],[-1.5565,55.6434],[-1.5178,55.6178],[-1.461,55.4983],[-1.4629,55.3814],[-1.433,55.3353],[-1.4374,55.2837],[-1.404,55.2558],[-1.3689,55.127],[-1.3013,55.0383],[-1.2468,54.9917],[-1.2302,54.9121],[-1.1659,54.7838],[-1.0826,54.751],[-1.057,54.728],[-1.0384,54.6893],[-0.7215,54.6214],[-0.476,54.5284],[-0.424,54.4928],[-0.4005,54.4535],[-0.34,54.408],[-0.2732,54.3006],[-0.1875,54.2669],[-0.1482,54.2177],[-0.0284,54.1844],[0.0349,54.1432],[0.0465,54.117],[0.0409,54.0902],[0.0189,54.0665],[-0.0872,54.0257],[-0.0519,53.9501],[-0.0407,53.9308],[0.2499,53.6622],[0.2671,53.5937],[0.227,53.5298],[0.2601,53.5107],[0.3557,53.4189],[0.4548,53.2507],[0.4759,53.1889],[0.4728,53.1289],[0.436,53.0536],[0.4108,53.0337],[0.3521,53.015],[0.246,52.9567],[0.2165,52.9304],[0.2708,52.901],[0.2962,52.8771],[0.3265,52.8753],[0.3613,52.9423],[0.3997,52.9832],[0.4694,53.0203],[0.5188,53.0343],[0.6435,53.0538],[0.7124,53.0563],[0.7653,53.0463],[0.8357,53.0463],[0.9084,53.0371],[0.9511,53.0457],[0.9939,53.0443],[1.303,52.999],[1.4506,52.9553],[1.7334,52.8232],[1.7758,52.7918],[1.8122,52.7478],[1.8613,52.6439],[1.8658,52.5428],[1.8838,52.5069],[1.8846,52.4666],[1.7933,52.2991],[1.7457,52.2469],[1.7407,52.1682],[1.6879,52.0502],[1.659,52.0273],[1.5584,51.9939],[1.4029,51.8821],[1.3815,51.8144],[1.2982,51.7592],[1.1806,51.7155],[1.0595,51.7042],[1.065,51.6028],[1.051,51.5802],[1.0018,51.535],[0.9166,51.4915],[0.9826,51.4686],[1.0291,51.4346],[1.0899,51.4448],[1.4495,51.4621],[1.5075,51.4444],[1.5412,51.4251],[1.5602,51.399],[1.5473,51.326],[1.5115,51.2864],[1.5265,51.2119],[1.5181,51.1737],[1.4905,51.1248],[1.445,51.0851],[1.3944,51.063],[1.2161,51.011],[1.1327,51.0049],[1.1142,50.9942],[1.0824,50.9649],[1.089,50.8981],[1.0641,50.8699],[1.0221,50.8514],[0.9487,50.8375],[0.8126,50.8614],[0.7438,50.8189],[0.6713,50.7933],[0.4391,50.7595],[0.324,50.6838],[0.2728,50.6755],[0.1972,50.6778],[0.0652,50.6987],[-0.1907,50.7565],[-0.2272,50.7501],[-0.2704,50.7547],[-0.3976,50.7302],[-0.5504,50.7302],[-0.6724,50.7043],[-0.7151,50.6743],[-0.7785,50.6585],[-0.8477,50.6664],[-0.9559,50.7076],[-0.9492,50.6852],[-0.9577,50.6579],[-0.9819,50.6348],[-1.052,50.6079],[-1.0658,50.5735],[-1.0945,50.5491],[-1.1364,50.5345],[-1.247,50.5136],[-1.3467,50.5201],[-1.5193,50.5946],[-1.5914,50.5875],[-1.6305,50.5975],[-1.6611,50.6159],[-1.679,50.6402],[-1.6816,50.6657],[-1.7457,50.6501],[-1.8211,50.6528],[-1.8246,50.6229],[-1.8806,50.5546],[-1.9355,50.5316],[-1.9814,50.5247],[-2.0888,50.5252],[-2.1887,50.5504],[-2.3183,50.5597],[-2.3251,50.5292],[-2.3582,50.4891],[-2.4163,50.4597],[-2.4595,50.4557],[-2.5023,50.4611],[-2.5386,50.4764],[-2.5632,50.4994],[-2.5727,50.5434],[-2.7484,50.6293],[-2.8826,50.6612],[-2.9851,50.6368],[-3.0366,50.6365],[-3.0802,50.6194],[-3.1653,50.6174],[-3.1857,50.6124],[-3.25,50.5717],[-3.3225,50.5513],[-3.3732,50.5454],[-3.3928,50.5127],[-3.3787,50.478],[-3.375,50.4115],[-3.392,50.3625],[-3.4322,50.3112],[-3.4745,50.2855],[-3.5337,50.2671],[-3.5367,50.2093],[-3.5574,50.1817],[-3.6296,50.1519],[-3.7065,50.1409],[-3.8266,50.1447],[-3.9016,50.1809],[-3.9725,50.2348],[-4.022,50.2233],[-4.0567,50.2246],[-4.1012,50.2346],[-4.1474,50.2579],[-4.2012,50.2505],[-4.2584,50.2568],[-4.2897,50.2695],[-4.3172,50.2929],[-4.346,50.2977],[-4.4547,50.2614],[-4.6698,50.2435],[-4.7177,50.1809],[-4.7466,50.1664],[-4.8201,50.1588],[-4.8785,50.1383],[-4.9057,50.1081],[-4.9503,50.0821],[-4.945,50.0568],[-4.9549,50.0309],[-5.0052,49.9747],[-5.0346,49.9553],[-5.0814,49.9431],[-5.1119,49.9087],[-5.1473,49.8931],[-5.1892,49.8872],[-5.2314,49.8921],[-5.2805,49.9109],[-5.3383,49.9536],[-5.3795,50.0259],[-5.4189,50.0389],[-5.4418,50.0416],[-5.4757,50.0129],[-5.5132,49.9955],[-5.6076,49.9747],[-5.7078,49.9758],[-5.7897,50.0054],[-5.8141,50.0366],[-5.8252,50.0967],[-5.8191,50.146],[-5.7814,50.1976],[-5.7403,50.2242],[-5.5718,50.2799],[-5.5135,50.2914],[-5.4694,50.2892],[-5.4328,50.3061],[-5.3827,50.3122],[-5.2638,50.3901],[-5.2643,50.4125],[-5.2482,50.4384],[-5.2066,50.4635],[-5.1457,50.4775],[-5.1283,50.5534],[-5.0858,50.5943],[-5.0241,50.617],[-4.9754,50.652],[-4.9376,50.6603],[-4.8664,50.6593],[-4.8475,50.7085],[-4.8201,50.7274],[-4.7489,50.7559],[-4.7231,50.7885],[-4.6645,50.8251],[-4.667,50.9098],[-4.6288,51.0466],[-4.6036,51.0679],[-4.5679,51.0819],[-4.5265,51.0869],[-4.4372,51.0869],[-4.3638,51.0721],[-4.3355,51.0921],[-4.37,51.1489],[-4.3616,51.1786],[-4.3089,51.2436],[-4.2711,51.2592],[-4.1632,51.2832],[-3.8557,51.3053],[-3.7786,51.3194],[-3.6268,51.2986],[-3.5334,51.2981],[-3.4081,51.2798],[-3.3507,51.2592],[-3.2907,51.2608],[-3.1786,51.2779],[-3.1224,51.2774],[-3.1334,51.3333],[-3.3001,51.3126],[-3.5494,51.3269],[-3.5965,51.3362],[-3.6503,51.3627],[-3.696,51.3997],[-3.7696,51.4143],[-3.8189,51.44],[-3.861,51.4871],[-3.874,51.5307],[-3.8904,51.5139],[-3.9287,51.497],[-4.0218,51.4822],[-4.0934,51.4866],[-4.1496,51.4714],[-4.2058,51.4669],[-4.3505,51.4944],[-4.3889,51.5187],[-4.4085,51.5486],[-4.4015,51.6282],[-4.4566,51.6639],[-4.574,51.6686],[-4.6289,51.6004],[-4.6644,51.5847],[-4.8086,51.5738],[-4.8939,51.5309],[-4.9363,51.5247],[-4.9794,51.5287],[-5.0574,51.5477],[-5.1133,51.5686],[-5.1515,51.6009],[-5.1876,51.6174],[-5.2336,51.6247],[-5.2711,51.6428],[-5.2933,51.6683],[-5.324,51.6787],[-5.3528,51.7013],[-5.365,51.7291],[-5.3587,51.7577],[-5.3126,51.7923],[-5.3565,51.7979],[-5.3947,51.8143],[-5.4196,51.8386],[-5.4269,51.8671],[-5.4057,51.9385],[-5.3818,51.961],[-5.3383,51.982],[-5.2931,51.9888],[-5.2461,52.01],[-5.1979,52.0187],[-5.1818,52.0575],[-5.1409,52.0835],[-5.0778,52.0988],[-4.9713,52.0916],[-4.9194,52.099],[-4.8535,52.1228],[-4.807,52.1615],[-4.7685,52.1788],[-4.6891,52.203],[-4.6333,52.2103],[-4.5623,52.2087],[-4.507,52.2273],[-4.4505,52.2633],[-4.369,52.2831],[-4.2849,52.3278],[-4.2112,52.4048],[-4.1801,52.4956],[-4.1806,52.522],[-4.233,52.5742],[-4.2432,52.6096],[-4.232,52.6553],[-4.1861,52.71],[-4.2321,52.7474],[-4.2577,52.7817],[-4.2619,52.8356],[-4.3667,52.8204],[-4.3761,52.7815],[-4.4032,52.7536],[-4.4686,52.7237],[-4.5321,52.7182],[-4.5976,52.7334],[-4.6694,52.7287],[-4.7353,52.7119],[-4.7752,52.7135],[-4.8273,52.7292],[-4.8607,52.749],[-4.879,52.7751],[-4.8686,52.8309],[-4.8252,52.8772],[-4.6864,52.9752],[-4.639,52.9963],[-4.588,53.0053],[-4.4702,53.0702],[-4.5991,53.1441],[-4.6144,53.1728],[-4.662,53.1886],[-4.7801,53.2487],[-4.814,53.3027],[-4.8036,53.3389],[-4.7474,53.3775],[-4.6902,53.3932],[-4.6771,53.4267],[-4.6253,53.4582],[-4.4293,53.4985],[-4.2648,53.4819],[-4.195,53.4538],[-4.1281,53.3878],[-4.0292,53.3787],[-3.9873,53.3669],[-3.9564,53.3923],[-3.9135,53.4063],[-3.8647,53.409],[-3.7312,53.3874],[-3.6655,53.3597],[-3.6176,53.3605],[-3.4254,53.4153],[-3.3764,53.4227],[-3.2971,53.4188],[-3.2765,53.4418],[-3.2338,53.4656],[-3.1791,53.4791],[-3.2141,53.5281],[-3.2196,53.5794],[-3.1913,53.6247],[-3.1126,53.7007],[-3.1488,53.7286],[-3.1695,53.7604],[-3.1774,53.9151],[-3.1478,53.9577],[-3.1048,53.9847],[-3.0319,54.0057],[-3.0383,54.03],[-3.0671,54.0086],[-3.1112,53.9948],[-3.161,53.9925],[-3.2081,54.0021],[-3.2582,54.0331],[-3.3253,54.0593],[-3.3581,54.0914],[-3.361,54.1284],[-3.4155,54.1541],[-3.5136,54.2417],[-3.5333,54.2795],[-3.5336,54.3062],[-3.5748,54.3496],[-3.7062,54.4445],[-3.7515,54.4905],[-3.7571,54.5201],[-3.71,54.5837],[-3.6777,54.6712],[-3.6225,54.7511],[-3.5618,54.7873],[-3.5612,54.8102],[-3.6544,54.8089],[-3.7162,54.7899],[-3.7546,54.7645],[-3.8889,54.7148],[-3.9476,54.7007],[-4.0204,54.6965],[-4.1481,54.7026],[-4.2294,54.7274],[-4.2253,54.6918],[-4.2424,54.6633],[-4.2759,54.6368],[-4.3298,54.6147],[-4.4008,54.609],[-4.5732,54.6441],[-4.6742,54.7186],[-4.7968,54.757],[-4.7549,54.7206],[-4.7432,54.6916],[-4.7354,54.6369],[-4.7416,54.6102],[-4.7643,54.5868],[-4.8001,54.5698],[-4.8442,54.5616],[-4.8904,54.5634],[-5.0112,54.5924],[-5.0504,54.6148],[-5.0745,54.6438],[-5.0831,54.6921],[-5.1143,54.7301],[-5.2241,54.8031],[-5.2661,54.8443],[-5.295,54.894],[-5.3054,54.9578],[-5.2931,55.0238],[-5.258,55.0602],[-5.1546,55.0981],[-5.1293,55.1591],[-5.0978,55.1913],[-5.0351,55.221],[-4.9851,55.2601],[-4.9447,55.3639],[-4.8862,55.4064],[-4.8636,55.4444],[-4.8345,55.4668],[-4.7754,55.4938],[-4.8125,55.5335],[-4.8093,55.5617],[-4.8891,55.5777],[-5.0066,55.6524],[-5.0016,55.6154],[-4.978,55.5953],[-4.9451,55.5009],[-4.9578,55.4334],[-4.9959,55.3995],[-5.0418,55.3802],[-5.0945,55.3691],[-5.23,55.3665],[-5.3305,55.3865],[-5.4194,55.4238],[-5.3888,55.3751],[-5.3972,55.348],[-5.4667,55.2823],[-5.5584,55.2428],[-5.7277,55.2252],[-5.7998,55.2303],[-5.8572,55.2482],[-5.8959,55.2818],[-5.9206,55.3527],[-5.9215,55.39],[-5.9016,55.4338],[-5.8429,55.4699],[-5.8465,55.5778],[-5.7998,55.6536],[-5.808,55.674],[-5.7966,55.7043],[-5.7408,55.7401],[-5.7821,55.7759],[-5.7973,55.8365],[-5.8253,55.8242],[-5.8568,55.7642],[-5.9068,55.7388],[-5.8963,55.6818],[-5.9049,55.656],[-5.9291,55.6337],[-6.0435,55.5775],[-6.1268,55.5581],[-6.2177,55.5165],[-6.2864,55.5066],[-6.3536,55.5155],[-6.4008,55.5324],[-6.4306,55.5591],[-6.4485,55.603],[-6.5161,55.6014],[-6.5589,55.6111],[-6.5927,55.6288],[-6.6249,55.66],[-6.6312,55.7229],[-6.6051,55.7726],[-6.6086,55.7999],[-6.5654,55.8748],[-6.4843,55.9217],[-6.3703,55.9584],[-6.3067,55.9593],[-6.2943,55.9657],[-6.3691,55.9921],[-6.3927,56.0169],[-6.3976,56.0448],[-6.3351,56.125],[-6.25,56.1804],[-6.1331,56.1965],[-6.0787,56.1884],[-6.0356,56.1682],[-6.0122,56.1397],[-6.0068,56.1107],[-5.9423,56.1334],[-5.8737,56.1719],[-5.8593,56.2022],[-5.7942,56.247],[-5.8711,56.2429],[-5.9263,56.2563],[-6.0384,56.219],[-6.1748,56.2121],[-6.2403,56.1932],[-6.3205,56.1961],[-6.3941,56.2158],[-6.441,56.2399],[-6.4743,56.27],[-6.4933,56.3095],[-6.4879,56.3463],[-6.4596,56.3801],[-6.4303,56.3955],[-6.3265,56.4178],[-6.3843,56.4568],[-6.3912,56.4822],[-6.4602,56.5273],[-6.4665,56.5519],[-6.5341,56.5195],[-6.6166,56.4961],[-6.6733,56.4573],[-6.7104,56.4499],[-6.7557,56.4289],[-6.7801,56.3995],[-6.8226,56.3803],[-6.8965,56.372],[-7.0196,56.3947],[-7.0585,56.41],[-7.0936,56.4438],[-7.1198,56.5049],[-7.1114,56.5291],[-7.0887,56.5504],[-7.0324,56.5729],[-6.9361,56.5862],[-6.8185,56.6147],[-6.7764,56.6446],[-6.7471,56.6513]]],[[[-8.1548,54.5435],[-8.1156,54.5775],[-8.0599,54.607],[-7.9934,54.614],[-8.0274,54.6415],[-8.0533,54.6911],[-8.0476,54.7191],[-8.0237,54.7436],[-7.8908,54.798],[-7.8257,54.8024],[-7.7587,54.7877],[-7.713,54.8067],[-7.66,54.8159],[-7.5718,54.8892],[-7.5681,54.9449],[-7.536,54.9821],[-7.5106,55.0423],[-7.4324,55.0974],[-7.3559,55.1136],[-7.3104,55.1325],[-7.2456,55.1412],[-7.1299,55.1224],[-7.0973,55.161],[-7.0845,55.212],[-7.0619,55.2386],[-7.0224,55.2578],[-6.9568,55.267],[-6.9147,55.2648],[-6.8556,55.2469],[-6.7854,55.2489],[-6.6937,55.2734],[-6.6284,55.2809],[-6.5781,55.3044],[-6.5134,55.3184],[-6.4027,55.3163],[-6.3455,55.3616],[-6.254,55.3825],[-6.1294,55.3714],[-6.0853,55.3547],[-6.0613,55.3356],[-6.0501,55.2781],[-5.9904,55.2501],[-5.9268,55.2023],[-5.9117,55.1652],[-5.9149,55.1167],[-5.8548,55.0742],[-5.8451,55.0234],[-5.8033,54.9983],[-5.7296,54.9279],[-5.6689,54.9106],[-5.5979,54.8642],[-5.5684,54.8086],[-5.5725,54.7501],[-5.5381,54.7487],[-5.4892,54.7322],[-5.419,54.6802],[-5.4004,54.6291],[-5.3673,54.6005],[-5.3507,54.5425],[-5.3221,54.5193],[-5.3075,54.4887],[-5.3543,54.3441],[-5.3754,54.3163],[-5.4342,54.2806],[-5.4911,54.2258],[-5.5686,54.1766],[-5.6031,54.1648],[-5.6869,54.1602],[-5.7437,54.1764],[-5.7692,54.0948],[-5.8165,54.0464],[-5.9741,53.9756],[-6.0697,53.9629],[-6.1184,53.9658],[-6.1675,53.9784],[-6.2653,54.0264],[-6.2939,54.0109],[-6.3852,53.9878],[-6.4309,53.9835],[-6.4822,53.9902],[-6.5925,53.9668],[-6.6348,53.9662],[-6.689,53.9787],[-6.7814,54.0359],[-6.7946,54.0647],[-6.7863,54.1188],[-6.8807,54.1562],[-6.9439,54.2158],[-6.9967,54.2514],[-7.005,54.2768],[-6.9975,54.302],[-7.0153,54.3186],[-7.0494,54.2946],[-7.0241,54.261],[-7.0327,54.2112],[-7.0513,54.1844],[-7.1276,54.1507],[-7.1608,54.1008],[-7.2244,54.0622],[-7.3135,54.0422],[-7.4501,54.059],[-7.5304,54.0552],[-7.637,54.07],[-7.693,54.087],[-7.7476,54.1294],[-7.8533,54.1331],[-7.921,54.1503],[-7.966,54.1792],[-7.9931,54.2334],[-8.0426,54.2531],[-8.0916,54.2954],[-8.1688,54.3305],[-8.258,54.3987],[-8.2969,54.457],[-8.2913,54.4837],[-8.2693,54.5073],[-8.2338,54.5245],[-8.1548,54.5435]]],[[[-7.5217,57.1175],[-7.5515,57.1893],[-7.5873,57.2303],[-7.5817,57.2585],[-7.5309,57.3256],[-7.5604,57.395],[-7.5355,57.4282],[-7.5395,57.4557],[-7.5179,57.5013],[-7.6238,57.5351],[-7.664,57.5605],[-7.6786,57.5998],[-7.6637,57.6328],[-7.561,57.7177],[-7.5139,57.7309],[-7.4214,57.7316],[-7.3634,57.7549],[-7.3193,57.7596],[-7.2439,57.7976],[-7.2591,57.828],[-7.2492,57.8648],[-7.2126,57.8911],[-7.1924,57.9323],[-7.2272,57.9521],[-7.2451,57.9758],[-7.2464,58.0013],[-7.2065,58.041],[-7.245,58.0844],[-7.2611,58.133],[-7.2393,58.2084],[-7.1873,58.2407],[-7.1553,58.2781],[-7.0956,58.3079],[-7.0457,58.3161],[-6.9742,58.3085],[-6.9301,58.3239],[-6.7912,58.3995],[-6.6444,58.4256],[-6.444,58.5141],[-6.3633,58.5634],[-6.3139,58.5796],[-6.2561,58.5836],[-6.1822,58.5753],[-6.1011,58.532],[-6.0348,58.441],[-6.035,58.4005],[-6.0483,58.387],[-6.031,58.3464],[-6.0553,58.3077],[-6.0182,58.2749],[-6.0167,58.2458],[-6.0269,58.2022],[-6.0525,58.1728],[-6.1511,58.1261],[-6.211,58.1134],[-6.2499,58.1134],[-6.2176,58.0447],[-6.2238,58.0164],[-6.2882,57.9658],[-6.3291,57.9493],[-6.3777,57.903],[-6.4759,57.8574],[-6.5471,57.8442],[-6.6101,57.8151],[-6.6353,57.7877],[-6.6969,57.7579],[-6.759,57.7432],[-6.8175,57.7075],[-6.9203,57.6674],[-6.9438,57.6648],[-6.9312,57.633],[-6.9417,57.6061],[-7.0059,57.5395],[-7.0188,57.499],[-7.0707,57.4567],[-7.0731,57.4109],[-7.1023,57.3754],[-7.065,57.3188],[-7.0699,57.278],[-7.1318,57.2118],[-7.1262,57.1716],[-7.0926,57.1458],[-7.0839,57.1199],[-7.0934,57.0871],[-7.1203,57.0643],[-7.1792,57.0365],[-7.2669,57.0303],[-7.242,56.9817],[-7.2531,56.954],[-7.2829,56.9308],[-7.3903,56.8819],[-7.4411,56.8722],[-7.5014,56.8714],[-7.6171,56.8893],[-7.6556,56.9058],[-7.6804,56.9288],[-7.6876,56.9648],[-7.6377,57.0468],[-7.5736,57.079],[-7.564,57.094],[-7.5217,57.1175]]],[[[-8.734,57.8723],[-8.6945,57.8934],[-8.6421,57.9041],[-8.5861,57.9025],[-8.4893,57.8823],[-8.4448,57.8621],[-8.4206,57.8337],[-8.4213,57.8025],[-8.4466,57.7744],[-8.4964,57.7471],[-8.5594,57.7349],[-8.6181,57.7345],[-8.6915,57.7554],[-8.7405,57.7941],[-8.754,57.8444],[-8.734,57.8723]]],[[[-1.7128,59.451],[-1.759,59.4715],[-1.7897,59.5149],[-1.7813,59.5618],[-1.7477,59.5942],[-1.6766,59.6227],[-1.5988,59.632],[-1.5286,59.6262],[-1.4855,59.6119],[-1.4554,59.5907],[-1.4415,59.5606],[-1.4634,59.5085],[-1.5205,59.4717],[-1.5792,59.4503],[-1.6539,59.4424],[-1.7128,59.451]]],[[[-2.0725,60.0463],[-2.121,60.0523],[-2.1858,60.0712],[-2.2294,60.0959],[-2.2532,60.1238],[-2.2529,60.1547],[-2.2265,60.1877],[-2.1702,60.2143],[-2.0871,60.2282],[-2.0217,60.2258],[-1.967,60.213],[-1.9336,60.1954],[-1.9052,60.1487],[-1.9101,60.1092],[-1.9779,60.0602],[-2.0725,60.0463]]],[[[-1.5489,60.3844],[-1.5809,60.4053],[-1.6749,60.4146],[-1.7211,60.4338],[-1.7502,60.466],[-1.7512,60.4987],[-1.7311,60.5322],[-1.6441,60.5994],[-1.6022,60.6183],[-1.5576,60.6263],[-1.5254,60.6572],[-1.4838,60.6725],[-1.4159,60.6853],[-1.3431,60.7118],[-1.2643,60.7111],[-1.2172,60.7726],[-1.1442,60.8024],[-1.0828,60.8071],[-1.0759,60.8256],[-1.0151,60.8748],[-0.9839,60.8965],[-0.9387,60.9111],[-0.7953,60.9185],[-0.6846,60.8916],[-0.6398,60.8648],[-0.6152,60.8221],[-0.6208,60.7789],[-0.6553,60.7502],[-0.6827,60.7054],[-0.682,60.668],[-0.6523,60.6569],[-0.6155,60.6219],[-0.614,60.5806],[-0.6604,60.5359],[-0.7273,60.5105],[-0.8363,60.4962],[-0.8789,60.4972],[-0.8973,60.4704],[-0.8919,60.4571],[-0.8301,60.4458],[-0.7901,60.4251],[-0.7697,60.3983],[-0.7688,60.3695],[-0.7922,60.341],[-0.8673,60.293],[-0.9476,60.2695],[-0.9716,60.2342],[-0.9173,60.1969],[-0.9067,60.17],[-0.9156,60.127],[-0.9581,60.0653],[-1.0265,60.0401],[-1.0527,60.0061],[-1.0594,59.9714],[-1.1219,59.9106],[-1.1274,59.8402],[-1.1759,59.8025],[-1.2226,59.7874],[-1.2771,59.7824],[-1.3313,59.7883],[-1.4002,59.8095],[-1.4665,59.8464],[-1.518,59.9014],[-1.4831,60.0023],[-1.5096,60.0331],[-1.5104,60.0632],[-1.4911,60.0891],[-1.578,60.1117],[-1.6401,60.1465],[-1.7076,60.1585],[-1.777,60.1911],[-1.82,60.2495],[-1.8275,60.3073],[-1.7682,60.3533],[-1.6609,60.3831],[-1.5489,60.3844]]]]}},{"type":"Feature","properties":{"id":"ie","name_fr":"Irlande","name_en":"Ireland","kind":"country","country":"ie","bbox":[-10.5933,51.3738,-5.8752,55.457],"margin_m":8000,"source":"Natural Earth 1:10m admin 0 countries v5.1.2, public domain"},"geometry":{"type":"Polygon","coordinates":[[[-10.5933,52.1644],[-10.5411,52.2338],[-10.4659,52.2641],[-10.4234,52.2911],[-10.3898,52.2983],[-10.3403,52.3282],[-10.2048,52.3558],[-10.1473,52.3561],[-10.1043,52.3762],[-10.0548,52.3816],[-10.0675,52.4132],[-10.0586,52.4396],[-10.0195,52.4716],[-9.9742,52.4892],[-10.0136,52.5024],[-10.0436,52.5268],[-10.0543,52.5566],[-10.0461,52.5894],[-10.0223,52.6122],[-9.9864,52.628],[-9.8841,52.6598],[-9.7443,52.7419],[-9.7216,52.7718],[-9.662,52.8002],[-9.6069,52.8127],[-9.546,52.883],[-9.5861,52.9108],[-9.5966,52.9387],[-9.5882,52.9669],[-9.507,53.0367],[-9.3874,53.171],[-9.4705,53.1564],[-9.5648,53.1639],[-9.5272,53.1236],[-9.5223,53.0931],[-9.5381,53.0589],[-9.568,53.0376],[-9.6091,53.0248],[-9.6694,53.019],[-9.7106,53.0254],[-9.881,53.0792],[-9.9126,53.0994],[-9.9292,53.1253],[-9.9282,53.1531],[-9.9097,53.1786],[-9.8579,53.2098],[-9.8225,53.2154],[-9.8299,53.2328],[-9.9564,53.2587],[-10.0035,53.2854],[-10.0189,53.3088],[-10.0758,53.3196],[-10.1118,53.337],[-10.2195,53.3455],[-10.2581,53.3599],[-10.2851,53.3818],[-10.2966,53.4082],[-10.2908,53.4352],[-10.2566,53.4787],[-10.3147,53.5161],[-10.3239,53.5453],[-10.3125,53.5741],[-10.2596,53.6097],[-10.1471,53.6387],[-10.1171,53.6578],[-10.0405,53.6738],[-10.0287,53.7715],[-9.9975,53.8087],[-10.0724,53.8424],[-10.1249,53.8547],[-10.1692,53.8904],[-10.3143,53.909],[-10.3529,53.9247],[-10.3787,53.9478],[-10.3879,53.9749],[-10.3791,54.0087],[-10.3538,54.0317],[-10.2936,54.0505],[-10.2774,54.066],[-10.2387,54.0812],[-10.2487,54.1025],[-10.2456,54.1455],[-10.2147,54.1937],[-10.2331,54.2155],[-10.2373,54.2416],[-10.2252,54.2668],[-10.1563,54.3223],[-10.071,54.3651],[-10.0065,54.3756],[-9.9461,54.3679],[-9.9183,54.3861],[-9.8179,54.4074],[-9.755,54.4077],[-9.6793,54.3885],[-9.4542,54.3855],[-9.4153,54.3724],[-9.365,54.3879],[-9.3012,54.3879],[-9.2151,54.3687],[-9.1376,54.3377],[-9.1213,54.3486],[-9.0323,54.3632],[-8.9016,54.3584],[-8.8314,54.3356],[-8.7908,54.3465],[-8.7848,54.3749],[-8.7557,54.4071],[-8.5915,54.4724],[-8.5729,54.5116],[-8.5552,54.5229],[-8.5712,54.5382],[-8.7407,54.5595],[-8.7927,54.587],[-8.8389,54.5931],[-8.881,54.6098],[-8.9081,54.6348],[-8.9172,54.7125],[-8.8737,54.7543],[-8.7354,54.8207],[-8.679,54.8356],[-8.6535,54.8711],[-8.5816,54.9018],[-8.6406,54.918],[-8.6774,54.9433],[-8.6907,54.9755],[-8.6882,55.0101],[-8.637,55.0631],[-8.5731,55.0853],[-8.5189,55.0877],[-8.4883,55.0812],[-8.4663,55.0922],[-8.4423,55.1111],[-8.3986,55.1845],[-8.3626,55.2139],[-8.286,55.2323],[-8.2035,55.2246],[-8.1387,55.2314],[-8.0756,55.2769],[-8.0213,55.2904],[-7.9469,55.2917],[-7.924,55.2854],[-7.8614,55.3184],[-7.8188,55.327],[-7.7595,55.3264],[-7.7175,55.3412],[-7.6599,55.3484],[-7.6097,55.3423],[-7.5231,55.3677],[-7.5247,55.392],[-7.5066,55.419],[-7.4554,55.4458],[-7.4075,55.457],[-7.3376,55.454],[-7.1865,55.4201],[-7.1136,55.3933],[-7.052,55.3446],[-6.9121,55.3222],[-6.8712,55.3087],[-6.828,55.2723],[-6.8144,55.2326],[-6.8364,55.1804],[-6.8781,55.157],[-6.9743,55.1334],[-7.0869,55.0889],[-7.1556,55.0203],[-7.2317,54.9834],[-7.2828,54.9746],[-7.2843,54.9449],[-7.3204,54.899],[-7.3351,54.8437],[-7.3601,54.8124],[-7.4251,54.7635],[-7.4189,54.7406],[-7.4286,54.7139],[-7.4546,54.6912],[-7.5065,54.6725],[-7.6151,54.6677],[-7.6012,54.6581],[-7.5844,54.6096],[-7.5923,54.5785],[-7.6224,54.5522],[-7.684,54.533],[-7.8036,54.474],[-7.8922,54.4603],[-7.9484,54.4626],[-7.9926,54.4326],[-7.9139,54.408],[-7.8741,54.364],[-7.8203,54.3507],[-7.7773,54.3263],[-7.7509,54.2733],[-7.6821,54.271],[-7.631,54.2578],[-7.5197,54.2014],[-7.4752,54.2157],[-7.3913,54.215],[-7.3629,54.2253],[-7.3145,54.2598],[-7.3308,54.2839],[-7.3311,54.3206],[-7.2925,54.3766],[-7.2524,54.3975],[-7.2111,54.4067],[-7.1358,54.4627],[-7.0604,54.4831],[-6.9616,54.4771],[-6.8428,54.4277],[-6.7885,54.3898],[-6.7428,54.3318],[-6.7143,54.2696],[-6.6333,54.2602],[-6.5465,54.2143],[-6.52,54.1814],[-6.5168,54.1356],[-6.4674,54.1399],[-6.428,54.1682],[-6.384,54.1805],[-6.2505,54.1742],[-6.0547,54.0883],[-6.0064,54.0541],[-5.9879,54.0287],[-5.9872,54.001],[-6.0176,53.9551],[-6.099,53.9115],[-6.1435,53.9044],[-6.1216,53.8651],[-6.1273,53.8385],[-6.1018,53.8023],[-6.1076,53.7737],[-6.1267,53.7538],[-6.1209,53.6947],[-6.073,53.6543],[-6.0215,53.6354],[-5.9851,53.6102],[-5.9571,53.5613],[-5.9589,53.52],[-6.0054,53.4531],[-5.9478,53.4225],[-5.9311,53.3921],[-5.9493,53.3424],[-5.9866,53.313],[-5.977,53.2855],[-5.9863,53.2422],[-5.9631,53.2174],[-5.9557,53.184],[-5.9114,53.1174],[-5.9238,53.0239],[-5.8809,52.982],[-5.8752,52.9496],[-5.8869,52.9256],[-5.9476,52.8649],[-5.9532,52.8394],[-6.019,52.7903],[-6.0387,52.7183],[-6.1019,52.642],[-6.0885,52.5857],[-6.102,52.5158],[-6.1823,52.4299],[-6.2485,52.3796],[-6.2595,52.3065],[-6.2101,52.2682],[-6.2012,52.241],[-6.2099,52.2138],[-6.2646,52.1445],[-6.3333,52.1115],[-6.3994,52.1076],[-6.4963,52.125],[-6.5562,52.1078],[-6.5947,52.1069],[-6.6505,52.1156],[-6.6928,52.1372],[-6.7257,52.143],[-6.8929,52.0569],[-6.9438,52.0531],[-7.0021,52.0667],[-7.1262,52.0601],[-7.1494,52.066],[-7.1874,52.0609],[-7.2515,52.0656],[-7.4,52.0557],[-7.4329,52.0448],[-7.4393,52.0223],[-7.5044,51.9424],[-7.575,51.9153],[-7.6248,51.9061],[-7.6591,51.8846],[-7.6974,51.8745],[-7.7675,51.8757],[-7.7949,51.842],[-7.8453,51.8159],[-7.8987,51.8043],[-7.9086,51.7891],[-7.9619,51.7619],[-8.1229,51.7332],[-8.1973,51.7294],[-8.2901,51.6616],[-8.4171,51.6196],[-8.4215,51.5894],[-8.4437,51.5643],[-8.4797,51.5466],[-8.5239,51.539],[-8.5908,51.5507],[-8.6266,51.5193],[-8.6668,51.5071],[-8.771,51.5059],[-8.7965,51.514],[-8.8822,51.4709],[-8.9303,51.4635],[-8.979,51.4694],[-9.0123,51.484],[-9.046,51.4795],[-9.1238,51.451],[-9.1683,51.4243],[-9.2102,51.4159],[-9.2763,51.4172],[-9.3469,51.4021],[-9.4203,51.4059],[-9.4564,51.4191],[-9.4882,51.4502],[-9.5658,51.4278],[-9.6254,51.4221],[-9.722,51.3883],[-9.8037,51.3738],[-9.8738,51.3821],[-9.9079,51.3992],[-9.9294,51.4231],[-9.949,51.4853],[-9.9417,51.5094],[-9.9615,51.5389],[-9.9992,51.527],[-10.0789,51.5303],[-10.1498,51.511],[-10.1919,51.5145],[-10.2291,51.5272],[-10.2565,51.5474],[-10.2769,51.5792],[-10.2758,51.6049],[-10.2565,51.6375],[-10.2061,51.6859],[-10.2346,51.7056],[-10.2903,51.7247],[-10.3629,51.7177],[-10.4028,51.7275],[-10.4343,51.7456],[-10.4586,51.7887],[-10.5211,51.841],[-10.5418,51.8726],[-10.543,51.9038],[-10.5227,51.9324],[-10.4777,51.9634],[-10.409,51.9921],[-10.3444,52.0407],[-10.4167,52.0266],[-10.4778,52.0301],[-10.5445,52.0529],[-10.5711,52.0796],[-10.5909,52.1331],[-10.5933,52.1644]]]}},{"type":"Feature","properties":{"id":"dk","name_fr":"Danemark","name_en":"Denmark","kind":"country","country":"dk","bbox":[7.9674,54.4971,15.2763,57.8226],"margin_m":8000,"source":"Natural Earth 1:10m admin 0 countries v5.1.2, public domain"},"geometry":{"type":"MultiPolygon","coordinates":[[[[15.0932,55.2393],[15.2238,55.1942],[15.2701,55.1565],[15.2763,55.1271],[15.2705,55.0812],[15.2361,55.0326],[15.233,54.9977],[15.1582,54.9393],[15.0818,54.92],[14.9368,54.9342],[14.7018,54.9955],[14.5982,55.047],[14.5602,55.0908],[14.5858,55.2496],[14.6384,55.3297],[14.6803,55.3645],[14.7283,55.3787],[14.7824,55.3801],[14.8325,55.3684],[14.9339,55.3029],[14.969,55.2887],[15.0552,55.2707],[15.0932,55.2393]]],[[[8.0048,56.2075],[7.9998,56.5844],[8.0581,56.6996],[8.1063,56.7518],[8.1184,56.8235],[8.1486,56.8699],[8.3373,57.0414],[8.399,57.079],[8.4744,57.1446],[8.57,57.1898],[8.6563,57.1943],[8.773,57.1772],[8.8322,57.1852],[8.9251,57.2263],[8.9994,57.2321],[9.2324,57.2136],[9.3509,57.2297],[9.4098,57.2514],[9.4638,57.2843],[9.6775,57.4991],[9.8928,57.6512],[9.9889,57.667],[10.1583,57.6705],[10.2618,57.7031],[10.3915,57.7743],[10.4903,57.8108],[10.5818,57.8226],[10.656,57.8174],[10.7343,57.7925],[10.769,57.7692],[10.7831,57.7403],[10.774,57.7109],[10.7434,57.686],[10.6468,57.6531],[10.5843,57.6011],[10.57,57.5727],[10.6322,57.5116],[10.6797,57.437],[10.6505,57.379],[10.6708,57.2446],[10.6516,57.1989],[10.5595,57.1464],[10.5346,57.1179],[10.4809,56.9986],[10.4044,56.9298],[10.4186,56.8087],[10.4665,56.7378],[10.4829,56.6876],[10.4877,56.6545],[10.4756,56.6167],[10.4835,56.5994],[10.5489,56.5881],[10.7689,56.6073],[10.8857,56.597],[10.9531,56.5713],[11.0566,56.4988],[11.0842,56.4756],[11.0938,56.4421],[11.0837,56.4145],[11.056,56.3917],[11.0363,56.315],[10.9253,56.2197],[10.8806,56.1971],[10.8773,56.167],[10.8431,56.1126],[10.8087,56.0943],[10.7647,56.0842],[10.6859,56.0807],[10.6402,56.05],[10.67,56.0296],[10.6879,55.9825],[10.714,55.9742],[10.7461,55.949],[10.7932,55.8976],[10.7961,55.8709],[10.7513,55.8179],[10.746,55.7727],[10.7016,55.7243],[10.6331,55.6939],[10.5913,55.6881],[10.5133,55.6959],[10.4719,55.7072],[10.4403,55.7261],[10.3939,55.779],[10.3851,55.8157],[10.3911,55.8567],[10.428,55.8976],[10.3918,55.9324],[10.3931,55.9866],[10.3785,55.9683],[10.3691,55.8965],[10.3246,55.8536],[10.3245,55.8365],[10.297,55.8018],[10.2655,55.7793],[10.1858,55.7604],[10.1794,55.7248],[10.1409,55.6955],[10.1316,55.676],[10.0675,55.6389],[10.1707,55.6685],[10.3186,55.6898],[10.3923,55.6752],[10.4898,55.6367],[10.5168,55.6627],[10.5553,55.6782],[10.6014,55.6847],[10.6765,55.6799],[10.7227,55.6612],[10.8129,55.5872],[10.8607,55.5274],[10.8696,55.4849],[10.8441,55.4462],[10.9131,55.3861],[10.9518,55.3211],[10.9588,55.2794],[10.9358,55.2494],[10.9396,55.2312],[11.0094,55.2189],[11.0539,55.1992],[11.0788,55.1703],[11.0792,55.1381],[11.031,55.0146],[11.2065,55.0316],[11.2855,55.0261],[11.419,54.9742],[11.4632,54.9352],[11.524,54.9169],[11.5455,54.9533],[11.6272,54.9998],[11.5609,55.02],[11.5157,55.0491],[11.4942,55.0752],[11.4923,55.104],[11.5097,55.1301],[11.4234,55.1431],[11.3625,55.1269],[11.2813,55.1236],[11.1821,55.1447],[11.1391,55.1765],[11.121,55.2047],[11.1153,55.2461],[11.0098,55.287],[10.9835,55.3117],[10.9616,55.3585],[10.9723,55.3951],[11.003,55.4192],[11.0739,55.4358],[10.999,55.4553],[10.9678,55.4809],[10.9565,55.5321],[10.9888,55.5767],[10.8483,55.6051],[10.8148,55.6297],[10.8062,55.6769],[10.7558,55.712],[10.7481,55.7427],[10.7597,55.7727],[10.7924,55.7972],[10.8403,55.8118],[10.8948,55.8138],[11.0315,55.8019],[11.1423,55.8204],[11.197,55.8187],[11.2326,55.808],[11.2208,55.8351],[11.2273,55.8611],[11.277,55.8969],[11.1976,55.9249],[11.1591,55.9586],[11.145,56.0035],[11.1589,56.0298],[11.1895,56.0513],[11.2322,56.0648],[11.2809,56.0683],[11.4221,56.036],[11.6326,56.0172],[11.7229,56.0387],[11.8049,56.0383],[11.9364,56.0889],[12.0819,56.1584],[12.1821,56.1914],[12.2501,56.2005],[12.3336,56.1987],[12.4494,56.1709],[12.5476,56.1621],[12.653,56.1231],[12.7387,56.0737],[12.7503,56.0431],[12.7375,56.0126],[12.6556,55.9295],[12.7285,55.8076],[12.7186,55.7357],[12.7919,55.632],[12.7954,55.5794],[12.7352,55.5312],[12.613,55.485],[12.5381,55.4794],[12.4879,55.49],[12.4141,55.5396],[12.3536,55.5047],[12.335,55.4772],[12.4213,55.4654],[12.5318,55.4096],[12.5626,55.3742],[12.5886,55.2765],[12.5485,55.2348],[12.4654,55.1968],[12.2757,55.1659],[12.2945,55.1347],[12.3614,55.1189],[12.3835,55.1035],[12.5303,55.0901],[12.6224,55.0552],[12.6583,55.0211],[12.6744,54.9867],[12.6662,54.9285],[12.6084,54.8901],[12.5579,54.8792],[12.476,54.878],[12.3821,54.8898],[12.3716,54.885],[12.2922,54.8318],[12.2826,54.8075],[12.2489,54.7827],[12.1698,54.7453],[12.1215,54.6918],[12.0843,54.6685],[12.0951,54.6027],[12.083,54.5419],[12.059,54.5205],[12.0237,54.5053],[11.9616,54.4971],[11.8825,54.508],[11.8311,54.5395],[11.798,54.5781],[11.7394,54.5764],[11.6113,54.5927],[11.5097,54.5573],[11.4535,54.5553],[11.3885,54.5666],[11.1395,54.6648],[10.9478,54.7071],[10.8934,54.7457],[10.8816,54.773],[10.8441,54.7101],[10.7899,54.6767],[10.7219,54.664],[10.6396,54.6707],[10.5815,54.7025],[10.5413,54.7736],[10.5288,54.7796],[10.4562,54.7589],[10.4051,54.7528],[10.3542,54.7594],[10.2916,54.7823],[10.1782,54.8539],[10.1432,54.8253],[9.9779,54.7879],[9.9246,54.7922],[9.8591,54.8098],[9.844,54.7918],[9.8038,54.7724],[9.7477,54.7603],[9.7042,54.7614],[9.6355,54.7868],[9.5636,54.8022],[9.5468,54.7761],[9.5149,54.7541],[9.4768,54.7421],[9.3165,54.7298],[9.1974,54.7352],[9.1367,54.7561],[9.1048,54.7889],[8.9542,54.8094],[8.8695,54.8285],[8.8269,54.8327],[8.7273,54.8173],[8.6237,54.8277],[8.582,54.8406],[8.5516,54.8616],[8.537,54.8876],[8.5467,54.951],[8.5235,54.9956],[8.4714,54.9955],[8.4145,55.0078],[8.3684,55.0368],[8.3377,55.0851],[8.3451,55.1834],[8.3786,55.2316],[8.4168,55.256],[8.5235,55.2714],[8.5232,55.2787],[8.4499,55.2679],[8.4012,55.2739],[8.3604,55.2902],[8.2911,55.3461],[8.2496,55.4085],[8.1229,55.4659],[8.0514,55.4767],[7.9792,55.5202],[7.9674,55.5605],[7.9751,55.5889],[8.0448,55.7035],[8.0557,55.7655],[8.0096,55.9577],[7.9911,55.9856],[7.9749,56.0943],[8.0048,56.2075]]],[[[11.5502,56.606],[11.4787,56.6164],[11.402,56.657],[11.3796,56.7029],[11.3884,56.7371],[11.4252,56.765],[11.4694,56.7814],[11.6518,56.8015],[11.7012,56.7956],[11.7428,56.7799],[11.7705,56.7568],[11.7801,56.7221],[11.7709,56.6958],[11.6978,56.6474],[11.6135,56.6109],[11.5502,56.606]]],[[[10.9495,57.3767],[10.9734,57.3862],[11.1667,57.4045],[11.2292,57.3974],[11.2855,57.3755],[11.3238,57.3352],[11.3291,57.2999],[11.3092,57.2638],[11.2731,57.2387],[11.2126,57.2244],[11.1311,57.1564],[11.0594,57.132],[10.9685,57.1279],[10.9144,57.1422],[10.8621,57.1725],[10.7968,57.1937],[10.7309,57.2394],[10.7224,57.2708],[10.7356,57.3022],[10.7728,57.3273],[10.8951,57.3709],[10.9495,57.3767]]]]}},{"type":"Feature","properties":{"id":"no","name_fr":"Norvège","name_en":"Norway","kind":"country","country":"no","bbox":[4.4977,57.9235,31.2866,71.2359],"margin_m":8000,"source":"Natural Earth 1:10m admin 0 countries v5.1.2, public domain"},"geometry":{"type":"Polygon","coordinates":[[[5.0481,59.1449],[5.0265,59.1926],[5.0252,59.2731],[5.0419,59.3095],[5.0341,59.3506],[5.0557,59.4381],[5.0414,59.507],[5.054,59.5412],[4.9801,59.6148],[4.9704,59.6577],[4.9848,59.7134],[4.9589,59.7257],[4.936,59.7541],[4.9321,59.799],[4.9562,59.8289],[4.9809,59.904],[5.0251,59.9284],[5.1354,59.9523],[5.0992,59.9672],[5.0351,60.0276],[5.0296,60.0602],[5.0619,60.1191],[4.9849,60.1315],[4.8798,60.1808],[4.8373,60.2095],[4.7998,60.2549],[4.7925,60.2763],[4.8059,60.3169],[4.8257,60.3314],[4.8034,60.4467],[4.8486,60.4891],[4.8324,60.5156],[4.7809,60.5154],[4.707,60.5314],[4.6672,60.549],[4.6395,60.5783],[4.6443,60.6734],[4.6718,60.7074],[4.7104,60.7258],[4.7702,60.7372],[4.8267,60.7379],[4.8777,60.7283],[4.82,60.7508],[4.7878,60.7769],[4.7835,60.8114],[4.7199,60.8537],[4.6646,60.8739],[4.6406,60.8968],[4.6301,60.9288],[4.5472,60.9651],[4.4984,61.0317],[4.4977,61.069],[4.5164,61.096],[4.6037,61.1412],[4.6432,61.1478],[4.6515,61.1729],[4.7179,61.2347],[4.7583,61.2557],[4.8119,61.2693],[4.8676,61.3218],[4.85,61.3567],[4.8104,61.3819],[4.7982,61.41],[4.8077,61.4415],[4.8352,61.4636],[4.8773,61.4796],[4.9937,61.5087],[4.9918,61.5587],[4.9263,61.566],[4.7822,61.5993],[4.7027,61.6406],[4.6815,61.6748],[4.6825,61.7049],[4.7105,61.7379],[4.7505,61.7562],[4.7317,61.7782],[4.6792,61.8003],[4.6543,61.8276],[4.6551,61.8574],[4.7575,61.94],[4.8598,61.965],[4.8316,62.009],[4.8434,62.0607],[4.881,62.0864],[4.9474,62.1034],[4.9172,62.164],[4.9307,62.2042],[4.9749,62.2411],[5.1116,62.2809],[5.1636,62.2862],[5.2723,62.2708],[5.3334,62.2405],[5.36,62.249],[5.3989,62.2936],[5.3616,62.3355],[5.3568,62.3735],[5.3733,62.3975],[5.4203,62.423],[5.4804,62.4386],[5.5491,62.4405],[5.6237,62.4279],[5.6996,62.4366],[5.7705,62.4734],[5.8564,62.4959],[6.1127,62.5132],[6.0983,62.5918],[6.1352,62.6318],[6.1907,62.6575],[6.2555,62.6739],[6.4913,62.6861],[6.5371,62.7538],[6.5611,62.7741],[6.6218,62.7964],[6.6206,62.8491],[6.6459,62.8881],[6.7275,62.9223],[6.7488,62.9524],[6.7865,62.9753],[7.0017,63.0461],[7.1604,63.0773],[7.2543,63.0862],[7.2909,63.1126],[7.3438,63.1281],[7.4349,63.1359],[7.471,63.1663],[7.5181,63.1815],[7.6586,63.1873],[7.7731,63.1646],[7.7709,63.1871],[7.7965,63.219],[7.8252,63.2368],[7.8893,63.2563],[7.7916,63.2989],[7.7183,63.3114],[7.6599,63.3391],[7.6331,63.3629],[7.6193,63.4202],[7.6377,63.4458],[7.7421,63.488],[7.8327,63.5006],[7.9217,63.5344],[8.0014,63.5445],[8.1169,63.542],[8.1578,63.5333],[8.2814,63.6002],[8.2339,63.6057],[8.1676,63.6281],[8.1155,63.6666],[8.1122,63.6966],[8.1368,63.7246],[8.1852,63.7457],[8.2969,63.7719],[8.4607,63.7877],[8.5339,63.8055],[8.6123,63.8551],[8.6661,63.8737],[8.8104,63.8871],[8.8708,63.8811],[8.9216,63.8656],[8.9556,63.8428],[8.9876,63.7274],[9.1159,63.7322],[9.2512,63.7085],[9.295,63.691],[9.3217,63.6678],[9.3305,63.633],[9.3646,63.6339],[9.3887,63.6474],[9.3989,63.7453],[9.3838,63.7765],[9.3994,63.8052],[9.5568,63.8732],[9.634,63.8943],[9.6765,63.9342],[9.7508,63.9539],[9.709,63.9757],[9.6845,64.0168],[9.6823,64.0451],[9.7128,64.0767],[9.749,64.0943],[9.8356,64.116],[9.8664,64.1526],[9.9338,64.1815],[10.0099,64.1897],[10.0219,64.2307],[10.1962,64.318],[10.2853,64.342],[10.3082,64.3841],[10.3045,64.4251],[10.3737,64.4777],[10.6528,64.5405],[10.6907,64.5615],[10.7494,64.5759],[10.7642,64.6122],[10.8374,64.6533],[10.8989,64.6702],[10.9847,64.714],[11.0759,64.7269],[11.083,64.7652],[11.0413,64.7661],[10.9586,64.7883],[10.8812,64.7788],[10.6972,64.7805],[10.6402,64.7917],[10.5924,64.8127],[10.5556,64.8358],[10.5422,64.863],[10.6111,64.9475],[10.6839,64.9819],[10.7279,64.9917],[10.811,64.9963],[10.9311,65.0455],[11.0259,65.0608],[11.0796,65.0617],[11.1644,65.0488],[11.2427,65.0202],[11.3055,64.9797],[11.4093,65.0012],[11.3656,65.0237],[11.3494,65.0616],[11.3874,65.1237],[11.4638,65.162],[11.6201,65.1879],[11.7854,65.1904],[11.8577,65.1816],[11.9223,65.1591],[11.9255,65.1738],[11.8832,65.2137],[11.8887,65.2392],[11.9305,65.2765],[11.9092,65.3104],[11.9616,65.3829],[12.0383,65.4464],[12.0248,65.4749],[12.0608,65.5305],[12.0532,65.5471],[11.9648,65.5211],[11.8932,65.5188],[11.6933,65.5448],[11.643,65.5629],[11.5917,65.5994],[11.5873,65.6279],[11.6478,65.7109],[11.6796,65.7329],[11.7487,65.7576],[11.8609,65.7769],[11.9532,65.7796],[12.0676,65.7659],[12.1293,65.7473],[12.1727,65.709],[12.176,65.676],[12.1468,65.6303],[12.1754,65.6392],[12.2051,65.6816],[12.2877,65.7421],[12.4114,65.7957],[12.4183,65.8009],[12.3283,65.813],[12.2117,65.8598],[12.1935,65.8888],[12.2397,65.9472],[12.1872,65.9581],[12.1443,65.9774],[12.1211,66.0016],[12.1206,66.0277],[12.1688,66.0696],[12.175,66.1069],[12.2616,66.1509],[12.2536,66.1727],[12.2738,66.2061],[12.453,66.2801],[12.556,66.2912],[12.62,66.3245],[12.6463,66.3515],[12.6248,66.372],[12.6279,66.4032],[12.6484,66.419],[12.6484,66.4668],[12.704,66.4987],[12.7946,66.5191],[12.808,66.5517],[12.8477,66.5741],[13.0279,66.6081],[12.9963,66.633],[12.9911,66.6605],[13.0474,66.7083],[13.0677,66.7495],[13.1402,66.7793],[13.2035,66.7927],[13.3289,66.7932],[13.3548,66.8215],[13.4093,66.8506],[13.3447,66.8867],[13.3394,66.9143],[13.4004,66.9665],[13.4954,66.9997],[13.6152,67.0097],[13.6475,67.0244],[13.7612,67.0384],[13.8215,67.0559],[13.809,67.0838],[13.8281,67.1158],[13.8774,67.139],[13.9148,67.1786],[13.9827,67.1988],[14.08,67.2052],[14.1459,67.2333],[14.1717,67.28],[14.2297,67.3026],[14.1306,67.3157],[14.0722,67.3374],[14.0456,67.3608],[14.042,67.3864],[14.0718,67.4228],[14.1969,67.4803],[14.3109,67.5089],[14.3866,67.5129],[14.4651,67.5069],[14.542,67.4853],[14.5669,67.5283],[14.6819,67.5821],[14.6107,67.6009],[14.5469,67.6381],[14.5396,67.6676],[14.5935,67.7079],[14.6124,67.75],[14.5761,67.7793],[14.5653,67.8104],[14.6094,67.8524],[14.7749,67.9262],[14.7759,67.962],[14.8046,68.0046],[14.8598,68.0282],[14.9539,68.0418],[14.993,68.0587],[15.0505,68.0679],[15.1042,68.0938],[15.1818,68.107],[15.2494,68.1474],[15.3362,68.178],[15.4738,68.202],[15.5627,68.2331],[15.5207,68.2363],[15.4372,68.2588],[15.2948,68.2619],[15.2465,68.2314],[15.166,68.2024],[15.0295,68.1834],[14.9477,68.1567],[14.8772,68.151],[14.7257,68.1686],[14.5866,68.133],[14.2143,68.0811],[14.1318,68.0855],[14.0323,68.1086],[13.9768,68.0619],[13.7793,68.0051],[13.6758,67.9989],[13.6178,67.9802],[13.5185,67.9698],[13.4635,67.951],[13.2999,67.9186],[13.2699,67.8979],[13.2228,67.8838],[13.1774,67.8427],[13.1171,67.818],[13.0497,67.8032],[12.9664,67.7615],[12.8903,67.7463],[12.7573,67.7393],[12.6841,67.7499],[12.6285,67.7709],[12.6,67.7986],[12.6109,67.8388],[12.6521,67.8716],[12.6583,67.8983],[12.7522,68.0142],[12.8075,68.0684],[12.8627,68.1006],[12.8786,68.1337],[12.9243,68.1577],[12.9922,68.1728],[13.1135,68.1734],[13.184,68.2107],[13.3156,68.2264],[13.3177,68.266],[13.3611,68.2922],[13.5563,68.3596],[13.6259,68.3659],[13.709,68.3611],[13.7871,68.3938],[13.8633,68.4099],[14.2077,68.4018],[14.257,68.427],[14.3871,68.4483],[14.5135,68.4821],[14.4528,68.5099],[14.421,68.5393],[14.3322,68.5511],[14.2701,68.5721],[14.2369,68.5913],[14.1789,68.6697],[14.1862,68.7132],[14.2442,68.747],[14.2664,68.7973],[14.3548,68.8483],[14.552,68.8961],[14.6503,68.904],[14.6704,68.9483],[14.7127,68.9724],[14.8164,68.997],[14.8599,69.0293],[15.0012,69.0764],[15.1008,69.0865],[15.2092,69.0803],[15.2957,69.0557],[15.3833,69.1322],[15.448,69.1678],[15.5413,69.1964],[15.6221,69.209],[15.6939,69.288],[15.8672,69.3479],[15.9939,69.376],[16.0838,69.3867],[16.1776,69.3818],[16.2801,69.3598],[16.3245,69.333],[16.352,69.287],[16.2704,69.1355],[16.234,69.1083],[16.1144,69.0611],[16.0478,69.0105],[16.0789,68.9944],[16.1344,69.0318],[16.1931,69.0544],[16.2728,69.066],[16.412,69.0593],[16.5147,69.0366],[16.6068,69.0373],[16.581,69.0608],[16.5779,69.1047],[16.6424,69.1581],[16.7067,69.1779],[16.6782,69.2143],[16.684,69.2411],[16.7262,69.2681],[16.6756,69.366],[16.6924,69.3948],[16.7729,69.4406],[16.8626,69.4649],[17.0028,69.4711],[16.9822,69.5045],[17.0018,69.5335],[17.0535,69.5572],[17.1475,69.572],[17.1812,69.5886],[17.2635,69.6042],[17.2865,69.6334],[17.34,69.6557],[17.4146,69.6688],[17.5734,69.6644],[17.6326,69.6737],[17.8459,69.6623],[17.9187,69.6935],[17.9812,69.7021],[17.9887,69.7293],[18.0255,69.7537],[18.1232,69.778],[18.1821,69.8314],[18.2847,69.8608],[18.3663,69.8691],[18.4619,69.864],[18.4733,69.897],[18.5238,69.9318],[18.4609,69.9994],[18.4481,70.0433],[18.5001,70.131],[18.5302,70.1526],[18.5986,70.1742],[18.6933,70.1871],[18.8039,70.1821],[18.8836,70.2178],[18.883,70.2503],[18.9131,70.2765],[18.9707,70.2968],[19.1045,70.3232],[19.1765,70.3284],[19.2655,70.3249],[19.3739,70.2962],[19.5158,70.3425],[19.6479,70.3614],[19.7213,70.3606],[19.8442,70.335],[19.9042,70.2856],[19.9572,70.282],[20.0474,70.2624],[20.1445,70.215],[20.1466,70.197],[20.2106,70.1883],[20.2851,70.2362],[20.3607,70.2561],[20.3964,70.2784],[20.5217,70.3042],[20.7321,70.3084],[20.8272,70.3011],[20.947,70.2748],[21.0175,70.2362],[21.1126,70.2863],[21.3211,70.3308],[21.4178,70.3768],[21.4829,70.3867],[21.5541,70.4374],[21.6348,70.456],[21.7196,70.4609],[21.8031,70.4541],[21.8718,70.4369],[21.9676,70.3949],[22.0697,70.3934],[22.185,70.3728],[22.2583,70.408],[22.1702,70.4009],[22.0836,70.4047],[22.0088,70.4198],[21.9582,70.4437],[21.9279,70.4755],[21.9535,70.5296],[21.8441,70.5543],[21.7483,70.6227],[21.7466,70.6716],[21.8193,70.7079],[21.9434,70.7327],[22.0921,70.7289],[22.2017,70.7447],[22.2951,70.7746],[22.5446,70.7881],[22.5881,70.8045],[22.7607,70.8341],[22.8587,70.8329],[22.9006,70.8589],[22.9616,70.8752],[23.1241,70.8945],[23.1662,70.915],[23.2462,70.933],[23.342,70.9379],[23.4368,70.931],[23.5198,70.9124],[23.6399,70.8598],[23.6887,70.8195],[23.8886,70.8187],[23.9644,70.8035],[24.0341,70.7753],[24.0532,70.8426],[23.9564,70.8483],[23.8657,70.8671],[23.8184,70.8904],[23.74,70.9102],[23.6997,70.9349],[23.6679,71.0051],[23.698,71.0338],[23.8098,71.0809],[23.8907,71.0966],[23.9844,71.0999],[24.2026,71.0853],[24.4025,71.038],[24.4001,71.0776],[24.435,71.1087],[24.5939,71.1679],[24.6875,71.1787],[24.7969,71.1785],[24.9823,71.1536],[25.0369,71.13],[25.0573,71.1013],[25.0156,71.0434],[25.0736,71.0403],[25.1017,71.0919],[25.1465,71.119],[25.2254,71.1419],[25.3418,71.1595],[25.4043,71.2012],[25.4833,71.2186],[25.6281,71.2359],[25.8415,71.2252],[25.9222,71.2158],[25.988,71.1956],[26.0972,71.1906],[26.1732,71.1724],[26.2352,71.1432],[26.2508,71.1182],[26.3125,71.1129],[26.3874,71.0917],[26.4351,71.0439],[26.4217,70.9989],[26.3875,70.9757],[26.4566,70.999],[26.5581,71.0183],[26.7165,71.0269],[26.7937,71.0192],[26.8569,71.0029],[26.9185,70.9618],[26.9416,70.9873],[27.0053,71.0165],[27.0375,71.0579],[27.1249,71.0844],[27.2142,71.0967],[27.3135,71.0952],[27.3788,71.1369],[27.5042,71.1807],[27.5777,71.1947],[27.6619,71.1986],[27.7445,71.192],[27.8783,71.1529],[27.9113,71.1321],[28.185,71.1577],[28.2676,71.1534],[28.3478,71.14],[28.4168,71.1178],[28.4757,71.0722],[28.5967,71.0628],[28.7123,71.0269],[28.764,70.9888],[28.7517,70.9419],[29.0315,70.955],[29.1401,70.9504],[29.3891,70.9015],[29.4647,70.8582],[29.5417,70.8415],[29.6105,70.8079],[29.7606,70.8141],[29.8544,70.8048],[29.9334,70.7792],[30.0491,70.7868],[30.1885,70.7769],[30.3495,70.7354],[30.4029,70.712],[30.4196,70.6773],[30.5417,70.6288],[30.695,70.6031],[30.7769,70.5725],[30.807,70.5415],[30.8663,70.5242],[31.0033,70.5229],[31.0883,70.5039],[31.2573,70.3966],[31.2763,70.3656],[31.2519,70.3339],[31.2866,70.2735],[31.2607,70.2488],[31.2104,70.2288],[30.9566,70.1927],[30.699,70.1827],[30.5866,70.141],[30.5499,70.1028],[30.4996,70.0779],[30.3488,70.0444],[30.2796,70.013],[30.2061,70.0017],[30.1258,70.0007],[29.8417,70.0157],[29.8861,69.9849],[30.0458,69.9689],[30.1305,69.9486],[30.2773,69.9579],[30.4104,69.9449],[30.5495,69.8874],[30.7751,69.8735],[30.8506,69.8773],[30.9259,69.8712],[30.9894,69.856],[31.0321,69.8339],[31.0885,69.7195],[31.1338,69.6732],[31.1315,69.5728],[31.0946,69.5242],[31.0468,69.4952],[30.9493,69.4645],[30.7899,69.451],[30.4765,69.4658],[30.3705,69.4836],[30.3452,69.473],[30.3096,69.413],[30.1025,69.3193],[29.9818,69.2928],[29.8348,69.2862],[29.6919,69.2508],[29.5224,69.2419],[29.4949,69.18],[29.4061,69.071],[29.2735,69.001],[29.1687,68.9737],[28.9408,68.9558],[28.86,68.964],[28.6812,69.0364],[28.627,69.0895],[28.6442,69.1901],[28.6737,69.2395],[29.0551,69.4147],[29.1221,69.466],[29.0133,69.5587],[28.9645,69.623],[28.36,69.7258],[28.2732,69.7468],[28.214,69.774],[28.1805,69.8088],[28.0134,69.846],[27.7793,69.9888],[27.7418,69.9894],[27.6567,69.9596],[27.582,69.9468],[27.4802,69.8875],[27.3851,69.8625],[27.1742,69.8349],[27.0438,69.8325],[26.8398,69.8607],[26.6532,69.8595],[26.6047,69.8041],[26.4925,69.7558],[26.3755,69.679],[26.301,69.653],[26.1953,69.6383],[26.2011,69.5676],[26.1661,69.5313],[26.1086,69.5015],[26.0563,69.4138],[26.0781,69.3599],[25.974,69.2847],[25.9382,69.211],[25.9702,69.1455],[25.9553,69.0658],[26.0013,69.0191],[25.9895,68.9761],[25.8373,68.8582],[25.7735,68.8256],[25.7263,68.812],[25.6448,68.8022],[25.4879,68.8108],[25.3621,68.769],[25.3422,68.7394],[25.3367,68.6532],[25.3049,68.6134],[25.2112,68.5748],[25.119,68.5561],[25.0731,68.5203],[25.0195,68.4989],[24.9215,68.4849],[24.8486,68.4841],[24.7799,68.4931],[24.7067,68.5192],[24.653,68.562],[24.5638,68.6029],[24.2216,68.6493],[24.0762,68.6852],[23.9525,68.7299],[23.8904,68.6716],[23.8362,68.6541],[23.6722,68.6242],[23.5536,68.6173],[23.2453,68.5486],[23.1805,68.5466],[23.0954,68.5562],[23.0443,68.5683],[22.9658,68.6104],[22.8213,68.6049],[22.5568,68.6512],[22.4273,68.6384],[22.3359,68.6463],[22.2602,68.6659],[22.2176,68.696],[22.1807,68.7929],[22.1031,68.8231],[22.0163,68.8811],[21.985,68.9193],[21.8455,68.9791],[21.5185,69.2061],[21.3593,69.2159],[21.2491,69.1865],[21.3384,69.1179],[21.3569,69.0875],[21.28,69.0134],[21.2159,68.9857],[21.1036,68.9659],[21.012,68.9682],[20.8057,69.0068],[20.7583,68.9836],[20.7024,68.9706],[20.4844,68.9607],[20.5451,68.9046],[20.5444,68.769],[20.4222,68.6354],[20.2824,68.5534],[20.4074,68.5178],[20.438,68.4903],[20.4355,68.4605],[20.4004,68.4337],[20.0986,68.2973],[19.9851,68.2798],[19.8515,68.2848],[18.9996,68.4326],[18.7163,68.4242],[18.5928,68.4321],[18.5053,68.451],[18.3971,68.4913],[18.3447,68.4838],[18.3314,68.423],[18.3805,68.2057],[18.3552,68.1442],[18.0836,67.9354],[17.981,67.9048],[17.8722,67.8985],[17.7934,67.909],[17.3861,68.0053],[17.3421,67.9849],[16.9508,67.8622],[16.7913,67.6297],[16.7493,67.5896],[16.6447,67.5216],[16.5696,67.4868],[16.4537,67.4581],[16.3381,67.4461],[16.3272,67.4313],[16.6213,67.2094],[16.6278,67.1765],[16.5876,67.0277],[16.529,66.9851],[16.4266,66.9537],[16.1946,66.8498],[15.8304,66.5671],[15.6108,66.4661],[15.6675,66.3154],[15.6521,66.2539],[15.5835,66.216],[15.1555,66.0947],[15.0765,66.0821],[14.7419,66.064],[14.8235,65.8055],[14.8073,65.7652],[14.7329,65.689],[14.683,65.4618],[14.6901,65.3618],[14.6702,65.2881],[14.6013,65.2371],[14.5399,65.2122],[14.5014,65.1021],[14.4543,65.0458],[13.8608,64.6048],[14.0202,64.555],[14.1589,64.5347],[14.2313,64.5076],[14.2548,64.4879],[14.2811,64.4472],[14.3256,64.2114],[14.3179,64.1663],[14.2956,64.1376],[14.1295,63.9882],[14.0351,63.9449],[13.9642,63.9378],[13.8975,63.9402],[13.2363,64.0165],[13.0528,63.9931],[12.8625,63.9366],[12.8131,63.9131],[12.4346,63.6224],[12.3455,63.5767],[12.3801,63.497],[12.3717,63.4511],[12.1674,63.282],[12.3713,63.0258],[12.3792,62.9922],[12.3524,62.9606],[12.2533,62.8954],[12.3125,62.7305],[12.3054,62.6927],[12.2463,62.5996],[12.4316,62.3598],[12.4683,62.2881],[12.4697,62.2237],[12.3201,61.7428],[12.5143,61.6401],[12.6365,61.6283],[12.7187,61.5985],[12.999,61.4126],[13.0374,61.3531],[12.984,61.2093],[12.8804,61.1191],[12.8546,61.0395],[12.8187,61.001],[12.7767,60.9837],[12.7067,60.9695],[12.5599,60.9785],[12.4315,60.9624],[12.5122,60.7826],[12.6189,60.6832],[12.7302,60.5407],[12.7537,60.491],[12.7571,60.4482],[12.7345,60.3782],[12.7021,60.339],[12.634,60.2912],[12.6656,60.2006],[12.6529,60.1068],[12.6175,60.0559],[12.5693,60.0139],[12.3808,59.903],[12.234,59.8428],[12.1736,59.8282],[12.0238,59.8258],[12.0456,59.7734],[12.0258,59.6824],[11.9339,59.6118],[11.8158,59.5744],[11.9224,59.3729],[11.9517,59.2496],[11.8875,59.1309],[11.8815,59.0771],[11.8272,58.9538],[11.7977,58.9004],[11.7614,58.8688],[11.7086,58.842],[11.6452,58.8235],[11.5808,58.8151],[11.4736,58.8152],[11.3829,58.8338],[11.3216,58.8718],[11.3068,58.9737],[11.261,59.0405],[11.2107,59.04],[11.1716,58.9956],[11.1282,58.9688],[11.0616,58.9508],[10.9822,58.95],[10.9234,58.9668],[10.8699,59.0002],[10.8048,59.0071],[10.7536,59.0219],[10.7188,59.0462],[10.6897,59.0988],[10.7028,59.1298],[10.6154,59.1822],[10.5966,59.2208],[10.5512,59.1895],[10.473,59.1772],[10.455,59.1669],[10.4343,59.095],[10.4441,59.0475],[10.4245,59.0214],[10.3635,58.9893],[10.2522,58.9457],[10.1811,58.9312],[10.1204,58.9298],[10.0243,58.8923],[9.8487,58.8838],[9.7618,58.8964],[9.6293,58.8555],[9.586,58.8358],[9.5703,58.7975],[9.514,58.7458],[9.4196,58.6924],[9.3361,58.6693],[9.312,58.6304],[9.2426,58.5892],[9.1661,58.555],[9.0836,58.5296],[9.0361,58.4694],[8.9272,58.4061],[8.8564,58.3755],[8.8159,58.3356],[8.7395,58.3059],[8.6992,58.2799],[8.6518,58.2671],[8.6331,58.2332],[8.5795,58.1986],[8.4093,58.172],[8.2999,58.0735],[8.1517,58.0319],[8.0424,58.0401],[7.934,58.0107],[7.7924,58.0003],[7.7336,57.9862],[7.6741,57.9577],[7.6259,57.9503],[7.3906,57.9457],[7.2304,57.967],[7.1757,57.9606],[7.1417,57.9437],[7.0757,57.9288],[6.9739,57.9235],[6.9129,57.941],[6.8801,57.9614],[6.8656,57.9838],[6.8201,57.9956],[6.7751,57.987],[6.7248,57.988],[6.6127,57.9966],[6.5237,58.0151],[6.4414,58.0595],[6.3955,58.1145],[6.4002,58.14],[6.4613,58.1912],[6.341,58.2077],[6.1486,58.2668],[6.0618,58.2809],[5.9072,58.3377],[5.8652,58.3708],[5.8394,58.41],[5.7488,58.4219],[5.6853,58.4505],[5.6114,58.4679],[5.5535,58.4957],[5.4407,58.6063],[5.3413,58.7446],[5.3449,58.7736],[5.4014,58.8201],[5.395,58.8831],[5.4138,58.9054],[5.385,58.984],[5.391,59.0134],[5.432,59.0761],[5.4551,59.0887],[5.3612,59.1009],[5.2719,59.0718],[5.1904,59.0717],[5.137,59.0812],[5.0954,59.1008],[5.0481,59.1449]]]}},{"type":"Feature","properties":{"id":"se","name_fr":"Suède","name_en":"Sweden","kind":"country","country":"se","bbox":[10.9696,55.2711,24.338,69.1079],"margin_m":8000,"source":"Natural Earth 1:10m admin 0 countries v5.1.2, public domain"},"geometry":{"type":"MultiPolygon","coordinates":[[[[17.9788,57.5085],[18.0137,57.5851],[18.0633,57.6267],[18.2161,57.7153],[18.3594,57.849],[18.4416,57.8914],[18.511,57.9072],[18.5564,57.9491],[18.6069,57.975],[18.7058,57.9942],[18.7466,57.9938],[18.803,57.9821],[18.8883,57.9919],[18.9564,57.9884],[18.9912,58.0203],[19.0522,58.0441],[19.1562,58.0589],[19.2468,58.0609],[19.3761,58.0383],[19.4336,58.0146],[19.4611,57.9937],[19.4732,57.969],[19.4683,57.9437],[19.4408,57.9163],[19.3701,57.8836],[19.2946,57.8734],[19.2446,57.8095],[19.1456,57.7616],[19.1106,57.7561],[19.0618,57.6981],[19.0262,57.674],[18.9237,57.6536],[18.9194,57.6468],[18.9435,57.6131],[18.9118,57.5178],[18.9886,57.4966],[19.041,57.4586],[19.061,57.3924],[19.035,57.3514],[18.9757,57.3252],[18.8881,57.3158],[18.8456,57.303],[18.8348,57.2943],[18.8462,57.2467],[18.8391,57.2194],[18.8135,57.1955],[18.758,57.1717],[18.6858,57.1569],[18.6629,57.1406],[18.5842,57.1188],[18.5718,57.0946],[18.4937,57.0537],[18.5205,57.0328],[18.5315,57.0051],[18.522,56.9772],[18.4937,56.9535],[18.4401,56.9333],[18.3866,56.8884],[18.2258,56.8443],[18.146,56.8414],[18.1033,56.8501],[18.0346,56.8784],[18.0122,56.9031],[18.0085,56.9306],[18.0717,57.0041],[18.0692,57.0728],[18.0811,57.1012],[18.0551,57.1333],[18.037,57.193],[17.9775,57.2311],[17.9672,57.2624],[17.9786,57.3054],[18.0355,57.3544],[17.9788,57.5085]]],[[[19.1368,58.4616],[19.1877,58.4668],[19.3372,58.4488],[19.3929,58.4342],[19.4555,58.3979],[19.4683,58.3672],[19.4548,58.3366],[19.4178,58.3119],[19.3356,58.2823],[19.2352,58.2715],[19.1785,58.2818],[19.1076,58.3099],[19.0851,58.3313],[19.0512,58.3984],[19.0634,58.4248],[19.0933,58.4469],[19.1368,58.4616]]],[[[11.1179,58.4714],[11.1054,58.525],[11.1268,58.5767],[11.117,58.6232],[11.0585,58.6821],[11.0395,58.7208],[11.0483,58.7603],[11.0914,58.813],[11.0649,58.8436],[11.059,58.8753],[10.9947,58.9098],[10.9696,58.9484],[10.9824,59.0334],[11.0139,59.0713],[11.111,59.1379],[11.1953,59.1608],[11.3385,59.1707],[11.4127,59.1569],[11.4617,59.1377],[11.4898,59.1095],[11.5193,59.0509],[11.5658,59.0183],[11.6063,59.1008],[11.6121,59.1555],[11.6715,59.2668],[11.6467,59.3448],[11.5376,59.5482],[11.5337,59.6123],[11.5736,59.6604],[11.6254,59.6852],[11.7384,59.7166],[11.7551,59.7305],[11.7605,59.7684],[11.7118,59.8103],[11.701,59.8453],[11.7205,59.9031],[11.7488,59.9233],[11.7895,59.9436],[11.8944,59.9697],[11.9564,59.9735],[12.0849,59.967],[12.1897,60.0101],[12.3534,60.1127],[12.3802,60.1657],[12.3438,60.287],[12.3483,60.3218],[12.3744,60.3568],[12.4477,60.4079],[12.4618,60.431],[12.4553,60.4932],[12.3495,60.6273],[12.2478,60.7201],[12.2109,60.7704],[12.1687,60.8873],[12.1087,60.9764],[12.1148,61.0268],[12.1761,61.0658],[12.2378,61.0838],[12.469,61.1178],[12.581,61.1217],[12.6089,61.1783],[12.6984,61.2504],[12.7344,61.3434],[12.5048,61.4965],[12.4094,61.5037],[12.3345,61.5221],[12.064,61.6631],[12.0123,61.7135],[12.1633,62.238],[12.1608,62.2757],[11.9356,62.5843],[11.9378,62.6214],[11.9992,62.7288],[11.9403,62.8807],[11.9431,62.929],[11.9744,62.964],[12.0465,63.0117],[11.8426,63.2644],[11.8335,63.295],[11.8539,63.3245],[12.0591,63.4858],[12.0129,63.5829],[12.0147,63.617],[12.0519,63.6469],[12.161,63.6993],[12.5615,64.0049],[12.6632,64.0507],[12.8906,64.1183],[13.1885,64.1598],[13.2755,64.1603],[13.8789,64.0908],[13.994,64.1952],[13.9544,64.4135],[13.8424,64.4333],[13.5454,64.5258],[13.5036,64.5444],[13.4799,64.5683],[13.4774,64.5942],[14.0247,65.0266],[14.1544,65.1142],[14.2139,65.2572],[14.251,65.2905],[14.344,65.3349],[14.3385,65.4709],[14.3872,65.7073],[14.4732,65.8088],[14.3656,66.1147],[14.3688,66.1429],[14.3987,66.1684],[14.4506,66.1873],[14.5166,66.1965],[14.9866,66.2221],[15.3095,66.3139],[15.2508,66.4597],[15.2567,66.5149],[15.2921,66.5389],[15.519,66.6402],[15.8911,66.9297],[15.9933,66.9839],[16.2362,67.0763],[16.2578,67.179],[15.9635,67.3884],[15.9419,67.4146],[15.9474,67.442],[16.0394,67.5454],[16.0912,67.5668],[16.3103,67.5913],[16.417,67.657],[16.5776,67.8947],[16.6263,67.9378],[16.6852,67.9655],[17.0676,68.0859],[17.1698,68.1507],[17.263,68.1736],[17.3457,68.1765],[17.4238,68.166],[17.8367,68.0684],[17.9829,68.1816],[17.994,68.2023],[17.9414,68.3966],[17.9686,68.5419],[18.0085,68.5754],[18.1004,68.6027],[18.3651,68.6407],[18.4922,68.6426],[18.5957,68.6203],[18.7381,68.5687],[19.023,68.5771],[19.1252,68.5699],[19.908,68.4327],[19.9598,68.4577],[19.8075,68.4973],[19.7749,68.5206],[19.7672,68.5466],[19.7855,68.5719],[19.8274,68.5932],[19.9969,68.652],[20.0573,68.6893],[20.1584,68.8063],[20.1511,68.8816],[19.9442,68.9783],[19.9077,69.0059],[19.9065,69.0365],[19.941,69.0645],[20.005,69.0848],[20.0869,69.0936],[20.6086,69.1079],[20.6917,69.1038],[20.7697,69.0854],[20.8872,69.075],[21.0816,69.0181],[21.1338,68.9665],[21.1283,68.9387],[21.209,68.9215],[21.3611,68.8664],[21.4359,68.8202],[21.4959,68.8135],[21.5644,68.792],[21.6214,68.7369],[21.7146,68.7171],[21.8799,68.6593],[21.8963,68.6455],[22.0304,68.6273],[22.1918,68.5483],[22.3057,68.5478],[22.4293,68.5368],[22.5841,68.5077],[22.7371,68.4936],[22.8344,68.4646],[22.8876,68.4604],[22.952,68.4433],[23.0427,68.3883],[23.1636,68.3569],[23.2266,68.3309],[23.323,68.2571],[23.3459,68.215],[23.4208,68.2034],[23.4989,68.1645],[23.5553,68.0887],[23.692,68.033],[23.7687,68.0173],[23.8288,67.9854],[23.8527,67.949],[23.8322,67.9014],[23.7589,67.8588],[23.6674,67.8355],[23.6745,67.7383],[23.7411,67.5907],[23.734,67.5675],[23.6615,67.5195],[23.8351,67.4917],[23.9078,67.4672],[23.9446,67.4398],[23.9427,67.376],[23.9695,67.348],[23.9645,67.3182],[23.8914,67.2511],[23.796,67.2215],[23.7737,67.1688],[23.8282,67.1324],[23.8845,67.0493],[23.9658,67.0172],[24.1028,66.9155],[24.1839,66.816],[24.1768,66.7812],[24.1454,66.7538],[24.078,66.7316],[24.0715,66.576],[24.0565,66.5462],[24.014,66.5149],[23.8335,66.43],[23.8556,66.3623],[23.8427,66.3171],[23.887,66.238],[23.9972,66.2181],[24.0336,66.2029],[24.0799,66.1709],[24.1301,66.1084],[24.189,66.0692],[24.2321,65.9614],[24.3159,65.8761],[24.338,65.8222],[24.3184,65.7899],[24.2444,65.747],[24.0824,65.7233],[24.0384,65.7031],[23.9415,65.6902],[23.8961,65.6602],[23.8116,65.6317],[23.7541,65.6253],[23.6406,65.6374],[23.5464,65.6736],[23.5179,65.7043],[23.4102,65.694],[23.3276,65.7067],[23.2953,65.6985],[23.2227,65.6526],[23.1238,65.6339],[23.0735,65.6089],[23.0112,65.5972],[22.9429,65.5963],[22.8644,65.6102],[22.802,65.6347],[22.7718,65.6348],[22.811,65.6041],[22.8081,65.5673],[22.7799,65.5398],[22.783,65.4966],[22.746,65.4656],[22.6784,65.4453],[22.5862,65.4399],[22.5726,65.4171],[22.4965,65.3781],[22.3885,65.3592],[22.235,65.3464],[22.0848,65.3664],[22.0145,65.3422],[21.954,65.3332],[21.839,65.3302],[21.87,65.2664],[21.8398,65.2306],[21.7672,65.1953],[21.7867,65.1607],[21.7828,65.1285],[21.7395,65.0972],[21.7538,65.0579],[21.7332,65.0335],[21.6655,65.0046],[21.6173,64.9683],[21.5547,64.9476],[21.5118,64.9152],[21.4461,64.8944],[21.3977,64.8894],[21.3594,64.8399],[21.4502,64.8051],[21.4711,64.7816],[21.4724,64.6665],[21.5959,64.6377],[21.6398,64.611],[21.651,64.5916],[21.7001,64.5676],[21.7143,64.5264],[21.7625,64.4891],[21.7663,64.4328],[21.7353,64.4008],[21.6477,64.3714],[21.5075,64.2862],[21.3896,64.2459],[21.335,64.236],[21.2556,64.1824],[21.185,64.156],[21.1202,64.1183],[21.1162,64.0836],[21.0757,64.0386],[21.059,63.9747],[21.0345,63.945],[20.9773,63.9174],[20.945,63.8623],[20.9875,63.8553],[21.061,63.8263],[21.0962,63.8043],[21.1105,63.7782],[21.0851,63.691],[20.9782,63.604],[20.9155,63.5801],[20.855,63.5726],[20.7697,63.5764],[20.7117,63.5929],[20.6745,63.6188],[20.665,63.6492],[20.7081,63.72],[20.6462,63.7197],[20.5809,63.7067],[20.5343,63.6453],[20.4119,63.5995],[20.3514,63.585],[20.2009,63.5807],[20.1389,63.5494],[20.0845,63.5349],[19.9944,63.534],[19.9252,63.4984],[19.932,63.4723],[19.9167,63.433],[19.8773,63.4079],[19.7641,63.3681],[19.6755,63.3598],[19.6294,63.3666],[19.547,63.3423],[19.4844,63.3409],[19.4293,63.3498],[19.4102,63.3057],[19.3624,63.2735],[19.291,63.2547],[19.2563,63.1871],[19.2315,63.1649],[19.1433,63.1199],[19.0572,63.1068],[18.9915,63.1091],[18.9133,63.1247],[18.7993,63.0895],[18.7877,63.0748],[18.6744,63.0293],[18.7258,62.9862],[18.7296,62.9411],[18.6728,62.9016],[18.6054,62.8303],[18.5594,62.8047],[18.4664,62.7765],[18.3816,62.7648],[18.3164,62.7318],[18.2674,62.6588],[18.2023,62.6272],[18.2199,62.5949],[18.2067,62.5668],[18.1706,62.5434],[18.0307,62.4957],[17.9657,62.4458],[17.9038,62.4236],[17.8527,62.4163],[17.8129,62.3849],[17.7605,62.37],[17.6999,62.3658],[17.5705,62.3686],[17.6202,62.3214],[17.6771,62.3115],[17.7559,62.2852],[17.7895,62.2649],[17.8055,62.2404],[17.802,62.2148],[17.7795,62.1914],[17.6573,62.1459],[17.6268,62.1062],[17.5989,61.9731],[17.5288,61.9404],[17.5046,61.9188],[17.5126,61.8699],[17.555,61.8339],[17.5495,61.7974],[17.6096,61.776],[17.6669,61.7199],[17.6712,61.6904],[17.6443,61.6212],[17.5968,61.5816],[17.5285,61.5605],[17.4474,61.5582],[17.3739,61.571],[17.3363,61.5524],[17.3154,61.5168],[17.3564,61.4783],[17.371,61.4461],[17.3606,61.4134],[17.3252,61.3856],[17.3985,61.3551],[17.4217,61.33],[17.4234,61.3025],[17.3575,61.2405],[17.324,61.1486],[17.347,61.1049],[17.3387,61.0714],[17.3939,61.024],[17.3926,60.9977],[17.3422,60.9581],[17.3872,60.9191],[17.4229,60.862],[17.4267,60.8235],[17.4769,60.7866],[17.4822,60.7631],[17.4448,60.7134],[17.5606,60.7207],[17.634,60.7136],[17.7732,60.6538],[17.9282,60.6718],[18.005,60.6655],[18.0717,60.6416],[18.1151,60.6078],[18.14,60.5432],[18.2352,60.4887],[18.2371,60.5244],[18.2682,60.5546],[18.3239,60.5743],[18.3977,60.5818],[18.4587,60.5734],[18.5125,60.5549],[18.6033,60.4663],[18.6186,60.4242],[18.6587,60.401],[18.6752,60.3685],[18.7051,60.3441],[18.7055,60.29],[18.7664,60.2849],[18.8378,60.2673],[18.9365,60.2],[18.9643,60.0851],[19.0223,59.9923],[19.1817,59.9421],[19.2087,59.9165],[19.2025,59.8125],[19.2251,59.7856],[19.2235,59.7553],[19.1784,59.6982],[19.1065,59.6669],[19.1266,59.6388],[19.1251,59.6141],[19.0966,59.5804],[19.0387,59.5589],[19.0046,59.5321],[18.9519,59.5152],[19.0254,59.4917],[19.0642,59.4493],[19.0884,59.3852],[19.0806,59.3545],[19.0378,59.3228],[18.9974,59.3082],[18.9478,59.3018],[18.9431,59.2646],[18.8887,59.2101],[18.8822,59.1816],[18.8452,59.1517],[18.6978,59.104],[18.6252,59.1073],[18.6199,59.0628],[18.5386,58.9796],[18.4866,58.9504],[18.4329,58.8879],[18.3955,58.8679],[18.2206,58.8338],[18.1287,58.8459],[18.0714,58.8802],[18.0302,58.8584],[18.0213,58.8342],[17.9918,58.8108],[17.9475,58.795],[17.8949,58.7892],[17.7054,58.822],[17.683,58.8035],[17.6218,58.7857],[17.595,58.754],[17.5549,58.7367],[17.4878,58.7219],[17.4167,58.6862],[17.3759,58.682],[17.3266,58.6639],[17.2604,58.659],[17.1963,58.6134],[17.1446,58.5942],[17.0883,58.5749],[16.9959,58.5624],[17.064,58.522],[17.0768,58.4967],[17.0715,58.4705],[17.0486,58.4472],[16.991,58.4233],[16.9988,58.3927],[17.049,58.3582],[17.0545,58.3281],[16.9892,58.2384],[16.9547,58.2192],[16.9577,58.1744],[16.944,58.1478],[16.8683,58.0788],[16.8898,58.0248],[16.8682,57.9854],[16.9168,57.9211],[16.9098,57.8916],[16.8773,57.8436],[16.8467,57.8229],[16.7877,57.8081],[16.8222,57.7873],[16.8385,57.7644],[16.8488,57.7013],[16.8291,57.6593],[16.7963,57.6351],[16.7628,57.6248],[16.7439,57.5908],[16.8093,57.5077],[16.8202,57.4598],[16.8,57.4323],[16.8021,57.3993],[16.7825,57.3751],[16.7407,57.3398],[16.6925,57.318],[16.672,57.2786],[16.6223,57.2549],[16.6161,57.2147],[16.5934,57.1969],[16.6752,57.1364],[16.7062,57.0683],[16.7597,57.1363],[16.7805,57.2168],[16.8283,57.2591],[16.8465,57.3352],[16.9461,57.4058],[16.9927,57.4217],[17.0663,57.4298],[17.154,57.4193],[17.1966,57.4043],[17.2256,57.3817],[17.2538,57.3362],[17.2531,57.3018],[17.2304,57.2761],[17.1917,57.2575],[17.1982,57.2312],[17.1795,57.1758],[17.0982,57.0792],[17.0545,56.989],[17.0108,56.9582],[17.0141,56.9132],[16.9539,56.8023],[16.9297,56.7791],[16.8915,56.7624],[16.8097,56.5781],[16.7676,56.5325],[16.7427,56.4529],[16.702,56.3896],[16.6936,56.3337],[16.5901,56.1938],[16.5228,56.1594],[16.4358,56.1462],[16.3754,56.1525],[16.3113,56.1851],[16.2829,56.2288],[16.2728,56.3131],[16.2812,56.405],[16.2629,56.4551],[16.2204,56.4006],[16.1647,56.2414],[16.1428,56.2131],[16.105,56.1747],[16.0436,56.1382],[15.9756,56.0587],[15.9188,56.0252],[15.876,56.0158],[15.7851,56.0224],[15.7356,56.0058],[15.6795,56.0029],[15.6449,56.0068],[15.5705,56.0341],[15.52,56.0852],[15.4398,56.0842],[15.373,56.0694],[15.3285,56.0679],[15.2731,56.0725],[15.2337,56.0841],[15.1659,56.0826],[15.1355,56.0898],[15.0437,56.0818],[14.9653,56.0961],[14.8762,56.0761],[14.8956,56.0271],[14.8857,56.0028],[14.8032,55.9501],[14.756,55.9342],[14.6406,55.9358],[14.5383,55.9531],[14.4512,55.9058],[14.4241,55.8718],[14.3497,55.8308],[14.3328,55.8041],[14.3218,55.7444],[14.384,55.7032],[14.4024,55.6555],[14.4796,55.5837],[14.4885,55.5153],[14.456,55.4727],[14.3648,55.4158],[14.3006,55.3561],[14.2148,55.3216],[14.1575,55.3153],[14.0397,55.3203],[13.9078,55.359],[13.8403,55.3494],[13.6989,55.3516],[13.6381,55.3249],[13.5992,55.3178],[13.5487,55.3191],[13.4544,55.2849],[13.323,55.2711],[13.2367,55.2781],[13.091,55.3088],[12.9752,55.3224],[12.8393,55.3103],[12.7828,55.3166],[12.7468,55.33],[12.708,55.3731],[12.7046,55.4119],[12.7467,55.467],[12.8081,55.5001],[12.7944,55.5309],[12.8056,55.5937],[12.8332,55.6256],[12.9081,55.6662],[12.8348,55.6975],[12.8065,55.7202],[12.7844,55.7594],[12.8024,55.7988],[12.7508,55.8211],[12.7022,55.861],[12.6371,55.9585],[12.602,55.9817],[12.5802,56.0197],[12.4845,56.0945],[12.3929,56.232],[12.3538,56.2552],[12.3233,56.2962],[12.3284,56.3259],[12.3547,56.3519],[12.3978,56.3697],[12.4502,56.3763],[12.5277,56.3644],[12.4939,56.4078],[12.4941,56.4314],[12.5716,56.5093],[12.6674,56.5344],[12.7133,56.5392],[12.807,56.5248],[12.8074,56.5301],[12.7798,56.5721],[12.6901,56.579],[12.6341,56.5995],[12.5822,56.632],[12.4909,56.729],[12.4673,56.7841],[12.3861,56.8313],[12.335,56.8436],[12.2573,56.8768],[12.2215,56.9174],[12.2138,56.9757],[12.1411,57.0183],[12.0928,57.0713],[12.0928,57.1095],[12.0789,57.1274],[12.0429,57.1456],[12.0202,57.1788],[11.9783,57.2104],[11.9627,57.2502],[11.9695,57.2761],[11.901,57.2885],[11.8464,57.3067],[11.8169,57.3266],[11.7712,57.3868],[11.7814,57.4863],[11.7708,57.5319],[11.7824,57.5534],[11.7401,57.5855],[11.72,57.6217],[11.6474,57.633],[11.5903,57.6617],[11.5706,57.7168],[11.5848,57.7523],[11.6078,57.7702],[11.5454,57.7987],[11.5237,57.8271],[11.5367,57.8687],[11.4315,57.9037],[11.4035,57.9264],[11.3671,58.0191],[11.3387,58.0379],[11.3213,58.0708],[11.2744,58.1151],[11.2736,58.1514],[11.323,58.2054],[11.2719,58.2353],[11.2628,58.271],[11.2246,58.268],[11.1718,58.2751],[11.1177,58.2992],[11.0852,58.3385],[11.0689,58.4107],[11.0902,58.4545],[11.1179,58.4714]]]]}},{"type":"Feature","properties":{"id":"fi","name_fr":"Finlande","name_en":"Finland","kind":"country","country":"fi","bbox":[20.4234,59.7412,31.7268,70.1467],"margin_m":8000,"source":"Natural Earth 1:10m admin 0 countries v5.1.2, public domain"},"geometry":{"type":"Polygon","coordinates":[[[21.1096,60.4802],[21.0681,60.6197],[21.0838,60.6497],[21.1414,60.6899],[21.2195,60.7152],[21.2473,60.7376],[21.2337,60.7616],[21.1403,60.7789],[21.0939,60.7965],[21.052,60.8273],[21.0393,60.8546],[21.0571,60.901],[21.0987,60.9391],[21.0997,60.967],[21.168,61.0179],[21.1517,61.0516],[21.1573,61.0814],[21.1875,61.1075],[21.2457,61.1263],[21.206,61.1545],[21.2039,61.2167],[21.2804,61.2682],[21.3476,61.2833],[21.3849,61.3221],[21.381,61.3383],[21.3233,61.3638],[21.3016,61.39],[21.3171,61.4339],[21.2805,61.4617],[21.2725,61.4908],[21.2896,61.519],[21.319,61.5359],[21.3128,61.5769],[21.3286,61.595],[21.3105,61.6387],[21.3313,61.6668],[21.3741,61.6883],[21.3296,61.7328],[21.324,61.7838],[21.2473,61.8764],[21.169,61.9011],[21.1042,61.9494],[21.0852,61.9763],[21.1265,62.0655],[21.146,62.1473],[21.1876,62.1925],[21.1661,62.2098],[21.167,62.2664],[21.106,62.2782],[21.0628,62.2996],[21.0367,62.3482],[20.9973,62.37],[20.9586,62.4723],[20.9804,62.5356],[20.9185,62.5717],[20.9097,62.5993],[20.9275,62.6957],[20.9687,62.7276],[20.9552,62.7511],[20.9593,62.7939],[21.0028,62.8334],[21.0673,62.8562],[21.086,62.8859],[21.0527,62.8957],[20.9952,62.9307],[20.9731,62.9947],[20.9869,63.0307],[21.0317,63.0604],[21.0853,63.0765],[21.1429,63.082],[21.2051,63.0779],[21.2921,63.0514],[21.3176,63.0833],[21.2012,63.0815],[21.0315,63.1331],[20.944,63.225],[20.9207,63.279],[20.9255,63.3074],[20.9545,63.3327],[21.0032,63.3509],[21.0854,63.3582],[21.1445,63.3923],[21.2722,63.4274],[21.3403,63.4355],[21.4094,63.4296],[21.4946,63.3965],[21.5243,63.3741],[21.534,63.3484],[21.5267,63.3024],[21.5758,63.3039],[21.6388,63.2937],[21.7923,63.3203],[21.7979,63.3637],[21.8619,63.4236],[21.9139,63.4462],[22.0326,63.4591],[22.0659,63.5034],[22.1174,63.5257],[22.1303,63.5507],[22.1862,63.584],[22.2568,63.5997],[22.3352,63.5991],[22.3439,63.6041],[22.339,63.6369],[22.3861,63.6943],[22.4331,63.7166],[22.4694,63.7517],[22.5226,63.7685],[22.548,63.8042],[22.6646,63.8498],[22.7367,63.8622],[22.8223,63.8582],[22.8868,63.8712],[22.9594,63.9084],[23.071,63.9452],[23.2095,63.9622],[23.2188,64.0562],[23.2546,64.0935],[23.3254,64.1208],[23.4162,64.1277],[23.4418,64.1501],[23.5155,64.1733],[23.599,64.2564],[23.6452,64.2762],[23.7013,64.286],[23.7283,64.3105],[23.7762,64.3292],[23.8238,64.3691],[23.8497,64.415],[23.8906,64.4413],[23.949,64.4755],[24.0574,64.5072],[24.0985,64.5371],[24.1899,64.5738],[24.214,64.6358],[24.2605,64.6934],[24.2968,64.7229],[24.3644,64.7529],[24.3807,64.7849],[24.3774,64.8264],[24.4101,64.8518],[24.4639,64.8697],[24.5513,64.8784],[24.6046,64.8981],[24.5237,64.9126],[24.4249,64.9797],[24.3967,65.0222],[24.3974,65.0536],[24.4297,65.0818],[24.5799,65.1448],[24.7868,65.1637],[24.8958,65.1617],[25.0026,65.138],[25.0177,65.1285],[25.043,65.1282],[25.062,65.1767],[25.1112,65.2104],[25.1095,65.2684],[25.1407,65.3175],[25.1004,65.3584],[25.0963,65.3891],[25.1232,65.4176],[25.1744,65.4381],[25.1831,65.4634],[25.136,65.4896],[25.0239,65.5028],[24.9408,65.552],[24.8526,65.5615],[24.8075,65.5768],[24.7233,65.5614],[24.6451,65.5619],[24.5754,65.5766],[24.5267,65.5987],[24.4971,65.6523],[24.4521,65.6691],[24.4119,65.6985],[24.2978,65.7111],[24.2098,65.7034],[24.1269,65.7149],[24.0596,65.7399],[24.0081,65.7805],[23.9881,65.822],[23.8937,65.9192],[23.8594,66.016],[23.8116,66.0452],[23.7615,66.1038],[23.6314,66.1363],[23.5532,66.1873],[23.4889,66.2971],[23.4982,66.36],[23.4658,66.4488],[23.5256,66.5127],[23.7112,66.6],[23.711,66.7536],[23.7926,66.8336],[23.6617,66.9355],[23.6169,66.9493],[23.5524,66.9881],[23.5014,67.0371],[23.4867,67.0743],[23.3988,67.1429],[23.3931,67.1876],[23.4132,67.2073],[23.4209,67.2742],[23.4816,67.3158],[23.5688,67.3386],[23.5664,67.3754],[23.4289,67.3745],[23.3726,67.3844],[23.2943,67.418],[23.2477,67.4718],[23.2494,67.5024],[23.2981,67.5806],[23.3562,67.6127],[23.2969,67.7287],[23.2917,67.8698],[23.3208,67.9075],[23.3944,67.943],[23.2502,67.9996],[23.1848,68.0505],[23.0977,68.055],[23.0348,68.0696],[22.9875,68.093],[22.9603,68.1236],[22.9582,68.2041],[22.8913,68.2524],[22.5643,68.3557],[22.2796,68.3923],[22.2438,68.4047],[22.0707,68.4053],[22.0014,68.4102],[21.9413,68.4239],[21.8656,68.455],[21.8004,68.5063],[21.6208,68.5302],[21.5737,68.5484],[21.5429,68.5767],[21.4674,68.6039],[21.3266,68.6355],[21.2507,68.688],[21.1634,68.706],[21.0126,68.7911],[20.9621,68.8084],[20.7778,68.8398],[20.6922,68.8886],[20.6972,68.9443],[20.5863,68.9541],[20.4843,68.9849],[20.4369,69.0104],[20.4234,69.0406],[20.4464,69.0701],[20.5395,69.1326],[20.6178,69.1613],[20.7125,69.1752],[20.8396,69.1668],[20.841,69.2024],[20.9147,69.2716],[20.9841,69.2987],[21.1995,69.3507],[21.2704,69.3615],[21.3476,69.3621],[21.6739,69.342],[21.7788,69.3231],[21.8429,69.2958],[22.1897,69.0527],[22.3463,68.9824],[22.3801,68.9395],[22.4344,68.9032],[22.5329,68.8657],[22.5773,68.7977],[22.6883,68.7881],[22.8835,68.7507],[22.9844,68.7573],[23.1295,68.7494],[23.2486,68.716],[23.374,68.7457],[23.5679,68.7633],[23.6186,68.8375],[23.7373,68.8751],[23.7936,68.8852],[23.9324,68.8879],[24.024,68.8792],[24.2265,68.839],[24.3251,68.7972],[24.4228,68.773],[24.7286,68.7338],[24.9084,68.6812],[24.9327,68.6835],[24.9572,68.7812],[25.0237,68.8445],[25.2909,68.9373],[25.3895,68.9538],[25.5146,68.956],[25.5791,69.0093],[25.5502,69.0558],[25.5664,69.1339],[25.5373,69.1761],[25.538,69.2297],[25.5808,69.3198],[25.6602,69.3803],[25.638,69.4204],[25.682,69.4709],[25.6982,69.5488],[25.7992,69.5977],[25.7597,69.6358],[25.7611,69.6687],[25.8259,69.7249],[25.9043,69.753],[26.0533,69.7733],[26.1283,69.8248],[26.2311,69.8703],[26.2467,69.9041],[26.3389,69.9636],[26.4255,69.9865],[26.6732,70.0058],[26.7714,70.0033],[26.8691,70.0098],[27.1206,69.9812],[27.1809,70.0173],[27.3887,70.0738],[27.4842,70.1188],[27.5962,70.136],[27.7517,70.1353],[27.8858,70.1467],[27.9526,70.1408],[28.0376,70.1241],[28.0787,70.1069],[28.3267,69.9434],[28.5323,69.9055],[28.575,69.8822],[28.5885,69.8473],[29.2748,69.7257],[29.3287,69.6979],[29.3988,69.6083],[29.5338,69.4913],[29.5485,69.4625],[29.5293,69.4341],[29.4134,69.3467],[29.0479,69.1832],[29.0291,69.1099],[29.1456,69.048],[29.1536,69.0223],[29.1356,68.9973],[29.0942,68.9762],[28.9736,68.9335],[28.8746,68.9134],[28.9842,68.8634],[28.9932,68.8173],[28.9025,68.7043],[28.6454,68.518],[28.8435,68.2323],[29.3745,68.1477],[29.4892,68.1132],[29.8147,67.8609],[30.1401,67.7377],[30.1865,67.7107],[30.1971,67.6788],[30.1611,67.6428],[30.1458,67.5617],[30.0922,67.4837],[29.6836,67.2634],[29.6485,67.2254],[29.5836,67.1925],[29.2733,66.966],[29.2385,66.9071],[29.2615,66.8637],[29.4789,66.7161],[29.5758,66.5975],[29.6998,66.5069],[29.7434,66.3955],[29.8129,66.3181],[30.065,66.1343],[30.1275,65.9945],[30.2472,65.836],[30.2847,65.7208],[30.2876,65.6622],[30.2564,65.6244],[30.1847,65.5941],[30.1121,65.5849],[29.9892,65.5975],[30.011,65.5717],[29.9986,65.5375],[29.896,65.4745],[29.9012,65.3567],[29.8905,65.3204],[29.848,65.2808],[29.9536,65.256],[29.9888,65.2348],[30.0188,65.1112],[29.9573,65.051],[29.9145,65.0339],[29.7641,65.014],[29.7596,64.9959],[29.7955,64.9287],[29.8455,64.8757],[29.8768,64.8591],[30.0642,64.8559],[30.1399,64.8479],[30.2235,64.8251],[30.2716,64.798],[30.2876,64.7689],[30.279,64.7378],[30.3444,64.6879],[30.3533,64.6514],[30.3288,64.6094],[30.2807,64.5763],[30.1568,64.5395],[30.2314,64.49],[30.235,64.4619],[30.2105,64.4141],[30.377,64.3852],[30.4729,64.3572],[30.5505,64.3124],[30.6251,64.2951],[30.6748,64.2736],[30.72,64.234],[30.7006,64.1695],[30.7499,64.079],[30.7438,64.0454],[30.703,63.9938],[30.6345,63.9453],[30.4689,63.8581],[30.415,63.8025],[30.3316,63.7498],[30.2081,63.7157],[30.3573,63.6328],[30.5144,63.5722],[30.5903,63.5187],[30.9018,63.4376],[31.0853,63.342],[31.3201,63.2617],[31.3826,63.2076],[31.4039,63.1349],[31.4972,63.0963],[31.6148,63.0242],[31.6728,62.9601],[31.7141,62.9343],[31.7268,62.9035],[31.7096,62.8733],[31.5866,62.7616],[31.511,62.6285],[31.4333,62.5522],[31.3901,62.4795],[31.1072,62.3171],[31.0393,62.2537],[30.7664,62.1443],[30.7321,62.1096],[30.6054,62.0262],[30.4619,61.9484],[30.1045,61.689],[29.9622,61.6161],[29.8943,61.5469],[29.7293,61.4552],[29.6339,61.4267],[29.5732,61.365],[29.4373,61.2945],[29.3039,61.193],[28.8985,61.042],[28.809,60.985],[28.7388,60.9232],[28.7019,60.9041],[28.5792,60.8797],[28.4512,60.8144],[28.3662,60.7519],[28.2516,60.7058],[28.0973,60.606],[27.8942,60.4973],[27.8899,60.4813],[27.8565,60.4553],[27.7807,60.4236],[27.6902,60.4059],[27.5957,60.4023],[27.524,60.3862],[27.4712,60.3879],[27.3668,60.4074],[27.2957,60.4347],[27.1156,60.4482],[27.0883,60.4115],[27.0512,60.3904],[27.0006,60.3779],[26.9443,60.376],[26.8742,60.3906],[26.8448,60.3877],[26.781,60.3599],[26.6738,60.3454],[26.6145,60.3144],[26.5464,60.3064],[26.4815,60.312],[26.4453,60.3252],[26.4015,60.3101],[26.3495,60.3038],[26.2964,60.3074],[26.2509,60.32],[26.2393,60.2931],[26.2053,60.2625],[26.1711,60.2468],[26.07,60.2301],[26.0542,60.2085],[25.9538,60.1485],[25.8954,60.1307],[25.7982,60.1263],[25.7206,60.1471],[25.6647,60.1339],[25.613,60.1334],[25.5398,60.149],[25.4882,60.1743],[25.3364,60.176],[25.3207,60.1538],[25.2819,60.1326],[25.1636,60.1075],[25.0907,60.0829],[24.877,60.0685],[24.8023,60.0727],[24.5867,59.954],[24.495,59.9249],[24.4249,59.9197],[24.3505,59.9291],[24.286,59.927],[24.2342,59.9375],[24.2044,59.9521],[24.1137,59.9521],[24.0554,59.9397],[24.0073,59.9018],[23.9091,59.8771],[23.8306,59.8778],[23.7375,59.8932],[23.5748,59.8867],[23.5306,59.8965],[23.4503,59.8853],[23.3898,59.8586],[23.385,59.8163],[23.3213,59.7786],[23.1098,59.7521],[22.8733,59.7412],[22.807,59.7542],[22.7693,59.7737],[22.7487,59.7988],[22.7481,59.8261],[22.7678,59.8515],[22.8503,59.9019],[22.9605,59.9254],[22.9596,59.951],[22.8869,59.9346],[22.8052,59.9442],[22.6276,59.9149],[22.655,59.8804],[22.6496,59.8534],[22.6171,59.8243],[22.5131,59.7888],[22.4073,59.7784],[22.3446,59.7908],[22.2976,59.813],[22.2747,59.8433],[22.2777,59.8826],[22.3085,59.9096],[22.3432,59.9241],[22.2922,59.937],[22.2423,59.9735],[22.2071,60.0386],[22.2136,60.089],[22.1605,60.1207],[22.1088,60.0647],[22.0346,60.0442],[21.9224,60.0425],[21.8511,60.0602],[21.7651,60.0437],[21.6939,60.0437],[21.6544,60.0334],[21.5273,60.0259],[21.4632,60.0303],[21.399,60.0539],[21.3472,60.0939],[21.1662,60.1412],[21.1349,60.1666],[21.1271,60.1963],[21.1441,60.2249],[21.2153,60.2666],[21.3194,60.282],[21.2297,60.3026],[21.1879,60.3212],[21.1546,60.3518],[21.1522,60.386],[21.1912,60.4293],[21.1436,60.4496],[21.1096,60.4802]]]}},{"type":"Feature","properties":{"id":"hr","name_fr":"Croatie","name_en":"Croatia","kind":"country","country":"hr","bbox":[13.4002,42.3453,19.5094,46.6183],"margin_m":8000,"source":"Natural Earth 1:10m admin 0 countries v5.1.2, public domain"},"geometry":{"type":"MultiPolygon","coordinates":[[[[15.9508,43.0693],[15.9589,43.0941],[15.9825,43.1185],[16.0399,43.1436],[16.1104,43.159],[16.1727,43.1597],[16.2997,43.1415],[16.3358,43.1171],[16.351,43.0861],[16.3453,43.0398],[16.2841,42.9846],[16.2388,42.9644],[16.1288,42.9416],[16.0558,42.9432],[15.9992,42.9628],[15.9759,42.9845],[15.9508,43.0693]]],[[[13.4002,45.4881],[13.4089,45.5323],[13.4298,45.5591],[13.4646,45.5774],[13.5071,45.5839],[13.548,45.5796],[13.6365,45.5528],[13.6717,45.5324],[13.7856,45.5327],[13.859,45.5039],[13.8839,45.555],[13.9149,45.574],[13.9525,45.5849],[14.0352,45.5784],[14.1136,45.5453],[14.1899,45.5662],[14.2434,45.567],[14.3415,45.5481],[14.387,45.5726],[14.4017,45.6197],[14.48,45.705],[14.5235,45.7289],[14.5871,45.7396],[14.6434,45.7256],[14.6782,45.7023],[14.6964,45.6411],[14.7464,45.6129],[14.7712,45.575],[14.8248,45.5579],[14.8652,45.5809],[14.9499,45.5843],[15.0096,45.5602],[15.0929,45.5471],[15.1788,45.5009],[15.1972,45.5058],[15.1664,45.5953],[15.1708,45.6234],[15.1901,45.648],[15.1533,45.6851],[15.1462,45.713],[15.1769,45.7703],[15.2536,45.809],[15.3408,45.8306],[15.3638,45.8596],[15.4068,45.88],[15.5081,45.898],[15.559,45.8956],[15.5733,45.9376],[15.5743,46.0112],[15.5089,46.0625],[15.4864,46.1137],[15.4923,46.1626],[15.5394,46.2344],[15.614,46.2794],[15.7068,46.2852],[15.7737,46.3205],[15.8556,46.3308],[15.9537,46.3579],[15.9647,46.4094],[15.9931,46.4338],[16.1314,46.4655],[16.1386,46.5208],[16.1859,46.5637],[16.294,46.6101],[16.3301,46.6183],[16.4145,46.6112],[16.5331,46.5815],[16.5908,46.5533],[16.6197,46.553],[16.6968,46.5337],[16.7402,46.5095],[16.7834,46.4669],[16.878,46.4482],[16.911,46.4329],[16.9617,46.3863],[16.9802,46.3301],[17.0518,46.2599],[17.1469,46.1944],[17.201,46.1931],[17.2498,46.1832],[17.2908,46.1603],[17.3445,46.1072],[17.3627,46.0671],[17.4142,46.0316],[17.533,46.0244],[17.6336,46.0018],[17.7134,45.9508],[17.7464,45.9032],[17.8396,45.8832],[17.8873,45.8637],[17.9754,45.8641],[18.0758,45.8473],[18.1289,45.8573],[18.2113,45.8573],[18.261,45.8498],[18.3329,45.8268],[18.3839,45.8276],[18.4242,45.8511],[18.4991,45.8669],[18.5604,45.943],[18.6341,45.978],[18.708,45.9784],[18.7433,45.9699],[18.8936,46.003],[18.9615,45.9896],[18.9865,45.9718],[19.0069,45.9335],[19.008,45.8539],[18.9758,45.8139],[19.0007,45.78],[19.0081,45.7501],[19.0615,45.7026],[19.0709,45.6633],[19.0573,45.6318],[19.1457,45.5886],[19.1851,45.5604],[19.2084,45.5164],[19.2019,45.4859],[19.1778,45.4602],[19.1285,45.4316],[19.1286,45.4021],[19.1712,45.378],[19.204,45.3408],[19.3108,45.3071],[19.421,45.2949],[19.4722,45.2721],[19.5034,45.228],[19.5094,45.1977],[19.4978,45.1496],[19.4624,45.1183],[19.4316,45.1034],[19.201,45.0909],[19.1847,45.0835],[19.1963,45.0218],[19.2273,44.9816],[19.2308,44.9379],[19.2075,44.9046],[19.1588,44.8669],[19.1101,44.8416],[19.0835,44.8121],[19.045,44.7967],[18.8923,44.7892],[18.8034,44.8083],[18.7094,44.8646],[18.6747,44.9239],[18.6765,44.9612],[18.6366,44.993],[18.6009,44.9991],[18.5798,44.9887],[18.5377,44.9833],[18.4816,44.9884],[18.4112,45.0135],[18.3613,45.0483],[18.2648,45.0623],[18.2462,45.0474],[18.196,45.0304],[18.1298,45.0259],[18.0691,45.0355],[18.0186,45.0569],[17.9511,45.0145],[17.8476,44.9929],[17.7979,44.9976],[17.7469,45.0172],[17.6691,45.0818],[17.6265,45.0595],[17.5858,45.049],[17.4753,45.0426],[17.436,45.0502],[17.4035,45.0688],[17.3329,45.0768],[17.2971,45.0935],[17.1916,45.0767],[17.1443,45.0833],[17.0557,45.1123],[16.9905,45.1464],[16.9195,45.1669],[16.8792,45.1274],[16.854,45.1157],[16.7996,45.1075],[16.7571,45.1099],[16.5616,45.1494],[16.5214,45.0943],[16.4801,45.0675],[16.4236,44.9646],[16.3989,44.947],[16.3428,44.9318],[16.2569,44.937],[16.1593,44.9704],[16.0405,45.0528],[15.9936,45.1152],[15.9402,45.144],[15.8828,45.1448],[15.8835,45.0869],[15.8583,45.0302],[15.8677,44.9823],[15.8351,44.9194],[15.8689,44.8689],[15.8728,44.8314],[15.8548,44.7931],[15.8952,44.7961],[15.934,44.7886],[15.9656,44.771],[16.0198,44.7305],[16.0444,44.6972],[16.0722,44.6895],[16.1149,44.6616],[16.1438,44.5975],[16.1967,44.565],[16.2594,44.4205],[16.301,44.3749],[16.3055,44.3415],[16.2879,44.29],[16.3069,44.2399],[16.3624,44.193],[16.404,44.1297],[16.4417,44.1254],[16.4788,44.1106],[16.5164,44.0705],[16.5771,44.0393],[16.6335,43.983],[16.7464,43.8934],[16.7718,43.866],[16.7892,43.8193],[16.8948,43.7576],[17.1015,43.5989],[17.1757,43.5585],[17.2547,43.5496],[17.3257,43.5229],[17.3607,43.4927],[17.3766,43.4668],[17.3839,43.4257],[17.3689,43.359],[17.3796,43.3349],[17.4046,43.3071],[17.4667,43.2691],[17.4898,43.2459],[17.5102,43.2058],[17.6416,43.1422],[17.7034,43.0931],[17.7493,43.0217],[17.759,42.9834],[17.8543,42.9747],[17.8905,42.9527],[17.919,42.9137],[17.924,42.8753],[17.9883,42.848],[18.0534,42.7985],[18.2747,42.6897],[18.3246,42.674],[18.3671,42.6714],[18.4316,42.6352],[18.4992,42.6148],[18.5326,42.5741],[18.534,42.5079],[18.5684,42.4877],[18.5902,42.4535],[18.5934,42.4113],[18.5823,42.3827],[18.5567,42.3598],[18.5208,42.3466],[18.4808,42.3453],[18.4434,42.356],[18.4086,42.3843],[18.3623,42.4005],[18.3272,42.4309],[18.1861,42.4986],[18.1583,42.5187],[18.1265,42.5621],[18.0197,42.5926],[17.973,42.6313],[17.8444,42.695],[17.8286,42.653],[17.7994,42.633],[17.7617,42.6232],[17.7219,42.6254],[17.4022,42.6927],[17.375,42.688],[17.3136,42.701],[17.2565,42.737],[17.2288,42.7736],[17.2273,42.8025],[17.2413,42.8296],[17.2687,42.8504],[17.3019,42.8606],[17.274,42.8736],[17.2493,42.8552],[17.2164,42.8443],[17.0871,42.8438],[17.0081,42.8561],[16.952,42.8437],[16.9876,42.8311],[17.0171,42.8087],[17.031,42.7792],[17.0318,42.74],[17.0079,42.7038],[16.9604,42.6722],[16.9205,42.6606],[16.824,42.6593],[16.7762,42.672],[16.7257,42.7132],[16.7053,42.7652],[16.7211,42.8049],[16.7418,42.8268],[16.7679,42.8396],[16.6228,42.8584],[16.5557,42.8962],[16.5417,42.9236],[16.5372,43.002],[16.5529,43.0256],[16.5791,43.0434],[16.6254,43.0589],[16.4264,43.1001],[16.3043,43.143],[16.2835,43.1635],[16.2737,43.188],[16.2763,43.2135],[16.2951,43.2411],[16.34,43.2659],[16.2362,43.3052],[16.1522,43.3274],[16.1226,43.35],[16.1036,43.4074],[15.9175,43.4388],[15.8849,43.4567],[15.865,43.4827],[15.8624,43.5034],[15.8266,43.5453],[15.8202,43.5868],[15.7843,43.563],[15.7488,43.5558],[15.712,43.5585],[15.6274,43.5732],[15.5261,43.63],[15.5073,43.658],[15.5066,43.6891],[15.5316,43.725],[15.5817,43.7494],[15.529,43.7954],[15.4823,43.8218],[15.4704,43.8179],[15.4946,43.7794],[15.4911,43.7523],[15.474,43.7281],[15.4457,43.7102],[15.4103,43.7012],[15.3728,43.7023],[15.2725,43.7366],[15.1709,43.8035],[15.071,43.8488],[14.9663,43.9443],[14.922,44.0073],[14.8823,44.0263],[14.8279,44.0681],[14.7483,44.1027],[14.7252,44.1299],[14.7205,44.1615],[14.7293,44.191],[14.6933,44.2016],[14.6541,44.2343],[14.5923,44.2488],[14.5317,44.2856],[14.504,44.3158],[14.4949,44.3516],[14.5048,44.3786],[14.5283,44.4009],[14.562,44.4151],[14.6006,44.419],[14.6644,44.4026],[14.6673,44.4363],[14.6868,44.4619],[14.7365,44.4853],[14.7971,44.4899],[14.7994,44.5056],[14.6744,44.6224],[14.6474,44.6589],[14.6342,44.7119],[14.5746,44.76],[14.5694,44.7326],[14.6293,44.6585],[14.6343,44.6246],[14.6168,44.5929],[14.5826,44.5664],[14.6235,44.5232],[14.6336,44.4727],[14.6178,44.4439],[14.5866,44.4226],[14.5234,44.4107],[14.48,44.414],[14.4426,44.4301],[14.3604,44.4961],[14.3051,44.5146],[14.2735,44.5408],[14.2454,44.5408],[14.2075,44.5517],[14.1621,44.574],[14.1365,44.6043],[14.1366,44.656],[14.1674,44.7082],[14.2161,44.7422],[14.2484,44.7503],[14.2642,44.7664],[14.2304,44.8207],[14.22,44.8601],[14.1976,44.8871],[14.1949,44.9118],[14.1236,44.8874],[14.0877,44.8489],[14.1005,44.8211],[14.0967,44.792],[14.077,44.7664],[14.0445,44.7484],[14.0028,44.7411],[13.967,44.7153],[13.9178,44.7012],[13.8816,44.7021],[13.8481,44.712],[13.8217,44.7298],[13.802,44.7631],[13.7214,44.8187],[13.6918,44.8509],[13.6859,44.8756],[13.6958,44.9099],[13.6875,44.9241],[13.6055,44.9978],[13.5426,45.0293],[13.5256,45.0531],[13.5242,45.085],[13.5017,45.1185],[13.4805,45.1966],[13.4884,45.2294],[13.4735,45.266],[13.4783,45.2835],[13.4522,45.3111],[13.4393,45.3426],[13.4409,45.3641],[13.4169,45.4124],[13.4002,45.4881]]]]}},{"type":"Feature","properties":{"id":"si","name_fr":"Slovénie","name_en":"Slovenia","kind":"country","country":"si","bbox":[13.2622,45.3538,16.6177,46.9342],"margin_m":8000,"source":"Natural Earth 1:10m admin 0 countries v5.1.2, public domain"},"geometry":{"type":"Polygon","coordinates":[[[13.3159,46.1763],[13.2622,46.2819],[13.2649,46.3088],[13.2817,46.333],[13.3144,46.3532],[13.3542,46.3999],[13.4662,46.4463],[13.5287,46.495],[13.5907,46.5144],[13.6052,46.5482],[13.63,46.5725],[13.6669,46.5878],[13.7248,46.5906],[13.7913,46.5803],[13.8438,46.5863],[13.908,46.5828],[14.0044,46.5543],[14.0961,46.55],[14.181,46.5115],[14.4187,46.5112],[14.4803,46.4884],[14.5263,46.4875],[14.608,46.5181],[14.6667,46.5581],[14.7129,46.5685],[14.7644,46.642],[14.8221,46.6711],[14.9382,46.6918],[15.03,46.7181],[15.0731,46.7211],[15.2077,46.7111],[15.3827,46.7174],[15.45,46.7064],[15.4825,46.7291],[15.5414,46.7454],[15.5734,46.7753],[15.6106,46.7874],[15.6517,46.7887],[15.7325,46.7754],[15.8139,46.7945],[15.8691,46.7952],[15.8758,46.8493],[15.9054,46.8771],[15.9352,46.8924],[16.0786,46.9339],[16.1435,46.9286],[16.2947,46.9342],[16.3795,46.9011],[16.4151,46.8767],[16.4329,46.8476],[16.4331,46.822],[16.4123,46.7754],[16.492,46.7272],[16.513,46.6824],[16.5097,46.6489],[16.5901,46.5821],[16.6169,46.5179],[16.6177,46.4884],[16.6014,46.4612],[16.5706,46.4407],[16.5306,46.4305],[16.488,46.4323],[16.3653,46.4683],[16.3474,46.4623],[16.3823,46.3942],[16.3776,46.3509],[16.3517,46.3239],[16.3133,46.3061],[16.2132,46.2952],[16.1549,46.3034],[16.1289,46.2699],[16.066,46.2346],[15.9337,46.1963],[15.8617,46.1869],[15.8251,46.1589],[15.7754,46.141],[15.7017,46.1411],[15.6948,46.1288],[15.7331,46.1153],[15.7704,46.0906],[15.8002,46.0469],[15.7972,46.0161],[15.7781,45.9843],[15.7785,45.9204],[15.7675,45.8889],[15.7784,45.8581],[15.7747,45.8211],[15.7504,45.7904],[15.6936,45.7605],[15.6298,45.7483],[15.5457,45.7512],[15.4941,45.7196],[15.4422,45.7025],[15.4679,45.6689],[15.4764,45.6411],[15.4688,45.6131],[15.4465,45.5894],[15.3865,45.5701],[15.3906,45.555],[15.4452,45.5233],[15.4607,45.4994],[15.4629,45.4732],[15.4517,45.4483],[15.4035,45.4058],[15.3542,45.3838],[15.2989,45.3787],[15.2197,45.3581],[15.1251,45.3588],[15.073,45.3753],[15.0173,45.4086],[14.9544,45.4206],[14.8733,45.3912],[14.8176,45.3886],[14.776,45.3948],[14.7193,45.4185],[14.7018,45.4392],[14.6218,45.4673],[14.5735,45.5106],[14.5294,45.4675],[14.4233,45.4152],[14.3361,45.4032],[14.2197,45.4212],[14.1641,45.4055],[14.114,45.401],[14.0363,45.4115],[13.914,45.3538],[13.8046,45.3605],[13.7318,45.3902],[13.618,45.3896],[13.5493,45.4136],[13.4949,45.4615],[13.4709,45.5176],[13.4669,45.5476],[13.4806,45.5761],[13.5097,45.5981],[13.5491,45.6099],[13.614,45.6111],[13.6361,45.6418],[13.6664,45.6577],[13.7247,45.6663],[13.7069,45.6871],[13.6149,45.7256],[13.5321,45.746],[13.4895,45.7766],[13.4632,45.8351],[13.4789,45.8999],[13.4316,45.9202],[13.3833,45.9597],[13.3638,45.9836],[13.3587,46.011],[13.3995,46.088],[13.4751,46.1406],[13.3873,46.1378],[13.3518,46.1485],[13.3159,46.1763]]]}},{"type":"Feature","properties":{"id":"gr","name_fr":"Grèce","name_en":"Greece","kind":"country","country":"gr","bbox":[19.5331,34.7446,28.3289,41.8223],"margin_m":8000,"source":"Natural Earth 1:10m admin 0 countries v5.1.2, public domain"},"geometry":{"type":"MultiPolygon","coordinates":[[[[24.2226,34.8217],[24.2153,34.7862],[24.1948,34.7622],[24.1644,34.747],[24.1025,34.7446],[24.0679,34.7528],[23.9966,34.7898],[23.969,34.8156],[23.959,34.8553],[23.9655,34.8827],[23.9841,34.9059],[24.0432,34.9342],[24.1058,34.9409],[24.1518,34.9322],[24.185,34.9177],[24.2078,34.893],[24.2226,34.8217]]],[[[23.5393,35.661],[23.566,35.6774],[23.5983,35.6845],[23.6309,35.6814],[23.6786,35.7376],[23.7096,35.7542],[23.7547,35.7586],[23.7838,35.7532],[23.8187,35.7359],[23.8445,35.7199],[23.8614,35.6974],[23.867,35.6028],[23.9874,35.5936],[24.0211,35.6423],[24.0813,35.6679],[24.1253,35.6729],[24.1705,35.6687],[24.2296,35.6468],[24.2654,35.6112],[24.2912,35.5427],[24.3244,35.5206],[24.3387,35.4936],[24.3527,35.4266],[24.4031,35.4388],[24.4544,35.4386],[24.5454,35.4543],[24.6487,35.4918],[24.719,35.4993],[24.8361,35.4838],[24.8977,35.4966],[24.9358,35.4889],[24.9557,35.4955],[24.992,35.4946],[25.1081,35.4604],[25.1292,35.4403],[25.1398,35.4163],[25.1867,35.4221],[25.2463,35.408],[25.2926,35.4143],[25.4064,35.4108],[25.4666,35.3698],[25.6215,35.4166],[25.6792,35.4197],[25.7197,35.4078],[25.8003,35.4022],[25.829,35.3862],[25.848,35.3624],[25.8543,35.3345],[25.8413,35.2962],[25.8431,35.2412],[25.8746,35.2547],[25.9478,35.2639],[25.9853,35.2863],[26.0605,35.3054],[26.0976,35.301],[26.1399,35.2855],[26.2302,35.3649],[26.2592,35.3815],[26.3211,35.3873],[26.3545,35.3819],[26.3829,35.3665],[26.402,35.3435],[26.409,35.3162],[26.4029,35.2888],[26.3785,35.2508],[26.4051,35.2189],[26.4086,35.192],[26.3808,35.1382],[26.3676,35.0901],[26.3051,34.9899],[26.2773,34.9708],[26.1543,34.9294],[26.1053,34.9272],[26.0727,34.9324],[26.0433,34.949],[25.9254,34.9608],[25.8041,34.9338],[25.613,34.941],[25.5356,34.9166],[25.4956,34.913],[25.361,34.9198],[25.2412,34.8836],[25.1627,34.8824],[25.1078,34.8658],[25.0694,34.8709],[25.0198,34.8595],[24.9805,34.8665],[24.7418,34.8596],[24.7073,34.8643],[24.6779,34.8797],[24.6581,34.9034],[24.651,34.9379],[24.666,34.9758],[24.6688,35.0246],[24.6013,35.0268],[24.5332,35.0388],[24.4748,35.0801],[24.4248,35.0857],[24.3581,35.1151],[24.2809,35.1109],[24.1861,35.1263],[24.0404,35.1194],[23.9964,35.1316],[23.9554,35.1604],[23.8889,35.1599],[23.8228,35.1721],[23.6863,35.1537],[23.6414,35.164],[23.5902,35.1648],[23.538,35.1798],[23.452,35.2468],[23.4359,35.269],[23.4358,35.3327],[23.4543,35.3567],[23.4565,35.4],[23.4749,35.4355],[23.4782,35.5325],[23.5048,35.6132],[23.5393,35.661]]],[[[23.3275,35.9634],[23.3838,35.9257],[23.4131,35.8914],[23.4216,35.8333],[23.4164,35.8044],[23.3976,35.7796],[23.3683,35.763],[23.3333,35.7571],[23.2948,35.7618],[23.2673,35.7756],[23.232,35.8095],[23.1999,35.8535],[23.1832,35.9059],[23.2059,35.9525],[23.2605,35.9758],[23.2977,35.9746],[23.3275,35.9634]]],[[[25.5476,36.4706],[25.575,36.4226],[25.5781,36.3716],[25.5502,36.3134],[25.4988,36.2757],[25.4378,36.2646],[25.4015,36.2688],[25.3382,36.2852],[25.2948,36.3092],[25.2782,36.3315],[25.2726,36.3571],[25.2785,36.3827],[25.3091,36.4135],[25.2876,36.4363],[25.2793,36.4666],[25.2853,36.4995],[25.3025,36.522],[25.3442,36.5449],[25.3763,36.5516],[25.4092,36.5483],[25.4703,36.5288],[25.5476,36.4706]]],[[[23.8943,36.7607],[23.8621,36.7625],[23.8254,36.7776],[23.798,36.8024],[23.7873,36.8345],[23.7933,36.8702],[23.813,36.8945],[23.843,36.9105],[23.8785,36.9158],[23.9175,36.9105],[23.9446,36.8969],[23.9736,36.8585],[23.9785,36.8297],[23.9713,36.8057],[23.9545,36.7851],[23.9253,36.7682],[23.8943,36.7607]]],[[[25.3414,36.8602],[25.3637,36.8915],[25.3446,36.924],[25.316,36.9448],[25.3063,36.962],[25.2292,36.9197],[25.1564,36.9144],[25.1297,36.892],[25.0971,36.8817],[25.0476,36.8847],[25.0068,36.9014],[24.956,36.9488],[24.9424,36.975],[24.9371,37.0189],[24.9567,37.0566],[24.994,37.0886],[25.0438,37.1087],[25.0926,37.166],[25.1645,37.2063],[25.21,37.2201],[25.3007,37.2237],[25.3369,37.2149],[25.3687,37.1894],[25.408,37.2122],[25.4342,37.2422],[25.5104,37.2703],[25.5436,37.2723],[25.5755,37.2645],[25.63,37.2353],[25.6544,37.2119],[25.6793,37.1615],[25.6849,37.1031],[25.6597,36.9829],[25.7014,36.9711],[25.741,36.9471],[25.7627,36.9264],[25.7726,36.8906],[25.7997,36.9116],[25.8656,36.9356],[25.8919,36.9729],[25.9594,37.0039],[25.9983,37.011],[26.0456,37.0035],[26.0901,36.9705],[26.1332,36.9523],[26.1543,36.9305],[26.1637,36.9039],[26.1584,36.8673],[26.1343,36.8394],[26.0978,36.8234],[26.0446,36.8214],[25.9879,36.7899],[25.9337,36.7375],[25.8059,36.7009],[25.7285,36.7013],[25.6982,36.7146],[25.6599,36.7612],[25.6516,36.8073],[25.5637,36.8225],[25.5559,36.7998],[25.5262,36.7745],[25.4815,36.7571],[25.4985,36.7198],[25.4957,36.6932],[25.4684,36.6374],[25.4237,36.5942],[25.3947,36.5837],[25.363,36.5821],[25.3325,36.5896],[25.2751,36.617],[25.2372,36.6471],[25.1857,36.6042],[25.1203,36.568],[25.0461,36.5693],[25.0247,36.5437],[24.9937,36.5284],[24.9321,36.5258],[24.8917,36.5347],[24.8598,36.5512],[24.7942,36.5905],[24.7666,36.6205],[24.7514,36.6656],[24.7579,36.6923],[24.7763,36.7152],[24.804,36.7309],[24.8805,36.7366],[24.9162,36.726],[24.9963,36.6849],[25.0455,36.7535],[25.1129,36.7868],[25.18,36.7913],[25.2081,36.8248],[25.2837,36.8646],[25.3414,36.8602]]],[[[23.5464,36.8723],[23.5229,36.8497],[23.4925,36.8357],[23.4577,36.8321],[23.4178,36.8419],[23.3901,36.8591],[23.3653,36.8993],[23.36,36.9307],[23.3664,36.9561],[23.3836,36.978],[23.4094,36.9936],[23.4404,37.0008],[23.479,36.9975],[23.5142,36.9827],[23.5516,36.9334],[23.5563,36.8969],[23.5464,36.8723]]],[[[24.4233,37.7472],[24.476,37.6979],[24.4909,37.6719],[24.4918,37.6434],[24.485,37.6123],[24.4483,37.5584],[24.4783,37.5536],[24.5077,37.5379],[24.5273,37.5145],[24.5341,37.4758],[24.5709,37.4279],[24.5716,37.3996],[24.5521,37.3499],[24.4798,37.2764],[24.5527,37.2714],[24.5883,37.2519],[24.6115,37.2227],[24.6216,37.1939],[24.6197,37.1172],[24.6866,37.1166],[24.7604,37.0915],[24.8208,37.0318],[24.8538,36.9654],[24.8533,36.933],[24.838,36.9061],[24.7777,36.8563],[24.7515,36.84],[24.7207,36.8327],[24.7466,36.8058],[24.7564,36.7744],[24.7562,36.7525],[24.7394,36.7182],[24.7163,36.6949],[24.6836,36.6812],[24.6326,36.677],[24.6034,36.6325],[24.5584,36.6092],[24.5111,36.5964],[24.3828,36.5913],[24.3224,36.579],[24.2854,36.5871],[24.2561,36.607],[24.2357,36.6493],[24.2445,36.7479],[24.2884,36.8029],[24.3138,36.8183],[24.3631,36.8246],[24.3864,36.8378],[24.4363,36.8405],[24.4601,36.8779],[24.5007,36.9041],[24.5383,36.9152],[24.6015,36.9144],[24.5803,36.976],[24.5577,37.0032],[24.5541,37.0537],[24.5179,37.0399],[24.4822,37.0394],[24.443,37.0543],[24.4056,37.0532],[24.3738,37.0634],[24.349,37.0824],[24.3349,37.1075],[24.3367,37.1753],[24.3601,37.2239],[24.379,37.2393],[24.3546,37.2382],[24.3206,37.2482],[24.2942,37.268],[24.2797,37.2945],[24.2935,37.3726],[24.2798,37.3961],[24.287,37.4542],[24.2407,37.4651],[24.2117,37.4805],[24.1921,37.5035],[24.1849,37.5307],[24.1939,37.6495],[24.2489,37.7229],[24.2804,37.7441],[24.3129,37.7551],[24.3913,37.7571],[24.4233,37.7472]]],[[[24.7873,37.5336],[24.7285,37.522],[24.6555,37.5297],[24.6113,37.546],[24.5853,37.5658],[24.571,37.5921],[24.5708,37.6208],[24.5846,37.6472],[24.6103,37.6673],[24.6664,37.6914],[24.7092,37.7029],[24.7633,37.7],[24.8035,37.6782],[24.8261,37.6508],[24.83,37.5814],[24.815,37.5539],[24.7873,37.5336]]],[[[24.6295,38.9922],[24.6651,38.9438],[24.6676,38.9158],[24.7261,38.8794],[24.7689,38.8265],[24.7746,38.7777],[24.7657,38.7529],[24.7464,38.7321],[24.7025,38.7064],[24.6737,38.6983],[24.608,38.6996],[24.5898,38.6928],[24.5548,38.6911],[24.5215,38.6997],[24.4948,38.7175],[24.4605,38.7511],[24.4291,38.8064],[24.3742,38.8247],[24.354,38.8454],[24.3445,38.8703],[24.3477,38.9117],[24.3653,38.9393],[24.3707,38.9823],[24.391,39.0145],[24.4222,39.0379],[24.4477,39.0466],[24.5072,39.052],[24.5435,39.0406],[24.6295,38.9922]]],[[[19.8811,39.8929],[20.0155,39.8402],[20.0354,39.8157],[20.0404,39.7701],[20.1725,39.7304],[20.1832,39.7356],[20.183,39.8158],[20.2043,39.8462],[20.2466,39.8713],[20.2261,39.9049],[20.2043,39.9846],[20.2116,40.015],[20.2348,40.0402],[20.3055,40.0616],[20.3426,40.1041],[20.375,40.1228],[20.476,40.1411],[20.5535,40.1382],[20.5711,40.1446],[20.5666,40.1835],[20.5816,40.2182],[20.6022,40.2368],[20.6061,40.2892],[20.6191,40.3163],[20.66,40.3509],[20.6789,40.3825],[20.6756,40.4221],[20.6858,40.4534],[20.7741,40.5247],[20.838,40.5437],[20.8707,40.5431],[20.9277,40.5884],[20.9408,40.6492],[20.8769,40.707],[20.8493,40.7586],[20.8533,40.7869],[20.8718,40.8122],[20.8765,40.8748],[20.8958,40.8985],[20.9256,40.9148],[20.9613,40.9214],[21.0962,40.9255],[21.1882,40.9421],[21.2906,40.9337],[21.3421,40.9661],[21.403,40.9806],[21.5226,40.9718],[21.5736,40.9537],[21.5881,40.9679],[21.6457,40.9935],[21.7031,40.9984],[21.8019,41.081],[21.8106,41.1128],[21.8377,41.1452],[21.8893,41.1752],[21.9984,41.2133],[22.0382,41.2235],[22.08,41.2198],[22.1053,41.2098],[22.143,41.2253],[22.2175,41.2329],[22.422,41.1964],[22.4469,41.1859],[22.5359,41.1929],[22.5644,41.2298],[22.6041,41.2465],[22.6436,41.2499],[22.6482,41.3009],[22.6697,41.3526],[22.7178,41.389],[22.7641,41.4058],[22.8332,41.4128],[23.1164,41.3854],[23.1436,41.4206],[23.1729,41.4398],[23.2633,41.4691],[23.3135,41.4676],[23.3452,41.4558],[23.4173,41.4719],[23.5159,41.4697],[23.5878,41.4497],[23.6393,41.4706],[23.7078,41.4749],[23.7506,41.4994],[23.8149,41.5069],[23.866,41.533],[23.9078,41.5357],[23.9502,41.5244],[23.9569,41.5496],[23.9763,41.5741],[24.0067,41.591],[24.085,41.6078],[24.137,41.6034],[24.1957,41.6281],[24.2388,41.6349],[24.2846,41.6308],[24.3484,41.5931],[24.3924,41.5994],[24.4059,41.6094],[24.4754,41.6288],[24.51,41.6337],[24.5446,41.6289],[24.5953,41.601],[24.6213,41.5717],[24.64,41.5169],[24.6599,41.4972],[24.7221,41.4805],[24.7693,41.4584],[24.8535,41.4724],[24.8981,41.4721],[25.0929,41.4083],[25.142,41.402],[25.2388,41.3489],[25.2768,41.3129],[25.4621,41.3547],[25.4785,41.3685],[25.5208,41.3839],[25.5581,41.3875],[25.6756,41.3779],[25.8107,41.4131],[25.8674,41.4019],[25.9015,41.3843],[25.9383,41.3878],[25.9792,41.4061],[26.0579,41.4219],[26.065,41.4374],[26.0507,41.47],[26.0593,41.5067],[26.0372,41.5387],[26.0341,41.5675],[25.9873,41.5953],[25.9585,41.6394],[25.9521,41.6913],[25.9626,41.7244],[25.9885,41.7549],[26.0829,41.7973],[26.219,41.8223],[26.277,41.8108],[26.3174,41.7842],[26.389,41.7835],[26.5321,41.7343],[26.5564,41.7154],[26.5704,41.6817],[26.607,41.6839],[26.6405,41.6761],[26.668,41.6597],[26.6857,41.637],[26.6978,41.5917],[26.6952,41.5474],[26.732,41.4001],[26.7259,41.3451],[26.7113,41.3137],[26.6899,41.2893],[26.6504,41.2656],[26.6005,41.2577],[26.5584,41.2613],[26.4562,41.2019],[26.4191,41.1906],[26.4347,41.1132],[26.427,41.0897],[26.4615,41.0597],[26.4692,41.035],[26.4513,40.9475],[26.435,40.9215],[26.3593,40.8505],[26.3028,40.8334],[26.2985,40.8178],[26.2739,40.7929],[26.2313,40.765],[26.207,40.7208],[26.1848,40.7007],[26.1232,40.6709],[26.0719,40.6639],[25.9989,40.6751],[25.9703,40.6932],[25.9415,40.752],[25.9189,40.7761],[25.7965,40.7838],[25.7131,40.7812],[25.6131,40.8016],[25.572,40.7935],[25.5429,40.7958],[25.4923,40.8072],[25.4472,40.83],[25.3805,40.8408],[25.3156,40.867],[25.2661,40.8549],[25.2246,40.8599],[25.1338,40.88],[25.0739,40.907],[25.0328,40.8779],[24.9725,40.8688],[24.9334,40.8546],[24.8965,40.8206],[24.8503,40.793],[24.874,40.7624],[24.8811,40.7355],[24.881,40.6879],[24.8677,40.6534],[24.8747,40.6048],[24.857,40.5703],[24.829,40.5506],[24.7297,40.5304],[24.6897,40.5084],[24.6513,40.4989],[24.6112,40.5026],[24.5768,40.5187],[24.5225,40.5597],[24.4733,40.5738],[24.4349,40.603],[24.423,40.6296],[24.419,40.68],[24.432,40.7222],[24.4882,40.796],[24.5401,40.8327],[24.5068,40.8781],[24.4477,40.8712],[24.4281,40.8557],[24.4322,40.8126],[24.4161,40.7877],[24.3888,40.7692],[24.1311,40.6576],[24.0675,40.6495],[24.0057,40.6537],[23.9418,40.6686],[23.8405,40.7096],[23.8115,40.7031],[23.8495,40.6694],[23.8735,40.6336],[23.9235,40.6308],[23.9539,40.616],[24.0006,40.5691],[24.0078,40.5206],[24.0627,40.5096],[24.1033,40.4763],[24.1305,40.4362],[24.2434,40.4047],[24.2646,40.3838],[24.3032,40.3652],[24.3936,40.2739],[24.4503,40.2296],[24.4837,40.1733],[24.4872,40.1451],[24.4762,40.118],[24.4524,40.0962],[24.3826,40.0623],[24.2971,40.0546],[24.239,40.0733],[24.2046,40.1172],[24.1601,40.1471],[24.106,40.2185],[23.9825,40.2442],[23.9004,40.2941],[23.8497,40.2978],[23.8172,40.2863],[23.8415,40.2621],[23.9313,40.2383],[23.9882,40.205],[24.0371,40.188],[24.0821,40.1368],[24.1123,40.008],[24.0779,39.9265],[24.0583,39.9034],[24.0289,39.8876],[23.9172,39.8826],[23.8647,39.8981],[23.8386,39.9185],[23.8203,39.8849],[23.7829,39.8592],[23.7427,39.8458],[23.6883,39.8415],[23.5794,39.8572],[23.4456,39.9016],[23.3642,39.8891],[23.3281,39.8935],[23.297,39.9083],[23.2755,39.9311],[23.267,39.9585],[23.2784,39.9976],[23.2666,40.0248],[23.2229,40.071],[23.2124,40.0984],[23.2284,40.1834],[23.1309,40.2057],[22.9948,40.2587],[22.967,40.2716],[22.9176,40.3157],[22.8566,40.3184],[22.8235,40.3339],[22.8014,40.3584],[22.7958,40.3935],[22.7542,40.4453],[22.7241,40.4296],[22.7507,40.3938],[22.7547,40.3611],[22.7067,40.2805],[22.6761,40.1999],[22.6465,40.151],[22.6808,40.0582],[22.7718,40.014],[22.796,39.9861],[22.8109,39.9234],[22.8825,39.8792],[22.9306,39.8273],[22.9496,39.7897],[22.9612,39.7373],[23.0135,39.6254],[23.1129,39.5842],[23.171,39.5459],[23.1986,39.4992],[23.3358,39.3747],[23.3602,39.3437],[23.3997,39.2637],[23.4551,39.2849],[23.4878,39.2846],[23.5364,39.2668],[23.5899,39.2853],[23.6257,39.2833],[23.6568,39.2717],[23.7191,39.2287],[23.7773,39.207],[23.8613,39.3182],[23.9026,39.3478],[23.9554,39.36],[23.9731,39.3914],[24.0043,39.4197],[24.0435,39.4327],[24.082,39.4341],[24.118,39.4233],[24.1589,39.3978],[24.1818,39.3705],[24.1875,39.3429],[24.1809,39.3048],[24.1516,39.2573],[24.1067,39.2334],[24.0528,39.2271],[23.9716,39.1204],[23.919,39.0858],[23.8634,39.0727],[23.7942,39.0212],[23.7314,39.0061],[23.6771,39.0116],[23.6004,39.0414],[23.5738,39.068],[23.5576,39.1011],[23.5001,39.0667],[23.4685,39.06],[23.4334,39.0629],[23.4671,39.0288],[23.4709,39.0153],[23.5086,38.9859],[23.5397,38.8966],[23.6513,38.8457],[23.6652,38.832],[23.7207,38.8357],[23.7664,38.8254],[23.804,38.8],[23.8274,38.768],[23.8467,38.7609],[23.9387,38.7474],[23.9855,38.7583],[24.0264,38.7503],[24.0774,38.7514],[24.1672,38.7297],[24.2035,38.7141],[24.2291,38.6959],[24.2443,38.6715],[24.2469,38.6445],[24.2371,38.6198],[24.2912,38.581],[24.3207,38.5391],[24.3222,38.512],[24.311,38.4864],[24.2796,38.4585],[24.291,38.4411],[24.3045,38.3634],[24.3406,38.3117],[24.3477,38.2587],[24.392,38.2362],[24.4232,38.2319],[24.4553,38.2169],[24.5715,38.2302],[24.6057,38.2299],[24.6374,38.2197],[24.6621,38.2009],[24.6763,38.1764],[24.6704,38.1054],[24.6856,38.0641],[24.6807,38.0457],[24.7603,38.0708],[24.8217,38.0639],[24.8942,38.0142],[24.9194,37.9781],[24.9921,37.9714],[25.0233,37.9526],[25.0515,37.9156],[25.049,37.8652],[25.0669,37.847],[25.0757,37.8168],[25.0714,37.8002],[25.0815,37.7789],[25.0816,37.7465],[25.1296,37.7237],[25.2108,37.7119],[25.3034,37.6797],[25.3382,37.6326],[25.3479,37.5795],[25.451,37.5564],[25.527,37.5209],[25.5517,37.4853],[25.5538,37.4474],[25.5428,37.4206],[25.5185,37.393],[25.442,37.3533],[25.2841,37.3422],[25.2529,37.3542],[25.2297,37.3747],[25.2178,37.4006],[25.2178,37.4617],[25.156,37.4674],[25.1214,37.4778],[25.0729,37.4966],[25.0149,37.5379],[25.0398,37.4958],[25.055,37.421],[25.0531,37.3883],[25.0392,37.3618],[24.9987,37.3333],[24.8986,37.2927],[24.8602,37.2935],[24.8257,37.3071],[24.8014,37.3309],[24.7717,37.3895],[24.779,37.4438],[24.8085,37.4844],[24.8094,37.533],[24.8273,37.5579],[24.856,37.5753],[24.891,37.5824],[24.9471,37.5782],[24.923,37.5974],[24.901,37.6299],[24.8485,37.6717],[24.8243,37.7099],[24.7227,37.7781],[24.7095,37.8082],[24.6596,37.8227],[24.6383,37.8419],[24.5975,37.9158],[24.5411,37.895],[24.5016,37.8888],[24.4638,37.8906],[24.4222,37.9053],[24.3601,37.9004],[24.3176,37.914],[24.2608,37.9593],[24.2251,38.0194],[24.1638,38.0256],[24.1362,38.0421],[24.1163,38.0753],[24.0959,38.0664],[24.1235,38.0142],[24.1103,37.9642],[24.1531,37.8873],[24.1556,37.8474],[24.1747,37.8112],[24.1769,37.7604],[24.1498,37.6523],[24.0793,37.5897],[24.047,37.5803],[24.0127,37.5812],[23.8879,37.6248],[23.8129,37.737],[23.7626,37.7314],[23.7291,37.7421],[23.6825,37.7849],[23.6442,37.8627],[23.5983,37.8656],[23.5729,37.8416],[23.6298,37.8172],[23.6485,37.793],[23.6539,37.7649],[23.5968,37.6478],[23.5656,37.6273],[23.5312,37.6166],[23.5925,37.5766],[23.61,37.5541],[23.6161,37.5218],[23.6065,37.4914],[23.6159,37.4384],[23.6513,37.4217],[23.6708,37.3982],[23.6775,37.3704],[23.6703,37.3428],[23.6344,37.3069],[23.5752,37.2818],[23.54,37.2567],[23.3992,37.2312],[23.3417,37.2355],[23.3115,37.2509],[23.2859,37.2754],[23.2532,37.2428],[23.2343,37.2008],[23.1931,37.1758],[23.1324,37.1696],[23.0691,37.1914],[23.0131,37.2436],[23.0044,37.2708],[23.0126,37.3031],[22.9881,37.331],[22.9805,37.3917],[22.9353,37.4137],[22.912,37.4551],[22.8516,37.4433],[22.8545,37.4186],[22.8968,37.3807],[22.9442,37.2842],[22.9907,37.2198],[23.0009,37.1853],[23.0366,37.1567],[23.0672,37.1052],[23.0989,37.0044],[23.1056,36.9514],[23.1355,36.892],[23.1675,36.8604],[23.1979,36.8068],[23.2037,36.7792],[23.1959,36.752],[23.1322,36.653],[23.1485,36.6315],[23.2256,36.5853],[23.2414,36.5596],[23.2413,36.526],[23.2833,36.4886],[23.2923,36.4638],[23.2824,36.4144],[23.2469,36.3733],[23.1868,36.3608],[23.1175,36.3642],[23.062,36.3773],[23.0738,36.361],[23.1618,36.3015],[23.1851,36.2666],[23.1928,36.2368],[23.1846,36.2071],[23.1421,36.1716],[23.133,36.1153],[23.1132,36.0926],[23.0792,36.0761],[22.9962,36.0651],[22.9643,36.0682],[22.8764,36.12],[22.8237,36.1849],[22.8276,36.2744],[22.8145,36.3072],[22.8136,36.3494],[22.8556,36.4176],[22.8872,36.4446],[22.9274,36.4591],[22.8884,36.4927],[22.8587,36.5507],[22.7405,36.6306],[22.726,36.6625],[22.7285,36.7039],[22.7178,36.7368],[22.6674,36.7351],[22.6648,36.7194],[22.6391,36.6881],[22.6418,36.6463],[22.6334,36.6201],[22.6037,36.5767],[22.5732,36.5497],[22.6003,36.4601],[22.586,36.3751],[22.541,36.3313],[22.5109,36.3207],[22.4781,36.3196],[22.4471,36.3282],[22.4108,36.3564],[22.3886,36.4062],[22.3604,36.4104],[22.3177,36.4299],[22.2847,36.4639],[22.2654,36.5162],[22.286,36.5755],[22.2799,36.6674],[22.2205,36.7522],[22.2145,36.7829],[22.1802,36.8208],[22.1558,36.8208],[22.121,36.8336],[22.0703,36.8697],[22.0461,36.9155],[22.051,36.9566],[22.0238,36.9453],[22.0145,36.8699],[22.0543,36.8268],[22.0598,36.795],[22.0536,36.7687],[22.036,36.746],[21.9393,36.6705],[21.9081,36.6575],[21.8492,36.6585],[21.8073,36.6313],[21.7713,36.6275],[21.7363,36.6355],[21.6308,36.6908],[21.6122,36.7146],[21.6063,36.7422],[21.6145,36.8085],[21.5993,36.8419],[21.6015,36.9071],[21.5843,36.9231],[21.5697,36.9649],[21.52,37.0117],[21.4993,37.0427],[21.4798,37.1131],[21.4785,37.1671],[21.4941,37.2251],[21.5355,37.2762],[21.603,37.3217],[21.5915,37.3676],[21.5291,37.4628],[21.4902,37.5068],[21.3663,37.5779],[21.3123,37.5658],[21.2538,37.5828],[21.2336,37.6021],[21.208,37.6729],[21.2223,37.7128],[21.2138,37.7359],[21.0641,37.7819],[21.022,37.8312],[21.0195,37.8998],[21.0468,37.9681],[21.0656,37.9943],[21.0963,38.0121],[21.1336,38.0184],[21.1683,38.0144],[21.2007,38.0405],[21.2826,38.1505],[21.2883,38.2449],[21.308,38.2702],[21.3544,38.2894],[21.3435,38.306],[21.3,38.2763],[21.2452,38.2593],[21.2031,38.2342],[21.1668,38.2308],[21.1189,38.2379],[21.074,38.2713],[21.0276,38.2876],[21.0043,38.31],[20.994,38.3378],[21.005,38.3797],[20.9888,38.4199],[20.9893,38.4466],[20.9631,38.4626],[20.9484,38.4856],[20.9075,38.477],[20.8588,38.4824],[20.829,38.498],[20.8083,38.5248],[20.7512,38.5335],[20.7634,38.5035],[20.7851,38.4867],[20.7992,38.4595],[20.7985,38.4389],[20.8383,38.4055],[20.8483,38.3804],[20.8552,38.3305],[20.8493,38.2978],[20.8326,38.2757],[20.8014,38.2582],[20.8832,38.1565],[20.898,38.089],[20.8872,38.0523],[20.8528,38.0106],[20.8121,37.9952],[20.7402,37.9917],[20.7858,37.9639],[20.8109,37.9212],[20.9064,37.893],[20.9651,37.8495],[20.9886,37.8148],[21.0608,37.7717],[21.0844,37.7166],[21.0861,37.6889],[21.0746,37.6628],[21.0515,37.6421],[21.0204,37.6298],[20.9857,37.6277],[20.9388,37.6454],[20.9251,37.617],[20.8997,37.5948],[20.8542,37.5809],[20.7853,37.5834],[20.7517,37.5995],[20.6616,37.6692],[20.5792,37.7577],[20.5465,37.7799],[20.5321,37.8031],[20.5289,37.8289],[20.5296,37.8752],[20.5448,37.9055],[20.6236,37.9822],[20.6483,37.9953],[20.6833,38.001],[20.6269,38.0375],[20.6001,38.0238],[20.5685,38.0183],[20.5365,38.0219],[20.4585,38.0512],[20.4207,38.0857],[20.38,38.0797],[20.3417,38.0864],[20.2732,38.138],[20.2574,38.1628],[20.2478,38.2035],[20.2648,38.2698],[20.303,38.3182],[20.3172,38.3949],[20.339,38.4179],[20.3705,38.4323],[20.4468,38.4325],[20.453,38.5015],[20.4739,38.5254],[20.4596,38.5424],[20.454,38.6048],[20.4713,38.7013],[20.4989,38.7689],[20.5159,38.8061],[20.5734,38.8733],[20.603,38.8951],[20.6535,38.9162],[20.6149,38.9747],[20.616,39.0245],[20.5233,39.0792],[20.4538,39.1476],[20.4086,39.1782],[20.3877,39.2171],[20.3235,39.2235],[20.2539,39.2574],[20.2065,39.307],[20.1967,39.3346],[20.1663,39.3095],[20.2094,39.2898],[20.2762,39.2293],[20.2945,39.1784],[20.2867,39.1506],[20.2657,39.1274],[20.2348,39.1123],[20.1988,39.1076],[20.1449,39.1132],[20.1003,39.1333],[20.048,39.1869],[20.034,39.2241],[20.0358,39.2547],[20.0539,39.282],[20.0777,39.2965],[20.0028,39.3264],[19.9535,39.3367],[19.9187,39.3563],[19.8585,39.3713],[19.8018,39.413],[19.765,39.4703],[19.7499,39.5327],[19.6936,39.5619],[19.6533,39.6082],[19.6188,39.6266],[19.5404,39.7204],[19.5331,39.7472],[19.5394,39.7742],[19.6083,39.8492],[19.6471,39.8638],[19.7706,39.8718],[19.8404,39.896],[19.8811,39.8929]]],[[[25.1312,39.5052],[25.1164,39.4791],[25.0677,39.4255],[25.0345,39.403],[24.9917,39.3949],[24.9532,39.3992],[24.9046,39.4306],[24.8811,39.5217],[24.8953,39.5728],[24.9123,39.5924],[24.9373,39.6174],[24.9803,39.6331],[25.0355,39.6336],[25.0646,39.6234],[25.1254,39.5846],[25.1389,39.5583],[25.1312,39.5052]]],[[[25.2985,40.0604],[25.3594,40.0924],[25.3923,40.0941],[25.4386,40.1077],[25.4739,40.1058],[25.5058,40.0941],[25.5297,40.0741],[25.5422,40.0487],[25.5385,39.9651],[25.522,39.9425],[25.4809,39.9191],[25.4777,39.8967],[25.4472,39.8626],[25.461,39.8348],[25.4616,39.8035],[25.4316,39.7541],[25.4061,39.7307],[25.3704,39.7176],[25.3309,39.717],[25.2584,39.741],[25.2091,39.7315],[25.1749,39.7337],[25.1079,39.7504],[25.0746,39.7683],[25.0113,39.771],[24.981,39.7866],[24.9607,39.81],[24.9536,39.8376],[24.9541,39.8868],[24.9641,39.9153],[24.9397,39.9884],[24.9463,40.0218],[24.9651,40.0446],[24.9936,40.0605],[25.1101,40.0788],[25.1752,40.0727],[25.2288,40.0808],[25.2985,40.0604]]],[[[25.7802,40.4014],[25.7489,40.3719],[25.7136,40.3551],[25.6202,40.3301],[25.5793,40.3265],[25.5203,40.3374],[25.4073,40.3996],[25.3673,40.437],[25.3493,40.4785],[25.3553,40.5074],[25.3759,40.5321],[25.4077,40.5485],[25.5132,40.5827],[25.5785,40.5867],[25.6838,40.5651],[25.728,40.5454],[25.7736,40.5064],[25.7918,40.4637],[25.7802,40.4014]]],[[[27.0012,35.5407],[26.9823,35.5714],[26.9815,35.6087],[26.9959,35.6449],[27.0378,35.6874],[27.0725,35.7513],[27.0683,35.8013],[27.0873,35.8459],[27.1234,35.8694],[27.2029,35.8998],[27.2569,35.8951],[27.2912,35.8766],[27.3177,35.8416],[27.3189,35.8068],[27.3003,35.7659],[27.3071,35.7277],[27.293,35.687],[27.2553,35.6367],[27.3065,35.5682],[27.3071,35.539],[27.3213,35.5151],[27.3239,35.4799],[27.3054,35.4318],[27.2799,35.4115],[27.2506,35.4024],[27.2259,35.3696],[27.1758,35.3396],[27.1426,35.3321],[27.1084,35.3357],[27.075,35.3534],[27.0437,35.3322],[26.9977,35.3246],[26.9175,35.2847],[26.8743,35.2773],[26.8307,35.287],[26.7995,35.3049],[26.7741,35.3325],[26.7608,35.3655],[26.7751,35.4123],[26.8348,35.4728],[26.8864,35.4957],[27.0218,35.5081],[27.0209,35.525],[27.0012,35.5407]]],[[[27.786,36.3441],[27.8366,36.3911],[28.0791,36.4924],[28.1424,36.4987],[28.1716,36.519],[28.207,36.5273],[28.2508,36.5243],[28.2903,36.5037],[28.3153,36.4769],[28.3289,36.4385],[28.32,36.403],[28.3232,36.3568],[28.2584,36.2585],[28.2477,36.2146],[28.2117,36.156],[28.1787,36.1265],[28.1843,36.114],[28.1736,36.0317],[28.1566,36.0078],[28.1297,35.9908],[28.0969,35.9833],[28.0292,35.9951],[28.0049,35.9827],[27.9238,35.8881],[27.8742,35.8525],[27.7954,35.819],[27.7614,35.8197],[27.7302,35.8308],[27.668,35.866],[27.6476,35.8952],[27.6239,35.9467],[27.6269,35.9723],[27.6681,36.0559],[27.6156,36.1114],[27.5989,36.143],[27.5226,36.1401],[27.4917,36.1473],[27.4548,36.167],[27.4379,36.1872],[27.4288,36.2249],[27.4323,36.252],[27.4572,36.2853],[27.4997,36.3088],[27.5706,36.3169],[27.653,36.3083],[27.6798,36.2932],[27.7009,36.2652],[27.7381,36.3193],[27.786,36.3441]]],[[[25.9264,36.3178],[25.9019,36.2936],[25.8671,36.2801],[25.7146,36.2906],[25.671,36.3168],[25.646,36.3555],[25.642,36.3903],[25.6532,36.4165],[25.6759,36.4373],[25.7406,36.4702],[25.8025,36.468],[25.9006,36.4256],[25.9256,36.4077],[25.9407,36.3837],[25.9439,36.3569],[25.9264,36.3178]]],[[[27.0696,36.6473],[27.1191,36.6761],[27.1631,36.6871],[27.2225,36.6814],[27.2639,36.6525],[27.2872,36.6173],[27.2953,36.5907],[27.2806,36.5423],[27.3775,36.5495],[27.42,36.5312],[27.4546,36.4922],[27.5046,36.4665],[27.5251,36.4411],[27.533,36.4144],[27.5251,36.3734],[27.494,36.3365],[27.455,36.3156],[27.4121,36.3074],[27.3486,36.314],[27.3033,36.3411],[27.2556,36.3577],[27.2228,36.3875],[27.2053,36.4377],[27.216,36.4963],[27.176,36.4885],[27.1256,36.4921],[27.0866,36.5056],[27.0559,36.529],[27.04,36.561],[27.0445,36.6094],[27.0696,36.6473]]],[[[26.3312,36.7055],[26.3981,36.7085],[26.4762,36.6806],[26.5209,36.649],[26.5432,36.622],[26.5553,36.5814],[26.5485,36.555],[26.5241,36.5275],[26.4784,36.5072],[26.4356,36.5055],[26.4337,36.4918],[26.4046,36.4582],[26.3795,36.444],[26.326,36.4358],[26.2832,36.4411],[26.2417,36.4594],[26.1919,36.5076],[26.1779,36.5361],[26.1733,36.5762],[26.1859,36.6272],[26.2081,36.6506],[26.24,36.6648],[26.281,36.6675],[26.3006,36.6902],[26.3312,36.7055]]],[[[27.9367,36.6851],[27.966,36.6139],[27.9648,36.5293],[27.9504,36.5003],[27.8999,36.4685],[27.8422,36.4559],[27.7936,36.4617],[27.7649,36.4774],[27.7442,36.5066],[27.7236,36.5101],[27.6935,36.5279],[27.6749,36.554],[27.6712,36.584],[27.6831,36.6126],[27.724,36.6673],[27.7984,36.7077],[27.8494,36.7182],[27.8831,36.7165],[27.9136,36.7049],[27.9367,36.6851]]],[[[26.7946,37.2715],[26.8305,37.2701],[26.9081,37.2422],[26.9321,37.2167],[26.9718,37.1318],[27.0499,37.0995],[27.0692,37.0761],[27.1152,37.0488],[27.1323,37.0108],[27.137,36.9584],[27.2847,36.9799],[27.315,36.9745],[27.3474,36.9549],[27.3934,36.9403],[27.4315,36.9019],[27.4444,36.8746],[27.4428,36.8455],[27.4269,36.8193],[27.3672,36.7858],[27.2506,36.7573],[27.1713,36.6969],[27.1225,36.687],[27.0673,36.6905],[27.0523,36.6456],[27.0279,36.6221],[26.9936,36.6088],[26.938,36.611],[26.9012,36.6244],[26.8686,36.6466],[26.8363,36.6863],[26.8308,36.7554],[26.8413,36.7885],[26.8611,36.8151],[26.9126,36.8431],[26.9535,36.8543],[26.9206,36.8566],[26.8917,36.868],[26.8389,36.9036],[26.8248,36.9277],[26.8224,36.9542],[26.84,37.0044],[26.8111,37.0349],[26.7392,37.084],[26.6882,37.1545],[26.6834,37.1919],[26.6923,37.2151],[26.7218,37.2435],[26.7548,37.2615],[26.7946,37.2715]]],[[[25.8939,37.0467],[25.8616,37.0301],[25.7797,37.0258],[25.7467,37.0383],[25.7024,37.0882],[25.6909,37.1174],[25.6956,37.1479],[25.7157,37.174],[25.7475,37.191],[25.8253,37.2093],[25.86,37.2067],[25.891,37.1938],[25.9134,37.1724],[25.932,37.1073],[25.9161,37.0684],[25.8939,37.0467]]],[[[26.6939,37.3228],[26.6773,37.2952],[26.6575,37.2821],[26.6523,37.2496],[26.6326,37.2246],[26.5916,37.2046],[26.5334,37.2018],[26.5066,37.2117],[26.4724,37.236],[26.444,37.2758],[26.4475,37.3853],[26.4629,37.4147],[26.4927,37.4358],[26.577,37.4462],[26.6178,37.4358],[26.6617,37.4092],[26.6923,37.3633],[26.6939,37.3228]]],[[[26.3549,37.7581],[26.393,37.754],[26.4255,37.7378],[26.4467,37.7124],[26.4527,37.6823],[26.4249,37.6261],[26.3898,37.5891],[26.2689,37.5061],[26.2261,37.4937],[26.1543,37.486],[26.0869,37.451],[25.969,37.4432],[25.9234,37.4576],[25.8999,37.4775],[25.8873,37.503],[25.8821,37.5449],[25.898,37.5797],[25.9982,37.6832],[26.0247,37.6983],[26.0688,37.7098],[26.1943,37.7077],[26.255,37.7445],[26.3549,37.7581]]],[[[27.0571,37.8473],[27.1075,37.8392],[27.1348,37.8231],[27.1527,37.8001],[27.1569,37.7252],[27.1517,37.6934],[27.1285,37.6584],[27.101,37.642],[27.0678,37.6349],[27.0274,37.6375],[26.9598,37.6162],[26.9229,37.586],[26.8781,37.5726],[26.7599,37.5786],[26.7292,37.5921],[26.6936,37.6356],[26.6586,37.6126],[26.6229,37.6068],[26.5921,37.6053],[26.5541,37.6143],[26.5157,37.6453],[26.4937,37.6942],[26.4924,37.7588],[26.5183,37.8021],[26.6114,37.8546],[26.7704,37.8862],[26.859,37.8799],[26.9172,37.8558],[26.9932,37.8682],[27.0273,37.863],[27.0571,37.8473]]],[[[25.8599,38.4057],[25.8164,38.4283],[25.7714,38.4706],[25.7433,38.5217],[25.747,38.5697],[25.7723,38.6202],[25.7974,38.64],[25.8301,38.6509],[26.0078,38.6756],[26.0919,38.6587],[26.1294,38.6391],[26.1682,38.6338],[26.2187,38.6075],[26.2444,38.5769],[26.2549,38.5501],[26.2385,38.494],[26.243,38.442],[26.2311,38.4215],[26.2538,38.2908],[26.2398,38.2628],[26.2031,38.239],[26.1975,38.1971],[26.1806,38.175],[26.1103,38.1425],[26.0759,38.1025],[26.0477,38.0907],[26.0053,38.0848],[25.9735,38.0906],[25.9214,38.1076],[25.8251,38.1698],[25.78,38.2215],[25.7764,38.2656],[25.7925,38.3043],[25.8164,38.3298],[25.8819,38.3594],[25.865,38.3802],[25.8599,38.4057]]],[[[25.7052,38.6149],[25.7138,38.5896],[25.7099,38.5563],[25.6787,38.4924],[25.6538,38.4744],[25.6223,38.4646],[25.5472,38.4641],[25.5145,38.4731],[25.4885,38.4911],[25.4687,38.537],[25.4476,38.5565],[25.4323,38.5874],[25.4391,38.6272],[25.4569,38.6516],[25.4923,38.6715],[25.5889,38.6838],[25.6458,38.6683],[25.7052,38.6149]]],[[[26.0032,39.3667],[26.073,39.3802],[26.0902,39.423],[26.1215,39.4431],[26.1607,39.4509],[26.3404,39.455],[26.3872,39.4482],[26.4192,39.4357],[26.4486,39.4013],[26.5014,39.3612],[26.5103,39.3297],[26.5002,39.2978],[26.5373,39.2755],[26.5744,39.2337],[26.6143,39.2086],[26.6303,39.1696],[26.656,39.1395],[26.6599,39.1121],[26.694,39.083],[26.7047,39.0492],[26.6945,38.9938],[26.6662,38.9639],[26.5843,38.9219],[26.5122,38.9028],[26.4336,38.8957],[26.3016,38.9171],[26.2462,38.942],[26.1275,38.9563],[26.0892,38.9747],[26.0506,39.0134],[25.8523,39.0786],[25.7664,39.131],[25.7484,39.1535],[25.7421,39.187],[25.7512,39.2422],[25.7869,39.3048],[25.8744,39.3608],[25.9241,39.369],[25.9768,39.3548],[26.0032,39.3667]]]]}},{"type":"Feature","properties":{"id":"pl","name_fr":"Pologne","name_en":"Poland","kind":"country","country":"pl","bbox":[14.0052,48.9221,24.2563,54.9102],"margin_m":8000,"source":"Natural Earth 1:10m admin 0 countries v5.1.2, public domain"},"geometry":{"type":"Polygon","coordinates":[[[14.0432,52.9026],[14.0255,52.9537],[14.038,52.9921],[14.0733,53.0175],[14.2425,53.0891],[14.2675,53.1381],[14.2619,53.1988],[14.2958,53.2488],[14.2434,53.4204],[14.1862,53.4938],[14.1777,53.5838],[14.151,53.6263],[14.1414,53.6674],[14.1457,53.7157],[14.188,53.7823],[14.1037,53.835],[14.0587,53.886],[14.0542,53.9139],[14.0682,53.9407],[14.1222,53.9883],[14.1632,54.0048],[14.212,54.0103],[14.2955,53.9926],[14.3648,53.9901],[14.4674,54.0308],[14.7323,54.1003],[14.9705,54.138],[15.2565,54.2082],[15.6241,54.2663],[15.809,54.3155],[15.9934,54.3322],[16.0634,54.346],[16.1313,54.3705],[16.1886,54.4083],[16.379,54.5629],[16.4357,54.5933],[16.5513,54.6283],[16.7461,54.645],[16.8693,54.6678],[16.9828,54.732],[17.3139,54.8196],[17.6837,54.8601],[17.8737,54.8957],[18.1522,54.9102],[18.317,54.9102],[18.3829,54.9009],[18.8157,54.7517],[18.9234,54.677],[18.95,54.6423],[18.959,54.606],[18.9517,54.5787],[18.9272,54.555],[18.8891,54.5384],[18.8307,54.5267],[18.7884,54.5283],[18.7186,54.5551],[18.6762,54.5898],[18.6936,54.5432],[18.6925,54.4825],[18.7617,54.4647],[18.7974,54.4425],[18.9018,54.4227],[18.9456,54.4303],[19.0162,54.4189],[19.3405,54.4471],[19.4583,54.4746],[19.5429,54.5182],[19.6036,54.5285],[19.6482,54.525],[19.7042,54.5079],[20.3587,54.4875],[21.7274,54.445],[22.6818,54.4154],[22.7603,54.4591],[22.8544,54.4721],[22.9479,54.4533],[22.9908,54.4517],[23.0505,54.4321],[23.0763,54.4125],[23.1378,54.3863],[23.1505,54.3716],[23.1891,54.3629],[23.2898,54.3189],[23.3958,54.2909],[23.4773,54.2364],[23.5341,54.2095],[23.5806,54.1548],[23.6183,54.0451],[23.5991,53.983],[23.6082,53.9197],[23.6389,53.8541],[23.6494,53.7984],[23.6761,53.771],[23.686,53.744],[23.6879,53.689],[23.7081,53.6296],[23.7879,53.4824],[23.8554,53.3909],[23.9071,53.2771],[23.9488,53.2244],[23.9996,53.1854],[24.0107,53.1236],[23.9854,53.0771],[24.0178,53.0431],[24.0295,53.0143],[24.0369,52.953],[24.0249,52.9179],[24.0409,52.7456],[24.0249,52.6861],[23.9607,52.6248],[23.8027,52.5556],[23.6156,52.5193],[23.5483,52.4953],[23.4813,52.4613],[23.3015,52.296],[23.4655,52.2559],[23.5389,52.2463],[23.5764,52.2285],[23.604,52.1888],[23.6589,52.1759],[23.7016,52.1479],[23.7516,52.0995],[23.7927,51.9905],[23.7791,51.9602],[23.74,51.9245],[23.7254,51.8475],[23.7429,51.8221],[23.7398,51.7892],[23.6991,51.7355],[23.6691,51.7184],[23.6725,51.6544],[23.6567,51.6097],[23.7148,51.545],[23.7568,51.5217],[23.7741,51.4986],[23.7743,51.4664],[23.8034,51.4325],[23.8125,51.4057],[23.7787,51.3317],[23.8407,51.2546],[23.8978,51.2291],[23.9738,51.172],[23.9882,51.1447],[23.9851,51.1213],[24.0099,51.0898],[24.0258,51.0423],[24.0504,51.0229],[24.0712,50.9818],[24.2254,50.9082],[24.2534,50.8738],[24.2563,50.85],[24.2344,50.8096],[24.2021,50.7831],[24.1515,50.7684],[24.1758,50.7524],[24.1919,50.7276],[24.1904,50.6925],[24.2212,50.6251],[24.2024,50.5896],[24.2203,50.5452],[24.214,50.5167],[24.1762,50.478],[24.1207,50.4484],[24.1068,50.4095],[24.0604,50.3537],[24.0244,50.3384],[23.93,50.3189],[23.7717,50.3177],[23.7367,50.272],[23.6478,50.2091],[23.5124,50.1403],[23.1892,49.9125],[23.0486,49.7882],[23.0116,49.7402],[22.9753,49.7231],[22.9054,49.6468],[22.8515,49.6197],[22.7625,49.5314],[22.782,49.4485],[22.8193,49.4138],[22.8338,49.3739],[22.846,49.2631],[22.8185,49.2002],[22.8559,49.172],[22.9275,49.1392],[22.9568,49.1084],[22.9571,49.0529],[22.9762,49.0072],[22.9654,48.9787],[22.9289,48.9409],[22.8935,48.9266],[22.8527,48.9221],[22.8122,48.9279],[22.7102,48.9695],[22.6299,48.9718],[22.5451,49.0015],[22.3948,49.0169],[22.3581,49.0243],[22.2869,49.0592],[22.1841,49.0712],[22.1447,49.0854],[22.1176,49.1048],[22.0702,49.1206],[22.0204,49.1268],[21.9477,49.153],[21.9182,49.1742],[21.8904,49.2503],[21.8649,49.2712],[21.8158,49.2884],[21.7756,49.278],[21.7295,49.2794],[21.6729,49.3012],[21.6342,49.3337],[21.5777,49.3524],[21.429,49.3379],[21.2901,49.3613],[21.2121,49.3296],[21.1736,49.3276],[21.1365,49.2987],[21.072,49.284],[21.036,49.2537],[20.9796,49.2282],[20.8986,49.2196],[20.8361,49.2344],[20.8057,49.2501],[20.7293,49.2655],[20.6436,49.3243],[20.5811,49.3031],[20.5178,49.301],[20.456,49.3156],[20.3856,49.3101],[20.3384,49.276],[20.2533,49.2647],[20.2107,49.2435],[20.1611,49.1431],[20.0814,49.1042],[20.0412,49.1016],[20.0023,49.1086],[19.9291,49.1395],[19.8699,49.1184],[19.8238,49.1142],[19.7483,49.1206],[19.6946,49.1368],[19.659,49.1636],[19.6406,49.1905],[19.6441,49.2332],[19.6743,49.2739],[19.6778,49.3172],[19.5916,49.3338],[19.5496,49.3508],[19.5222,49.3833],[19.4895,49.3969],[19.4571,49.4231],[19.4258,49.4827],[19.3808,49.462],[19.3183,49.4522],[19.3164,49.4287],[19.2746,49.3737],[19.2442,49.3477],[19.2134,49.3355],[19.138,49.3204],[19.063,49.3261],[18.9904,49.3151],[18.9055,49.3275],[18.8761,49.3444],[18.8575,49.367],[18.849,49.4371],[18.7801,49.4472],[18.7459,49.4662],[18.7262,49.4926],[18.7251,49.5366],[18.6957,49.6006],[18.6289,49.6286],[18.5739,49.6414],[18.5267,49.6719],[18.4626,49.7797],[18.4552,49.8292],[18.3731,49.8533],[18.3286,49.8391],[18.2655,49.838],[18.222,49.8521],[18.169,49.891],[18.1189,49.9133],[18.0383,49.9289],[17.9903,49.9245],[17.9081,49.8999],[17.8527,49.8983],[17.7608,49.9226],[17.6842,49.973],[17.6376,50.0305],[17.5867,50.0408],[17.5451,50.0617],[17.4965,50.1012],[17.472,50.1402],[17.4769,50.1753],[17.405,50.1696],[17.2875,50.1959],[17.2388,50.2312],[17.2281,50.2506],[17.1509,50.2756],[17.1032,50.3093],[17.0921,50.3112],[17.1264,50.2253],[17.1157,50.1872],[17.0847,50.1573],[17.0498,50.1432],[17.0093,50.138],[16.9689,50.1427],[16.9086,50.1219],[16.8713,50.1172],[16.8456,50.0908],[16.7553,50.032],[16.6688,50.0213],[16.6092,50.0292],[16.5672,50.0432],[16.4778,50.0985],[16.4381,50.1687],[16.3587,50.2447],[16.2813,50.2751],[16.2607,50.2943],[16.2368,50.2944],[16.1791,50.315],[16.093,50.3833],[16.0776,50.4234],[16.1103,50.4851],[16.192,50.5276],[16.21,50.5449],[16.2822,50.5646],[16.2741,50.5781],[16.2526,50.5658],[16.2009,50.554],[16.1635,50.5526],[16.1133,50.5632],[16.0448,50.5379],[15.9525,50.5342],[15.9083,50.5491],[15.8786,50.5747],[15.8674,50.602],[15.8167,50.606],[15.7761,50.6197],[15.7272,50.664],[15.6396,50.665],[15.5781,50.6938],[15.4503,50.7222],[15.4184,50.7075],[15.3777,50.7009],[15.3219,50.7069],[15.2822,50.7209],[15.2544,50.7437],[15.2365,50.7888],[15.1913,50.8169],[15.1618,50.8527],[15.1408,50.9098],[15.1054,50.91],[15.0803,50.8231],[15.0528,50.8028],[15.0155,50.7904],[14.8065,50.7866],[14.7642,50.7928],[14.7286,50.8086],[14.705,50.8316],[14.6968,50.8772],[14.7132,50.9142],[14.7627,50.9558],[14.8442,51.0825],[14.8467,51.1125],[14.8682,51.1476],[14.9015,51.2566],[14.8526,51.3107],[14.8332,51.411],[14.6489,51.4661],[14.5969,51.5166],[14.5929,51.5661],[14.6276,51.6182],[14.624,51.6316],[14.5604,51.6706],[14.5362,51.6996],[14.5225,51.738],[14.4888,51.7645],[14.4703,51.7976],[14.4672,51.8187],[14.4908,51.8729],[14.5781,51.9383],[14.5888,52.0157],[14.6171,52.0564],[14.5791,52.0926],[14.5707,52.1313],[14.5845,52.1747],[14.5768,52.2043],[14.519,52.228],[14.471,52.2724],[14.4696,52.2988],[14.4284,52.376],[14.4306,52.4485],[14.4988,52.4957],[14.4935,52.5321],[14.5037,52.5598],[14.3498,52.6344],[14.2994,52.686],[14.1493,52.7545],[14.0621,52.7801],[14.029,52.8047],[14.0052,52.8491],[14.0153,52.8797],[14.0432,52.9026]]]}},{"type":"Feature","properties":{"id":"cz","name_fr":"Tchéquie","name_en":"Czechia","kind":"country","country":"cz","bbox":[11.9639,48.4864,18.9426,51.111],"margin_m":8000,"source":"Natural Earth 1:10m admin 0 countries v5.1.2, public domain"},"geometry":{"type":"Polygon","coordinates":[[[11.9829,50.2778],[11.9639,50.3179],[11.9745,50.3458],[12.0012,50.3688],[12.0399,50.3832],[12.1576,50.3834],[12.2144,50.3703],[12.2773,50.3237],[12.319,50.3662],[12.3664,50.3892],[12.4012,50.4237],[12.4783,50.4577],[12.5421,50.4681],[12.6411,50.4708],[12.6995,50.4992],[12.7945,50.5134],[12.8497,50.5119],[12.8971,50.4979],[12.9124,50.5291],[12.9451,50.5517],[12.9997,50.5675],[13.1047,50.57],[13.153,50.6332],[13.1943,50.6497],[13.2457,50.6535],[13.3039,50.6873],[13.3542,50.6996],[13.4046,50.6961],[13.426,50.735],[13.4979,50.7683],[13.581,50.7828],[13.6805,50.7838],[13.777,50.7961],[13.8044,50.8257],[13.8417,50.8447],[13.9355,50.8723],[14.0107,50.8747],[14.1206,50.9066],[14.159,50.9329],[14.1265,50.9687],[14.1268,50.9972],[14.1821,51.0718],[14.2352,51.1007],[14.3015,51.111],[14.3548,51.1084],[14.4132,51.0929],[14.4805,51.1091],[14.5243,51.104],[14.5617,51.0887],[14.5889,51.0627],[14.6546,51.0291],[14.6889,50.9804],[14.7155,50.9676],[14.7382,50.9413],[14.7438,50.9149],[14.768,50.9252],[14.8755,50.9361],[14.8501,50.9761],[14.8502,51.0096],[14.8745,51.0395],[14.9474,51.0831],[14.9928,51.0922],[15.0402,51.0889],[15.0908,51.0739],[15.1566,51.0831],[15.2076,51.072],[15.2508,51.046],[15.3046,51.0334],[15.3507,51.0068],[15.3803,50.9699],[15.3714,50.9085],[15.4312,50.8718],[15.4792,50.8681],[15.7168,50.8104],[15.7782,50.8158],[15.8487,50.8051],[15.8843,50.7847],[15.9049,50.7559],[15.9575,50.7596],[16.0079,50.7514],[16.067,50.716],[16.1467,50.7139],[16.1954,50.7294],[16.2706,50.7323],[16.3568,50.7177],[16.4139,50.6934],[16.4991,50.6359],[16.5249,50.6075],[16.5385,50.5622],[16.4828,50.48],[16.4027,50.4296],[16.445,50.4012],[16.4592,50.3738],[16.5294,50.3396],[16.616,50.2575],[16.6403,50.2326],[16.6641,50.1787],[16.7447,50.2413],[16.8257,50.2599],[16.844,50.2713],[16.8197,50.297],[16.798,50.3443],[16.7584,50.3871],[16.7532,50.422],[16.7783,50.4677],[16.8695,50.5033],[16.9301,50.5024],[17.1152,50.4672],[17.1634,50.4509],[17.2204,50.4473],[17.2627,50.432],[17.291,50.4069],[17.2959,50.3902],[17.3815,50.3792],[17.4177,50.3633],[17.4434,50.3342],[17.5068,50.34],[17.579,50.3344],[17.5929,50.354],[17.6236,50.3728],[17.6789,50.3866],[17.7302,50.3825],[17.785,50.3634],[17.8265,50.3307],[17.8459,50.2982],[17.8391,50.2601],[17.8595,50.2216],[17.8422,50.1757],[17.8079,50.146],[17.8399,50.1137],[17.8608,50.0614],[17.8782,50.0502],[17.8935,50.0555],[17.9135,50.0903],[17.9458,50.1087],[17.9865,50.1179],[18.0296,50.1165],[18.0944,50.102],[18.1529,50.0774],[18.1887,50.0505],[18.3259,50.0011],[18.4063,49.9998],[18.4914,49.9754],[18.5637,49.9838],[18.617,49.9687],[18.6498,49.949],[18.6744,49.9012],[18.6979,49.8776],[18.7051,49.8524],[18.6823,49.8099],[18.7126,49.765],[18.7619,49.7465],[18.7992,49.7458],[18.8397,49.7335],[18.878,49.711],[18.8933,49.6919],[18.9426,49.563],[18.9422,49.4985],[18.9057,49.456],[18.8733,49.4433],[18.8253,49.4382],[18.7755,49.4141],[18.7108,49.4075],[18.621,49.4155],[18.5932,49.3901],[18.492,49.3317],[18.4832,49.3096],[18.453,49.2856],[18.3644,49.2442],[18.2465,49.2129],[18.2135,49.1576],[18.2037,49.0563],[18.1697,49.0106],[18.0917,48.9638],[17.9977,48.9478],[17.9803,48.9072],[17.9365,48.8702],[17.9043,48.8559],[17.8505,48.8493],[17.8144,48.8172],[17.767,48.7959],[17.5751,48.7461],[17.5183,48.7419],[17.438,48.758],[17.3591,48.7484],[17.2113,48.7919],[17.1245,48.716],[17.0413,48.5711],[17.0151,48.5492],[16.9783,48.5357],[16.9365,48.5325],[16.896,48.54],[16.8283,48.5838],[16.7993,48.6388],[16.6127,48.675],[16.5574,48.7192],[16.5036,48.7288],[16.4482,48.6777],[16.4046,48.6613],[16.3569,48.6553],[16.173,48.6743],[16.0919,48.6711],[16.0421,48.6769],[15.9683,48.6999],[15.779,48.7906],[15.7268,48.783],[15.6562,48.7885],[15.4818,48.8414],[15.4084,48.8777],[15.32,48.9028],[15.2664,48.8813],[15.1902,48.8678],[15.1398,48.8656],[15.0767,48.8811],[15.0525,48.805],[15.0598,48.7768],[15.0394,48.7342],[15.018,48.713],[14.9867,48.698],[14.9294,48.6899],[14.8741,48.6961],[14.8095,48.6481],[14.7929,48.5578],[14.7522,48.5254],[14.7137,48.5089],[14.652,48.5052],[14.609,48.5132],[14.5517,48.5385],[14.4916,48.5419],[14.3652,48.4918],[14.3279,48.4864],[14.2796,48.4901],[14.1921,48.5106],[14.0329,48.5254],[13.9686,48.5475],[13.9149,48.5924],[13.9004,48.6236],[13.9011,48.654],[13.8151,48.6921],[13.7375,48.7165],[13.6989,48.7475],[13.6547,48.8056],[13.5775,48.8313],[13.5278,48.8731],[13.4783,48.8657],[13.435,48.8728],[13.3526,48.9075],[13.2912,48.9553],[13.2746,49.0013],[13.2298,49.0348],[13.1516,49.0454],[13.0855,49.0803],[13.0539,49.1186],[12.8969,49.2542],[12.8407,49.251],[12.7404,49.2649],[12.683,49.2932],[12.6391,49.3468],[12.5731,49.3742],[12.5341,49.4111],[12.5163,49.4644],[12.4746,49.4999],[12.4484,49.5543],[12.4166,49.5739],[12.3891,49.6248],[12.3286,49.6591],[12.2775,49.7218],[12.273,49.749],[12.2846,49.7754],[12.3195,49.8104],[12.346,49.8216],[12.3553,49.8505],[12.385,49.8812],[12.3563,49.9098],[12.3537,49.924],[12.1613,49.9988],[12.1353,50.0373],[12.083,50.0779],[12.0674,50.116],[12.0706,50.1527],[12.0306,50.1698],[11.9817,50.2077],[11.9686,50.2324],[11.9829,50.2778]]]}},{"type":"Feature","properties":{"id":"ad","name_fr":"Andorre","name_en":"Andorra","kind":"country","country":"ad","bbox":[1.3112,42.3581,1.8608,42.7204],"margin_m":8000,"source":"Natural Earth 1:10m admin 0 countries v5.1.2, public domain"},"geometry":{"type":"Polygon","coordinates":[[[1.3113,42.4765],[1.3112,42.5443],[1.329,42.6064],[1.394,42.6894],[1.4292,42.7079],[1.5206,42.7204],[1.5685,42.7189],[1.6388,42.6883],[1.7648,42.6746],[1.7927,42.6595],[1.8454,42.6042],[1.8608,42.5767],[1.8599,42.547],[1.8429,42.52],[1.8043,42.4986],[1.7964,42.4744],[1.7718,42.4479],[1.6772,42.4001],[1.5935,42.3825],[1.5298,42.3581],[1.4351,42.3633],[1.3785,42.3831],[1.3496,42.4085],[1.3258,42.4478],[1.3113,42.4765]]]}}]}
